goalie_id,goalie_name,season,shots_faced,goals_against,xGA,sv_pct,GSAx,GSAx_adj,GOALIE_GAR,GOALIE_WAR,season_label
8471679,Carey Price,2015,2305,158,148.33,0.93,-9.67,30.07,39.83,6.64,2014-15
8471239,Cory Schneider,2015,1979,147,136.18,0.93,-10.82,23.31,31.68,5.28,2014-15
8474651,Braden Holtby,2015,2447,179,157.77,0.93,-21.23,20.96,31.32,5.22,2014-15
8470645,Corey Crawford,2015,2272,173,152.64,0.92,-20.36,18.81,28.43,4.74,2014-15
8470594,Marc Andre Fleury,2015,1968,157,141.84,0.92,-15.16,18.77,27.1,4.52,2014-15
8468685,Henrik Lundqvist,2015,1899,144,128.28,0.92,-15.72,17.02,25.06,4.18,2014-15
8471750,Ben Bishop,2015,2275,186,161.84,0.92,-24.16,15.07,24.7,4.12,2014-15
8473461,Steve Mason,2015,1491,108,99.91,0.93,-8.09,17.61,23.93,3.99,2014-15
8471227,Devan Dubnyk,2015,1876,139,120.61,0.93,-18.39,13.96,21.9,3.65,2014-15
8475663,Eddie Lack,2015,1278,104,94.28,0.92,-9.72,12.31,17.72,2.95,2014-15
8473575,Semyon Varlamov,2015,1777,140,119.16,0.92,-20.84,9.8,17.32,2.89,2014-15
8471715,Ondrej Pavelec,2015,1490,123,108.32,0.92,-14.68,11.01,17.31,2.88,2014-15
8477202,Andrew Hammond,2015,788,49,48.67,0.94,-0.33,13.26,16.59,2.76,2014-15
8475717,Calvin Pickard,2015,511,35,39.02,0.93,4.02,12.83,15.0,2.5,2014-15
8470860,Jaroslav Halak,2015,1878,156,130.23,0.92,-25.77,6.61,14.56,2.43,2014-15
8474550,Antti Niemi,2015,1798,155,129.16,0.91,-25.84,5.16,12.78,2.13,2014-15
8471734,Jonathan Quick,2015,1892,155,126.76,0.92,-28.24,4.39,12.4,2.07,2014-15
8471695,Tuukka Rask,2015,2012,156,125.1,0.92,-30.9,3.78,12.3,2.05,2014-15
8475660,Cam Talbot,2015,1038,77,66.69,0.93,-10.31,7.59,11.99,2.0,2014-15
8466141,Roberto Luongo,2015,1741,138,111.76,0.92,-26.24,3.78,11.15,1.86,2014-15
8474152,Scott Darling,2015,590,38,36.5,0.94,-1.5,8.67,11.17,1.86,2014-15
8473541,Jonathan Bernier,2015,1735,152,125.37,0.91,-26.63,3.28,10.63,1.77,2014-15
8467950,Craig Anderson,2015,1277,91,73.29,0.93,-17.71,4.31,9.72,1.62,2014-15
8473972,Jonas Hiller,2015,1543,127,103.07,0.92,-23.93,2.67,9.2,1.53,2014-15
8477293,Antti Raanta,2015,388,24,23.86,0.94,-0.14,6.54,8.19,1.36,2014-15
8475852,Petr Mrazek,2015,953,77,64.47,0.92,-12.53,3.9,7.94,1.32,2014-15
8471469,Pekka Rinne,2015,2015,158,121.28,0.92,-36.72,-1.98,6.56,1.09,2014-15
8473607,Michal Neuvirth,2015,1073,91,74.41,0.92,-16.59,1.91,6.46,1.08,2014-15
8475683,Sergei Bobrovsky,2015,1625,133,103.22,0.92,-29.78,-1.76,5.12,0.85,2014-15
8476844,Niklas Svedberg,2015,423,34,29.93,0.92,-4.07,3.23,5.02,0.84,2014-15
8476316,Laurent Brossoit,2015,51,2,5.18,0.96,3.18,4.06,4.27,0.71,2014-15
8476883,Andrei Vasilevskiy,2015,473,40,33.97,0.92,-6.03,2.13,4.13,0.69,2014-15
8471403,Karri Ramo,2015,1025,91,72.94,0.91,-18.06,-0.39,3.95,0.66,2014-15
8474596,Jake Allen,2015,1034,91,72.76,0.91,-18.24,-0.41,3.97,0.66,2014-15
8470147,Curtis McElhinney,2015,949,82,65.5,0.91,-16.5,-0.14,3.88,0.65,2014-15
8470880,Brian Elliott,2015,1158,96,74.8,0.92,-21.2,-1.24,3.67,0.61,2014-15
8477084,Mackenzie Skapski,2015,45,1,3.52,0.98,2.52,3.3,3.49,0.58,2014-15
8474636,Michael Hutchinson,2015,970,85,67.58,0.91,-17.42,-0.69,3.41,0.57,2014-15
8473614,Richard Bachman,2015,168,15,13.16,0.91,-1.84,1.05,1.77,0.3,2014-15
8474591,Tom McCollum,2015,25,1,2.18,0.96,1.18,1.61,1.72,0.29,2014-15
8477234,Troy Grosenick,2015,58,3,3.26,0.95,0.26,1.26,1.5,0.25,2014-15
8473499,Reto Berra,2015,386,33,25.76,0.91,-7.24,-0.58,1.05,0.18,2014-15
8471774,Alex Stalock,2015,554,54,43.13,0.9,-10.87,-1.32,1.03,0.17,2014-15
8473503,James Reimer,2015,1001,93,72.38,0.91,-20.62,-3.36,0.88,0.15,2014-15
8476904,Chris Driedger,2015,10,0,0.35,1.0,0.35,0.52,0.57,0.09,2014-15
8476992,Marek Mazanec,2015,47,4,3.52,0.91,-0.48,0.33,0.53,0.09,2014-15
8476434,John Gibson,2015,671,57,43.05,0.92,-13.95,-2.39,0.46,0.08,2014-15
8473553,Jeff Zatkoff,2015,17,1,1.07,0.94,0.07,0.36,0.43,0.07,2014-15
8475839,Louis Domingue,2015,158,14,11.02,0.91,-2.98,-0.26,0.41,0.07,2014-15
8477092,Andrey Makarov,2015,36,3,2.42,0.92,-0.58,0.04,0.19,0.03,2014-15
8474682,Dustin Tokarski,2015,507,46,35.23,0.91,-10.77,-2.02,0.12,0.02,2014-15
8475361,Jonas Gustavsson,2015,168,15,11.41,0.91,-3.59,-0.7,0.02,0.0,2014-15
8475883,Frederik Andersen,2015,1894,161,120.32,0.92,-40.68,-8.03,-0.01,-0.0,2014-15
8474690,Kevin Poulin,2015,26,3,1.91,0.88,-1.09,-0.65,-0.54,-0.09,2014-15
8468011,Ryan Miller,2015,1264,112,84.2,0.91,-27.8,-6.01,-0.65,-0.11,2014-15
8475299,Joni Ortio,2015,153,14,10.06,0.91,-3.94,-1.3,-0.65,-0.11,2014-15
8468540,Dan Ellis,2015,221,19,13.15,0.91,-5.85,-2.04,-1.1,-0.18,2014-15
8474593,Jacob Markstrom,2015,34,4,2.14,0.88,-1.86,-1.27,-1.13,-0.19,2014-15
8474889,Martin Jones,2015,307,29,21.13,0.91,-7.87,-2.58,-1.28,-0.21,2014-15
8467391,Jason LaBarbera,2015,99,9,5.56,0.91,-3.44,-1.73,-1.31,-0.22,2014-15
8476234,Keith Kinkaid,2015,456,40,28.8,0.91,-11.2,-3.34,-1.4,-0.23,2014-15
8475781,Tyler Bunz,2015,12,3,1.13,0.75,-1.87,-1.66,-1.61,-0.27,2014-15
8475831,Philipp Grubauer,2015,46,5,2.26,0.89,-2.74,-1.94,-1.75,-0.29,2014-15
8466339,Scott Clemmensen,2015,54,8,5.04,0.85,-2.96,-2.03,-1.8,-0.3,2014-15
8470657,Jimmy Howard,2015,1362,122,90.78,0.91,-31.22,-7.74,-1.97,-0.33,2014-15
8474202,John Curry,2015,24,4,1.44,0.83,-2.56,-2.15,-2.04,-0.34,2014-15
8475680,Jussi Rynnas,2015,44,7,3.86,0.84,-3.14,-2.38,-2.19,-0.36,2014-15
8470093,Mike McKenna,2015,34,5,1.9,0.85,-3.1,-2.51,-2.37,-0.4,2014-15
8471306,Thomas Greiss,2015,544,49,34.67,0.91,-14.33,-4.95,-2.65,-0.44,2014-15
8476876,Malcolm Subban,2015,6,3,0.2,0.5,-2.8,-2.7,-2.67,-0.44,2014-15
8455710,Martin Brodeur,2015,169,17,10.29,0.9,-6.71,-3.8,-3.08,-0.51,2014-15
8470140,Kari Lehtonen,2015,1873,180,136.44,0.9,-43.56,-11.27,-3.34,-0.56,2014-15
8470320,Cam Ward,2015,1338,120,86.87,0.91,-33.13,-10.07,-4.4,-0.73,2014-15
8476341,Anton Forsberg,2015,149,20,12.2,0.87,-7.8,-5.23,-4.6,-0.77,2014-15
8467972,Rob Zepp,2015,223,25,15.52,0.89,-9.48,-5.63,-4.69,-0.78,2014-15
8460705,Evgeni Nabokov,2015,245,29,18.47,0.88,-10.53,-6.3,-5.27,-0.88,2014-15
8475622,Carter Hutton,2015,450,44,29.05,0.9,-14.95,-7.19,-5.28,-0.88,2014-15
8475252,Matt Hackett,2015,155,18,8.85,0.88,-9.15,-6.47,-5.82,-0.97,2014-15
8471251,Justin Peters,2015,294,35,22.56,0.88,-12.44,-7.37,-6.13,-1.02,2014-15
8471219,Al Montoya,2015,443,47,30.74,0.89,-16.26,-8.62,-6.75,-1.12,2014-15
8475311,Darcy Kuemper,2015,722,67,44.46,0.91,-22.54,-10.09,-7.03,-1.17,2014-15
8471418,Anton Khudobin,2015,863,85,59.23,0.9,-25.77,-10.89,-7.23,-1.2,2014-15
8474765,Anders Lindback,2015,797,73,48.6,0.91,-24.4,-10.66,-7.28,-1.21,2014-15
8469608,Mike Smith,2015,1955,187,136.91,0.9,-50.09,-16.39,-8.11,-1.35,2014-15
8475215,Robin Lehner,2015,775,74,48.59,0.9,-25.41,-12.05,-8.77,-1.46,2014-15
8469548,Ray Emery,2015,758,80,54.07,0.89,-25.93,-12.86,-9.65,-1.61,2014-15
8468524,Ilya Bryzgalov,2015,150,23,9.63,0.85,-13.37,-10.79,-10.15,-1.69,2014-15
8473434,Chad Johnson,2015,488,54,33.19,0.89,-20.81,-12.39,-10.33,-1.72,2014-15
8473523,Jhonas Enroth,2015,1504,145,102.36,0.9,-42.64,-16.71,-10.35,-1.72,2014-15
8476839,Viktor Fasth,2015,681,76,50.44,0.89,-25.56,-13.82,-10.94,-1.82,2014-15
8473404,Niklas Backstrom,2015,452,51,29.18,0.89,-21.82,-14.03,-12.11,-2.02,2014-15
8475681,Ben Scrivens,2015,1542,168,110.99,0.89,-57.01,-30.43,-23.9,-3.98,2014-15
8474651,Braden Holtby,2016,2131,159,148.31,0.93,-10.69,25.13,34.15,5.69,2015-16
8470880,Brian Elliott,2016,1659,120,117.93,0.93,-2.07,25.81,32.84,5.47,2015-16
8466141,Roberto Luongo,2016,2027,156,142.63,0.92,-13.37,20.7,29.28,4.88,2015-16
8471750,Ben Bishop,2016,1965,140,123.92,0.93,-16.08,16.94,25.26,4.21,2015-16
8470645,Corey Crawford,2016,1925,150,134.65,0.92,-15.35,17.0,25.15,4.19,2015-16
8471239,Cory Schneider,2016,1595,122,113.14,0.92,-8.86,17.95,24.7,4.12,2015-16
8473607,Michal Neuvirth,2016,1013,71,68.96,0.93,-2.04,14.99,19.28,3.21,2015-16
8471306,Thomas Greiss,2016,1583,120,105.49,0.92,-14.51,12.1,18.8,3.13,2015-16
8474889,Martin Jones,2016,2414,196,163.44,0.92,-32.56,8.01,18.23,3.04,2015-16
8471734,Jonathan Quick,2016,1951,164,138.95,0.92,-25.05,7.74,16.0,2.67,2015-16
8475852,Petr Mrazek,2016,1522,119,102.77,0.92,-16.23,9.35,15.79,2.63,2015-16
8468685,Henrik Lundqvist,2016,2033,166,138.85,0.92,-27.15,7.02,15.62,2.6,2015-16
8473461,Steve Mason,2016,1683,143,123.2,0.92,-19.8,8.49,15.61,2.6,2015-16
8473503,James Reimer,2016,1136,89,78.07,0.92,-10.93,8.17,12.98,2.16,2015-16
8476945,Connor Hellebuyck,2016,683,56,54.23,0.92,-1.77,9.71,12.6,2.1,2015-16
8471695,Tuukka Rask,2016,1855,155,127.03,0.92,-27.97,3.21,11.06,1.84,2015-16
8476899,Matt Murray,2016,905,67,58.86,0.93,-8.14,7.07,10.9,1.82,2015-16
8474596,Jake Allen,2016,1329,108,90.41,0.92,-17.59,4.74,10.37,1.73,2015-16
8470594,Marc Andre Fleury,2016,1695,135,109.29,0.92,-25.71,2.77,9.95,1.66,2015-16
8470860,Jaroslav Halak,2016,986,80,69.01,0.92,-10.99,5.59,9.76,1.63,2015-16
8475660,Cam Talbot,2016,1637,136,110.57,0.92,-25.43,2.08,9.01,1.5,2015-16
8473434,Chad Johnson,2016,1271,102,83.95,0.92,-18.05,3.31,8.69,1.45,2015-16
8475883,Frederik Andersen,2016,1217,95,77.11,0.92,-17.89,2.57,7.72,1.29,2015-16
8473575,Semyon Varlamov,2016,1714,148,119.2,0.91,-28.8,0.01,7.26,1.21,2015-16
8468011,Ryan Miller,2016,1634,136,108.41,0.92,-27.59,-0.13,6.79,1.13,2015-16
8477202,Andrew Hammond,2016,711,61,52.37,0.91,-8.63,3.32,6.33,1.06,2015-16
8477293,Antti Raanta,2016,568,47,41.43,0.92,-5.57,3.98,6.38,1.06,2015-16
8476914,Joonas Korpisalo,2016,969,78,63.87,0.92,-14.13,2.15,6.26,1.04,2015-16
8473523,Jhonas Enroth,2016,399,31,28.4,0.92,-2.6,4.11,5.8,0.97,2015-16
8467950,Craig Anderson,2016,1915,161,126.23,0.92,-34.77,-2.58,5.52,0.92,2015-16
8474593,Jacob Markstrom,2016,991,84,68.59,0.92,-15.41,1.24,5.44,0.91,2015-16
8471679,Carey Price,2016,366,24,21.49,0.93,-2.51,3.64,5.19,0.87,2015-16
8471715,Ondrej Pavelec,2016,917,88,73.39,0.9,-14.61,0.8,4.68,0.78,2015-16
8475717,Calvin Pickard,2016,536,42,35.41,0.92,-6.59,2.42,4.69,0.78,2015-16
8475809,Scott Wedgewood,2016,116,5,7.05,0.96,2.05,4.0,4.5,0.75,2015-16
8471219,Al Montoya,2016,608,49,40.1,0.92,-8.9,1.32,3.89,0.65,2015-16
8475831,Philipp Grubauer,2016,522,43,35.02,0.92,-7.98,0.79,3.0,0.5,2015-16
8473499,Reto Berra,2016,374,29,23.71,0.92,-5.29,1.0,2.58,0.43,2015-16
8474152,Scott Darling,2016,781,67,52.71,0.91,-14.29,-1.17,2.14,0.36,2015-16
8471418,Anton Khudobin,2016,175,16,14.2,0.91,-1.8,1.14,1.88,0.31,2015-16
8475215,Robin Lehner,2016,623,46,34.75,0.93,-11.25,-0.78,1.86,0.31,2015-16
8477356,Kristers Gudlevskis,2016,32,1,1.57,0.97,0.57,1.11,1.24,0.21,2015-16
8476904,Chris Driedger,2016,11,0,0.94,1.0,0.94,1.13,1.18,0.2,2015-16
8475311,Darcy Kuemper,2016,507,43,32.91,0.92,-10.09,-1.57,0.58,0.1,2015-16
8469608,Mike Smith,2016,921,77,58.15,0.92,-18.85,-3.38,0.52,0.09,2015-16
8479292,Charlie Lindgren,2016,27,2,1.87,0.93,-0.13,0.32,0.44,0.07,2015-16
8473553,Jeff Zatkoff,2016,471,39,29.3,0.92,-9.7,-1.79,0.21,0.03,2015-16
8476883,Andrei Vasilevskiy,2016,913,78,58.99,0.91,-19.01,-3.66,0.2,0.03,2015-16
8476341,Anton Forsberg,2016,97,9,7.0,0.91,-2.0,-0.37,0.04,0.01,2015-16
8468038,Michael Leighton,2016,17,1,0.66,0.94,-0.34,-0.06,0.01,0.0,2015-16
8475361,Jonas Gustavsson,2016,625,57,43.87,0.91,-13.13,-2.63,0.02,0.0,2015-16
8473614,Richard Bachman,2016,31,3,1.78,0.9,-1.22,-0.7,-0.57,-0.09,2015-16
8477831,Pheonix Copley,2016,6,1,0.29,0.83,-0.71,-0.61,-0.58,-0.1,2015-16
8476412,Jordan Binnington,2016,4,1,0.27,0.75,-0.73,-0.66,-0.64,-0.11,2015-16
8477914,Roman Will,2016,3,1,0.2,0.67,-0.8,-0.75,-0.74,-0.12,2015-16
8475622,Carter Hutton,2016,466,39,28.43,0.92,-10.57,-2.74,-0.76,-0.13,2015-16
8476434,John Gibson,2016,1052,85,61.8,0.92,-23.2,-5.52,-1.06,-0.18,2015-16
8475683,Sergei Bobrovsky,2016,1048,97,73.83,0.91,-23.17,-5.56,-1.12,-0.19,2015-16
8471227,Devan Dubnyk,2016,1988,170,126.7,0.91,-43.3,-9.89,-1.47,-0.24,2015-16
8469514,Peter Budaj,2016,28,4,1.87,0.86,-2.13,-1.66,-1.54,-0.26,2015-16
8477424,Juuse Saros,2016,23,3,0.94,0.87,-2.06,-1.67,-1.58,-0.26,2015-16
8470320,Cam Ward,2016,1342,121,91.1,0.91,-29.9,-7.34,-1.66,-0.28,2015-16
8475839,Louis Domingue,2016,1141,100,74.32,0.91,-25.68,-6.5,-1.67,-0.28,2015-16
8471403,Karri Ramo,2016,1031,91,67.56,0.91,-23.44,-6.11,-1.75,-0.29,2015-16
8471186,Yann Danis,2016,18,4,1.57,0.78,-2.43,-2.13,-2.05,-0.34,2015-16
8476309,Jason Kasdorf,2016,30,4,1.34,0.87,-2.66,-2.16,-2.03,-0.34,2015-16
8478999,Niklas Treutle,2016,20,5,2.49,0.75,-2.51,-2.17,-2.09,-0.35,2015-16
8475681,Ben Scrivens,2016,447,42,30.38,0.91,-11.62,-4.1,-2.21,-0.37,2015-16
8473541,Jonathan Bernier,2016,1114,103,77.23,0.91,-25.77,-7.04,-2.33,-0.39,2015-16
8476999,Linus Ullmark,2016,565,49,34.49,0.91,-14.51,-5.01,-2.62,-0.44,2015-16
8474636,Michael Hutchinson,2016,806,75,55.04,0.91,-19.96,-6.42,-3.0,-0.5,2015-16
8470147,Curtis McElhinney,2016,417,46,34.09,0.89,-11.91,-4.9,-3.14,-0.52,2015-16
8473404,Niklas Backstrom,2016,109,13,7.57,0.88,-5.43,-3.6,-3.14,-0.52,2015-16
8476444,Christopher Gibson,2016,93,11,5.46,0.88,-5.54,-3.98,-3.59,-0.6,2015-16
8474682,Dustin Tokarski,2016,98,12,6.0,0.88,-6.0,-4.36,-3.94,-0.66,2015-16
8475299,Joni Ortio,2016,565,55,39.04,0.9,-15.96,-6.47,-4.07,-0.68,2015-16
8470657,Jimmy Howard,2016,1043,99,72.76,0.91,-26.24,-8.72,-4.3,-0.72,2015-16
8476234,Keith Kinkaid,2016,605,58,40.28,0.9,-17.72,-7.55,-4.99,-0.83,2015-16
8476316,Laurent Brossoit,2016,142,18,10.04,0.87,-7.96,-5.58,-4.98,-0.83,2015-16
8475195,Anders Nilsson,2016,789,78,56.21,0.9,-21.79,-8.53,-5.19,-0.87,2015-16
8476343,Garret Sparks,2016,456,49,33.86,0.89,-15.14,-7.48,-5.54,-0.92,2015-16
8474550,Antti Niemi,2016,1326,129,95.21,0.9,-33.79,-11.5,-5.89,-0.98,2015-16
8475663,Eddie Lack,2016,909,90,64.95,0.9,-25.05,-9.77,-5.92,-0.99,2015-16
8471774,Alex Stalock,2016,284,32,19.83,0.89,-12.17,-7.39,-6.19,-1.03,2015-16
8470140,Kari Lehtonen,2016,1378,131,93.67,0.9,-37.33,-14.17,-8.34,-1.39,2015-16
8474765,Anders Lindback,2016,442,47,28.83,0.89,-18.17,-10.74,-8.87,-1.48,2015-16
8477237,Mike Condon,2016,1457,140,99.96,0.9,-40.04,-15.55,-9.38,-1.56,2015-16
8473972,Jonas Hiller,2016,654,79,49.8,0.88,-29.2,-18.21,-15.44,-2.57,2015-16
8471469,Pekka Rinne,2016,2148,199,135.35,0.91,-63.65,-27.55,-18.45,-3.08,2015-16
8475660,Cam Talbot,2017,2544,204,185.07,0.92,-18.93,24.22,34.99,5.83,2016-17
8475683,Sergei Bobrovsky,2017,2024,147,138.18,0.93,-8.82,25.51,34.08,5.68,2016-17
8474651,Braden Holtby,2017,2055,159,147.96,0.92,-11.04,23.82,32.52,5.42,2016-17
8476899,Matt Murray,2017,1753,130,122.29,0.93,-7.71,22.03,29.45,4.91,2016-17
8475883,Frederik Andersen,2017,2262,186,161.47,0.92,-24.53,13.83,23.41,3.9,2016-17
8476434,John Gibson,2017,1904,147,129.7,0.92,-17.3,14.99,23.05,3.84,2016-17
8471679,Carey Price,2017,1973,150,129.71,0.92,-20.29,13.17,21.53,3.59,2016-17
8469608,Mike Smith,2017,1819,155,134.24,0.91,-20.76,10.09,17.79,2.96,2016-17
8467950,Craig Anderson,2017,1837,137,114.22,0.93,-22.78,8.38,16.16,2.69,2016-17
8470645,Corey Crawford,2017,1814,150,126.7,0.92,-23.3,7.46,15.14,2.52,2016-17
8471469,Pekka Rinne,2017,2340,186,150.95,0.92,-35.05,4.64,14.55,2.43,2016-17
8475195,Anders Nilsson,2017,857,65,60.76,0.92,-4.24,10.3,13.93,2.32,2016-17
8470594,Marc Andre Fleury,2017,1671,143,121.12,0.91,-21.88,6.46,13.53,2.26,2016-17
8474152,Scott Darling,2017,877,67,60.66,0.92,-6.34,8.54,12.25,2.04,2016-17
8477180,Aaron Dell,2017,533,37,37.62,0.93,0.62,9.66,11.92,1.99,2016-17
8474889,Martin Jones,2017,1894,162,132.86,0.91,-29.14,2.98,11.0,1.83,2016-17
8476883,Andrei Vasilevskiy,2017,1480,122,101.15,0.92,-20.85,4.25,10.52,1.75,2016-17
8475831,Philipp Grubauer,2017,594,45,42.88,0.92,-2.12,7.95,10.47,1.74,2016-17
8476234,Keith Kinkaid,2017,779,65,58.9,0.92,-6.1,7.12,10.41,1.74,2016-17
8466141,Roberto Luongo,2017,1217,103,87.55,0.92,-15.45,5.2,10.35,1.72,2016-17
8475215,Robin Lehner,2017,1911,152,121.1,0.92,-30.9,1.51,9.6,1.6,2016-17
8477293,Antti Raanta,2017,783,61,53.85,0.92,-7.15,6.13,9.45,1.58,2016-17
8473503,James Reimer,2017,1222,98,81.25,0.92,-16.75,3.98,9.15,1.52,2016-17
8470657,Jimmy Howard,2017,674,49,42.99,0.93,-6.01,5.42,8.27,1.38,2016-17
8470140,Kari Lehtonen,2017,1547,150,125.44,0.9,-24.56,1.68,8.23,1.37,2016-17
8473434,Chad Johnson,2017,989,88,74.67,0.91,-13.33,3.44,7.63,1.27,2016-17
8471227,Devan Dubnyk,2017,1971,151,116.57,0.92,-34.43,-1.0,7.35,1.22,2016-17
8469514,Peter Budaj,2017,1414,120,97.22,0.92,-22.78,1.21,7.19,1.2,2016-17
8470147,Curtis McElhinney,2017,618,51,44.55,0.92,-6.45,4.03,6.65,1.11,2016-17
8474596,Jake Allen,2017,1957,160,125.03,0.92,-34.97,-1.77,6.51,1.08,2016-17
8468011,Ryan Miller,2017,1736,150,119.31,0.91,-30.69,-1.25,6.1,1.02,2016-17
8471734,Jonathan Quick,2017,421,35,32.14,0.92,-2.86,4.28,6.06,1.01,2016-17
8471306,Thomas Greiss,2017,1454,125,100.0,0.91,-25.0,-0.34,5.82,0.97,2016-17
8477424,Juuse Saros,2017,631,50,42.15,0.92,-7.85,2.85,5.52,0.92,2016-17
8470860,Jaroslav Halak,2017,885,75,61.06,0.92,-13.94,1.07,4.82,0.8,2016-17
8474593,Jacob Markstrom,2017,693,62,52.02,0.91,-9.98,1.77,4.7,0.78,2016-17
8471239,Cory Schneider,2017,1778,160,126.95,0.91,-33.05,-2.89,4.64,0.77,2016-17
8476932,Anthony Stolarz,2017,181,13,12.86,0.93,-0.14,2.93,3.69,0.62,2016-17
8468685,Henrik Lundqvist,2017,2044,177,136.76,0.91,-40.24,-5.57,3.09,0.52,2016-17
8473614,Richard Bachman,2017,162,13,11.49,0.92,-1.51,1.24,1.93,0.32,2016-17
8475622,Carter Hutton,2017,663,58,45.85,0.91,-12.15,-0.91,1.9,0.32,2016-17
8471695,Tuukka Rask,2017,1793,152,115.85,0.92,-36.15,-5.74,1.85,0.31,2016-17
8476316,Laurent Brossoit,2017,162,13,11.43,0.92,-1.57,1.18,1.86,0.31,2016-17
8479292,Charlie Lindgren,2017,59,3,3.61,0.95,0.61,1.61,1.86,0.31,2016-17
8471750,Ben Bishop,2017,1039,94,73.41,0.91,-20.59,-2.96,1.44,0.24,2016-17
8471774,Alex Stalock,2017,54,3,3.3,0.94,0.3,1.21,1.44,0.24,2016-17
8476903,Jon Gillies,2017,28,1,1.8,0.96,0.8,1.27,1.39,0.23,2016-17
8477968,Alex Nedeljkovic,2017,17,0,0.82,1.0,0.82,1.1,1.18,0.2,2016-17
8470880,Brian Elliott,2017,1430,132,102.82,0.91,-29.18,-4.93,1.13,0.19,2016-17
8477312,Antoine Bibeau,2017,55,4,3.97,0.93,-0.03,0.91,1.14,0.19,2016-17
8476999,Linus Ullmark,2017,36,3,3.31,0.92,0.31,0.92,1.08,0.18,2016-17
8476433,Magnus Hellberg,2017,28,2,2.04,0.93,0.04,0.52,0.63,0.1,2016-17
8475789,Jack Campbell,2017,5,0,0.35,1.0,0.35,0.44,0.46,0.08,2016-17
8474682,Dustin Tokarski,2017,5,0,0.17,1.0,0.17,0.25,0.27,0.05,2016-17
8477356,Kristers Gudlevskis,2017,3,0,0.14,1.0,0.14,0.19,0.2,0.03,2016-17
8476986,Marek Langhamer,2017,8,1,0.86,0.88,-0.14,-0.0,0.03,0.0,2016-17
8479496,David Rittich,2017,10,1,0.71,0.9,-0.29,-0.12,-0.08,-0.01,2016-17
8477480,Eric Comrie,2017,39,4,3.0,0.9,-1.0,-0.34,-0.18,-0.03,2016-17
8471219,Al Montoya,2017,569,50,37.38,0.91,-12.62,-2.97,-0.56,-0.09,2016-17
8477237,Mike Condon,2017,1154,100,74.82,0.91,-25.18,-5.61,-0.72,-0.12,2016-17
8471418,Anton Khudobin,2017,402,38,28.49,0.91,-9.51,-2.69,-0.99,-0.16,2016-17
8477465,Tristan Jarry,2017,25,3,1.43,0.88,-1.57,-1.15,-1.04,-0.17,2016-17
8471251,Justin Peters,2017,70,7,4.44,0.9,-2.56,-1.37,-1.07,-0.18,2016-17
8476876,Malcolm Subban,2017,16,3,1.36,0.81,-1.64,-1.37,-1.3,-0.22,2016-17
8477831,Pheonix Copley,2017,29,5,2.96,0.83,-2.04,-1.55,-1.43,-0.24,2016-17
8473461,Steve Mason,2017,1558,143,108.3,0.91,-34.7,-8.27,-1.68,-0.28,2016-17
8475663,Eddie Lack,2017,492,48,35.83,0.9,-12.17,-3.83,-1.75,-0.29,2016-17
8476341,Anton Forsberg,2017,27,4,1.7,0.85,-2.3,-1.84,-1.73,-0.29,2016-17
8476914,Joonas Korpisalo,2017,401,38,27.65,0.91,-10.35,-3.55,-1.85,-0.31,2016-17
8471715,Ondrej Pavelec,2017,232,25,17.48,0.89,-7.52,-3.58,-2.6,-0.43,2016-17
8476904,Chris Driedger,2017,15,4,0.98,0.73,-3.02,-2.76,-2.7,-0.45,2016-17
8468038,Michael Leighton,2017,92,12,6.95,0.87,-5.05,-3.49,-3.1,-0.52,2016-17
8475839,Louis Domingue,2017,888,81,59.08,0.91,-21.92,-6.86,-3.1,-0.52,2016-17
8473499,Reto Berra,2017,145,18,11.5,0.88,-6.5,-4.04,-3.43,-0.57,2016-17
8473523,Jhonas Enroth,2017,141,18,11.48,0.87,-6.52,-4.13,-3.53,-0.59,2016-17
8473541,Jonathan Bernier,2017,1061,93,66.5,0.91,-26.5,-8.51,-4.02,-0.67,2016-17
8477484,Spencer Martin,2017,96,13,6.33,0.86,-6.67,-5.04,-4.64,-0.77,2016-17
8477202,Andrew Hammond,2017,81,13,6.36,0.84,-6.64,-5.26,-4.92,-0.82,2016-17
8475361,Jonas Gustavsson,2017,139,17,9.02,0.88,-7.98,-5.62,-5.03,-0.84,2016-17
8474636,Michael Hutchinson,2017,691,67,47.16,0.9,-19.84,-8.12,-5.2,-0.87,2016-17
8474092,Jeremy Smith,2017,286,32,20.19,0.89,-11.81,-6.96,-5.75,-0.96,2016-17
8476992,Marek Mazanec,2017,88,14,6.23,0.84,-7.77,-6.28,-5.91,-0.98,2016-17
8476945,Connor Hellebuyck,2017,1574,146,106.5,0.91,-39.5,-12.8,-6.14,-1.02,2016-17
8473575,Semyon Varlamov,2017,745,76,52.24,0.9,-23.76,-11.13,-7.97,-1.33,2016-17
8475876,Zane McIntyre,2017,155,22,10.75,0.86,-11.25,-8.62,-7.97,-1.33,2016-17
8474550,Antti Niemi,2017,880,95,68.19,0.89,-26.81,-11.89,-8.16,-1.36,2016-17
8477225,Jared Coreau,2017,359,41,24.89,0.89,-16.11,-10.02,-8.5,-1.42,2016-17
8473553,Jeff Zatkoff,2017,223,27,13.59,0.88,-13.41,-9.63,-8.68,-1.45,2016-17
8475311,Darcy Kuemper,2017,562,55,33.29,0.9,-21.71,-12.18,-9.8,-1.63,2016-17
8473607,Michal Neuvirth,2017,587,64,40.79,0.89,-23.21,-13.25,-10.77,-1.8,2016-17
8475852,Petr Mrazek,2017,1463,145,101.44,0.9,-43.56,-18.74,-12.55,-2.09,2016-17
8470320,Cam Ward,2017,1711,162,112.66,0.91,-49.34,-20.32,-13.07,-2.18,2016-17
8475717,Calvin Pickard,2017,1449,140,94.94,0.9,-45.06,-20.48,-14.35,-2.39,2016-17
8471469,Pekka Rinne,2018,2203,169,148.84,0.92,-20.16,24.29,33.62,5.6,2017-18
8470594,Marc Andre Fleury,2018,2007,146,130.12,0.93,-15.88,24.62,33.12,5.52,2017-18
8471734,Jonathan Quick,2018,1995,152,136.26,0.92,-15.74,24.52,32.97,5.5,2017-18
8476883,Andrei Vasilevskiy,2018,2600,210,178.21,0.92,-31.79,20.67,31.68,5.28,2017-18
8477293,Antti Raanta,2018,1388,97,94.11,0.93,-2.89,25.12,30.99,5.16,2017-18
8466141,Roberto Luongo,2018,1143,81,80.38,0.93,-0.62,22.45,27.29,4.55,2017-18
8476434,John Gibson,2018,1991,152,130.67,0.92,-21.33,18.85,27.28,4.55,2017-18
8475683,Sergei Bobrovsky,2018,2214,180,152.85,0.92,-27.15,17.53,26.91,4.49,2017-18
8476945,Connor Hellebuyck,2018,2559,196,157.68,0.92,-38.32,13.32,24.16,4.03,2017-18
8469608,Mike Smith,2018,1687,141,122.04,0.92,-18.96,15.08,22.22,3.7,2017-18
8475883,Frederik Andersen,2018,2436,205,167.08,0.92,-37.92,11.23,21.55,3.59,2017-18
8475622,Carter Hutton,2018,809,55,53.78,0.93,-1.22,15.1,18.53,3.09,2017-18
8475831,Philipp Grubauer,2018,1002,81,74.9,0.92,-6.1,14.12,18.36,3.06,2017-18
8471695,Tuukka Rask,2018,1853,157,128.83,0.92,-28.17,9.22,17.07,2.84,2017-18
8470645,Corey Crawford,2018,842,60,55.33,0.93,-4.67,12.32,15.89,2.65,2017-18
8477424,Juuse Saros,2018,851,63,57.74,0.93,-5.26,11.91,15.51,2.58,2017-18
8474889,Martin Jones,2018,1996,167,133.64,0.92,-33.36,6.92,15.37,2.56,2017-18
8473575,Semyon Varlamov,2018,1596,128,102.82,0.92,-25.18,7.03,13.79,2.3,2017-18
8473503,James Reimer,2018,1370,118,96.87,0.91,-21.13,6.52,12.32,2.05,2017-18
8468011,Ryan Miller,2018,752,56,48.89,0.93,-7.11,8.07,11.25,1.88,2017-18
8474651,Braden Holtby,2018,2287,203,157.77,0.91,-45.23,0.93,10.61,1.77,2017-18
8471750,Ben Bishop,2018,1437,120,94.94,0.92,-25.06,3.94,10.02,1.67,2017-18
8470147,Curtis McElhinney,2018,551,39,35.27,0.93,-3.73,7.39,9.72,1.62,2017-18
8474593,Jacob Markstrom,2018,1747,152,118.99,0.91,-33.01,2.24,9.64,1.61,2017-18
8475311,Darcy Kuemper,2018,832,67,55.8,0.92,-11.2,5.59,9.12,1.52,2017-18
8468685,Henrik Lundqvist,2018,2033,172,131.45,0.92,-40.55,0.47,9.08,1.51,2017-18
8471239,Cory Schneider,2018,1346,120,95.67,0.91,-24.33,2.84,8.54,1.42,2017-18
8471418,Anton Khudobin,2018,884,76,62.78,0.91,-13.22,4.62,8.36,1.39,2017-18
8479193,Casey Desmith,2018,355,28,26.49,0.92,-1.51,5.66,7.16,1.19,2017-18
8475660,Cam Talbot,2018,2037,187,143.81,0.91,-43.19,-2.08,6.54,1.09,2017-18
8474550,Antti Niemi,2018,708,63,51.3,0.91,-11.7,2.59,5.59,0.93,2017-18
8476876,Malcolm Subban,2018,614,55,45.6,0.91,-9.4,2.99,5.59,0.93,2017-18
8477180,Aaron Dell,2018,803,69,54.66,0.91,-14.34,1.86,5.26,0.88,2017-18
8480382,Alexandar Georgiev,2018,330,27,22.72,0.92,-4.28,2.38,3.77,0.63,2017-18
8476861,Oscar Dansk,2018,93,5,6.39,0.95,1.39,3.27,3.66,0.61,2017-18
8477202,Andrew Hammond,2018,123,8,8.4,0.94,0.4,2.88,3.4,0.57,2017-18
8479292,Charlie Lindgren,2018,457,42,33.82,0.91,-8.18,1.04,2.98,0.5,2017-18
8478965,Ken Appleby,2018,55,3,3.97,0.95,0.97,2.08,2.32,0.39,2017-18
8470880,Brian Elliott,2018,1323,125,94.5,0.91,-30.5,-3.81,1.79,0.3,2017-18
8476999,Linus Ullmark,2018,123,8,6.82,0.94,-1.18,1.31,1.83,0.3,2017-18
8473499,Reto Berra,2018,95,7,6.3,0.93,-0.7,1.21,1.62,0.27,2017-18
8476330,Adam Wilcox,2018,14,0,0.87,1.0,0.87,1.16,1.22,0.2,2017-18
8476341,Anton Forsberg,2018,920,85,63.63,0.91,-21.37,-2.8,1.1,0.18,2017-18
8476899,Matt Murray,2018,1606,151,112.56,0.91,-38.44,-6.04,0.76,0.13,2017-18
8471715,Ondrej Pavelec,2018,510,46,34.21,0.91,-11.79,-1.5,0.66,0.11,2017-18
8473607,Michal Neuvirth,2018,603,56,41.95,0.91,-14.05,-1.89,0.67,0.11,2017-18
8476986,Marek Langhamer,2018,10,0,0.35,1.0,0.35,0.55,0.59,0.1,2017-18
8479138,Scott Foster,2018,7,0,0.2,1.0,0.2,0.35,0.38,0.06,2017-18
8473461,Steve Mason,2018,399,37,27.41,0.91,-9.59,-1.53,0.15,0.02,2017-18
8477465,Tristan Jarry,2018,688,63,46.24,0.91,-16.76,-2.88,0.04,0.01,2017-18
8477990,Brandon Halverson,2018,6,1,0.83,0.83,-0.17,-0.05,-0.03,-0.0,2017-18
8474636,Michael Hutchinson,2018,75,7,5.02,0.91,-1.98,-0.47,-0.15,-0.02,2017-18
8479312,Alex Lyon,2018,232,21,15.23,0.91,-5.77,-1.09,-0.11,-0.02,2017-18
8476234,Keith Kinkaid,2018,1258,114,82.99,0.91,-31.01,-5.62,-0.3,-0.05,2017-18
8478499,Adin Hill,2018,130,14,10.42,0.89,-3.58,-0.95,-0.4,-0.07,2017-18
8476444,Christopher Gibson,2018,284,26,18.6,0.91,-7.4,-1.67,-0.46,-0.08,2017-18
8475789,Jack Campbell,2018,145,11,6.94,0.92,-4.06,-1.14,-0.52,-0.09,2017-18
8477967,Thatcher Demko,2018,30,4,2.6,0.87,-1.4,-0.79,-0.66,-0.11,2017-18
8480263,Dylan Ferguson,2018,2,1,0.22,0.5,-0.78,-0.74,-0.73,-0.12,2017-18
8470093,Mike McKenna,2018,50,5,3.02,0.9,-1.98,-0.97,-0.76,-0.13,2017-18
8474667,Harri Sateri,2018,271,24,16.6,0.91,-7.4,-1.93,-0.78,-0.13,2017-18
8470140,Kari Lehtonen,2018,946,83,59.01,0.91,-23.99,-4.9,-0.89,-0.15,2017-18
8471301,Jeff Glass,2018,451,45,33.11,0.9,-11.89,-2.79,-0.88,-0.15,2017-18
8471433,Daniel Taylor,2018,34,4,2.27,0.88,-1.73,-1.05,-0.9,-0.15,2017-18
8470657,Jimmy Howard,2018,1769,160,115.42,0.91,-44.58,-8.88,-1.39,-0.23,2017-18
8479496,David Rittich,2018,512,48,33.96,0.91,-14.04,-3.71,-1.54,-0.26,2017-18
8475717,Calvin Pickard,2018,28,4,1.4,0.86,-2.6,-2.04,-1.92,-0.32,2017-18
8480420,Collin Delia,2018,63,7,3.41,0.89,-3.59,-2.31,-2.05,-0.34,2017-18
8470860,Jaroslav Halak,2018,1747,160,115.07,0.91,-44.93,-9.67,-2.28,-0.38,2017-18
8471227,Devan Dubnyk,2018,1920,159,109.78,0.92,-49.22,-10.47,-2.34,-0.39,2017-18
8475234,J F  Berube,2018,384,40,27.47,0.9,-12.53,-4.78,-3.15,-0.52,2017-18
8475195,Anders Nilsson,2018,849,83,59.06,0.9,-23.94,-6.81,-3.21,-0.54,2017-18
8475839,Louis Domingue,2018,584,60,42.12,0.9,-17.88,-6.09,-3.62,-0.6,2017-18
8477480,Eric Comrie,2018,94,12,6.04,0.87,-5.96,-4.06,-3.67,-0.61,2017-18
8477237,Mike Condon,2018,898,87,61.24,0.9,-25.76,-7.64,-3.84,-0.64,2017-18
8476903,Jon Gillies,2018,280,29,18.26,0.9,-10.74,-5.09,-3.9,-0.65,2017-18
8471219,Al Montoya,2018,346,37,24.51,0.89,-12.49,-5.51,-4.04,-0.67,2017-18
8475215,Robin Lehner,2018,1560,142,99.64,0.91,-42.36,-10.88,-4.27,-0.71,2017-18
8471774,Alex Stalock,2018,802,72,47.93,0.91,-24.07,-7.89,-4.49,-0.75,2017-18
8469514,Peter Budaj,2018,218,27,17.1,0.88,-9.9,-5.51,-4.58,-0.76,2017-18
8475852,Petr Mrazek,2018,1094,108,76.44,0.9,-31.56,-9.48,-4.85,-0.81,2017-18
8473541,Jonathan Bernier,2018,1215,109,73.68,0.91,-35.32,-10.8,-5.65,-0.94,2017-18
8476914,Joonas Korpisalo,2018,564,58,38.43,0.9,-19.57,-8.18,-5.8,-0.97,2017-18
8475809,Scott Wedgewood,2018,589,63,42.57,0.89,-20.43,-8.54,-6.05,-1.01,2017-18
8470320,Cam Ward,2018,1186,112,76.63,0.91,-35.37,-11.44,-6.42,-1.07,2017-18
8476316,Laurent Brossoit,2018,343,40,24.3,0.88,-15.7,-8.78,-7.33,-1.22,2017-18
8475663,Eddie Lack,2018,177,23,10.96,0.87,-12.04,-8.47,-7.72,-1.29,2017-18
8474596,Jake Allen,2018,1614,152,104.28,0.91,-47.72,-15.15,-8.31,-1.38,2017-18
8477225,Jared Coreau,2018,203,27,13.24,0.87,-13.76,-9.67,-8.81,-1.47,2017-18
8471306,Thomas Greiss,2018,879,94,59.1,0.89,-34.9,-17.16,-13.44,-2.24,2017-18
8473434,Chad Johnson,2018,964,105,67.73,0.89,-37.27,-17.82,-13.74,-2.29,2017-18
8467950,Craig Anderson,2018,1768,180,121.86,0.9,-58.14,-22.46,-14.98,-2.5,2017-18
8476509,Maxime Lagace,2018,431,56,29.2,0.87,-26.8,-18.1,-16.27,-2.71,2017-18
8471679,Carey Price,2018,1486,148,93.21,0.9,-54.79,-24.8,-18.51,-3.09,2017-18
8474152,Scott Darling,2018,1170,131,80.0,0.89,-51.0,-27.39,-22.44,-3.74,2017-18
8471750,Ben Bishop,2019,1750,115,105.6,0.93,-9.4,28.0,35.41,5.9,2018-19
8475215,Robin Lehner,2019,1553,107,99.05,0.93,-7.95,25.24,31.82,5.3,2018-19
8476883,Andrei Vasilevskiy,2019,1806,142,124.23,0.92,-17.77,20.83,28.47,4.74,2018-19
8475883,Frederik Andersen,2019,2199,180,148.46,0.92,-31.54,15.45,24.76,4.13,2018-19
8471306,Thomas Greiss,2019,1195,89,83.07,0.93,-5.93,19.61,24.67,4.11,2018-19
8476434,John Gibson,2019,1839,153,130.49,0.92,-22.51,16.79,24.58,4.1,2018-19
8471695,Tuukka Rask,2019,1982,157,130.58,0.92,-26.42,15.94,24.33,4.06,2018-19
8471469,Pekka Rinne,2019,1762,147,125.38,0.92,-21.62,16.03,23.49,3.91,2018-19
8475311,Darcy Kuemper,2019,1651,122,101.39,0.93,-20.61,14.67,21.66,3.61,2018-19
8475683,Sergei Bobrovsky,2019,2087,177,144.53,0.92,-32.47,12.13,20.97,3.49,2018-19
8470860,Jaroslav Halak,2019,1156,90,80.44,0.92,-9.56,15.15,20.04,3.34,2018-19
8476412,Jordan Binnington,2019,1519,120,100.98,0.92,-19.02,13.44,19.87,3.31,2018-19
8474651,Braden Holtby,2019,2025,180,147.29,0.91,-32.71,10.56,19.14,3.19,2018-19
8471679,Carey Price,2019,1953,161,129.36,0.92,-31.64,10.1,18.37,3.06,2018-19
8470594,Marc Andre Fleury,2019,1972,173,140.25,0.91,-32.75,9.39,17.74,2.96,2018-19
8476899,Matt Murray,2019,1719,141,114.51,0.92,-26.49,10.24,17.52,2.92,2018-19
8470147,Curtis McElhinney,2019,1096,94,82.47,0.91,-11.53,11.89,16.53,2.76,2018-19
8475831,Philipp Grubauer,2019,1444,117,95.59,0.92,-21.41,9.44,15.56,2.59,2018-19
8471418,Anton Khudobin,2019,1233,95,78.72,0.92,-16.28,10.08,15.3,2.55,2018-19
8475789,Jack Campbell,2019,826,60,52.2,0.93,-7.8,9.85,13.35,2.22,2018-19
8470657,Jimmy Howard,2019,1709,155,123.9,0.91,-31.1,5.43,12.66,2.11,2018-19
8476316,Laurent Brossoit,2019,651,49,44.69,0.92,-4.31,9.6,12.36,2.06,2018-19
8474593,Jacob Markstrom,2019,1894,165,128.28,0.91,-36.72,3.75,11.77,1.96,2018-19
8476945,Connor Hellebuyck,2019,2229,195,147.8,0.91,-47.2,0.44,9.87,1.64,2018-19
8475852,Petr Mrazek,2019,1383,123,97.37,0.91,-25.63,3.92,9.78,1.63,2018-19
8477424,Juuse Saros,2019,892,75,61.96,0.92,-13.04,6.03,9.8,1.63,2018-19
8473575,Semyon Varlamov,2019,1493,135,106.53,0.91,-28.47,3.43,9.75,1.62,2018-19
8479193,Casey Desmith,2019,1056,89,71.46,0.92,-17.54,5.03,9.5,1.58,2018-19
8479496,David Rittich,2019,1228,109,86.2,0.91,-22.8,3.44,8.64,1.44,2018-19
8479394,Carter Hart,2019,976,81,63.63,0.92,-17.37,3.48,7.62,1.27,2018-19
8478406,Mackenzie Blackwood,2019,669,53,42.08,0.92,-10.92,3.38,6.21,1.03,2018-19
8470880,Brian Elliott,2019,732,68,54.92,0.91,-13.08,2.57,5.67,0.94,2018-19
8470645,Corey Crawford,2019,1173,107,81.93,0.91,-25.07,-0.0,4.96,0.83,2018-19
8469608,Mike Smith,2019,1272,126,98.27,0.9,-27.73,-0.54,4.84,0.81,2018-19
8468011,Ryan Miller,2019,578,51,40.53,0.91,-10.47,1.89,4.33,0.72,2018-19
8480382,Alexandar Georgiev,2019,1057,91,68.16,0.91,-22.84,-0.25,4.23,0.7,2018-19
8475839,Louis Domingue,2019,812,75,56.31,0.91,-18.69,-1.34,2.1,0.35,2018-19
8480420,Collin Delia,2019,546,50,38.07,0.91,-11.93,-0.26,2.05,0.34,2018-19
8477293,Antti Raanta,2019,349,33,25.81,0.91,-7.19,0.27,1.75,0.29,2018-19
8479294,Kevin Boyle,2019,139,10,8.13,0.93,-1.87,1.1,1.69,0.28,2018-19
8477831,Pheonix Copley,2019,775,74,55.8,0.9,-18.2,-1.64,1.64,0.27,2018-19
8475156,Mikko Koskinen,2019,1547,146,107.5,0.91,-38.5,-5.44,1.11,0.19,2018-19
8475622,Carter Hutton,2019,1538,140,101.52,0.91,-38.48,-5.61,0.9,0.15,2018-19
8476444,Christopher Gibson,2019,17,1,1.26,0.94,0.26,0.62,0.7,0.12,2018-19
8480925,Pavel Francouz,2019,33,2,1.66,0.94,-0.34,0.36,0.5,0.08,2018-19
8479016,Landon Bow,2019,19,1,0.96,0.95,-0.04,0.36,0.44,0.07,2018-19
8478499,Adin Hill,2019,312,29,21.05,0.91,-7.95,-1.28,0.04,0.01,2018-19
8474596,Jake Allen,2019,1282,122,88.89,0.9,-33.11,-5.71,-0.28,-0.05,2018-19
8475195,Anders Nilsson,2019,1074,99,71.23,0.91,-27.77,-4.81,-0.27,-0.05,2018-19
8477361,Calvin Petersen,2019,72,7,4.77,0.9,-2.23,-0.69,-0.39,-0.06,2018-19
8477968,Alex Nedeljkovic,2019,26,2,0.87,0.92,-1.13,-0.58,-0.47,-0.08,2018-19
8480112,Hunter Miska,2019,9,1,0.25,0.89,-0.75,-0.56,-0.52,-0.09,2018-19
8480363,Kaden Fulcher,2019,11,2,1.12,0.82,-0.88,-0.64,-0.6,-0.1,2018-19
8473541,Jonathan Bernier,2019,1024,98,71.13,0.9,-26.87,-4.99,-0.65,-0.11,2018-19
8479292,Charlie Lindgren,2019,49,5,3.08,0.9,-1.92,-0.87,-0.67,-0.11,2018-19
8471227,Devan Dubnyk,2019,1874,162,113.01,0.91,-48.99,-8.94,-1.0,-0.17,2018-19
8477405,Marcus Hogberg,2019,121,14,9.85,0.88,-4.15,-1.57,-1.05,-0.18,2018-19
8476509,Maxime Lagace,2019,31,4,1.64,0.87,-2.36,-1.69,-1.56,-0.26,2018-19
8467950,Craig Anderson,2019,1673,161,116.32,0.9,-44.68,-8.93,-1.85,-0.31,2018-19
8478916,Joey Daccord,2019,40,5,2.12,0.88,-2.88,-2.03,-1.86,-0.31,2018-19
8477967,Thatcher Demko,2019,288,25,15.66,0.91,-9.34,-3.19,-1.97,-0.33,2018-19
8469514,Peter Budaj,2019,33,6,2.67,0.82,-3.33,-2.62,-2.48,-0.41,2018-19
8477480,Eric Comrie,2019,28,5,1.72,0.82,-3.28,-2.68,-2.56,-0.43,2018-19
8478470,Sam Montembeault,2019,281,30,19.91,0.89,-10.09,-4.09,-2.9,-0.48,2018-19
8475277,Edward Pasquale,2019,102,12,6.4,0.88,-5.6,-3.42,-2.99,-0.5,2018-19
8477465,Tristan Jarry,2019,62,7,2.4,0.89,-4.6,-3.28,-3.01,-0.5,2018-19
8479312,Alex Lyon,2019,31,6,1.95,0.81,-4.05,-3.39,-3.26,-0.54,2018-19
8468685,Henrik Lundqvist,2019,1697,157,110.15,0.91,-46.85,-10.59,-3.4,-0.57,2018-19
8476876,Malcolm Subban,2019,612,60,40.9,0.9,-19.1,-6.02,-3.43,-0.57,2018-19
8473503,James Reimer,2019,923,91,63.79,0.9,-27.21,-7.48,-3.58,-0.6,2018-19
8470320,Cam Ward,2019,1112,114,81.87,0.9,-32.13,-8.37,-3.66,-0.61,2018-19
8473614,Richard Bachman,2019,29,6,1.47,0.79,-4.53,-3.91,-3.79,-0.63,2018-19
8476932,Anthony Stolarz,2019,501,50,33.12,0.9,-16.88,-6.18,-4.06,-0.68,2018-19
8477237,Mike Condon,2019,40,8,2.77,0.8,-5.23,-4.37,-4.2,-0.7,2018-19
8471774,Alex Stalock,2019,517,53,34.73,0.9,-18.27,-7.22,-5.03,-0.84,2018-19
8474152,Scott Darling,2019,232,27,15.98,0.88,-11.02,-6.06,-5.08,-0.85,2018-19
8476999,Linus Ullmark,2019,1146,109,74.13,0.9,-34.87,-10.38,-5.53,-0.92,2018-19
8476914,Joonas Korpisalo,2019,652,67,43.87,0.9,-23.13,-9.19,-6.43,-1.07,2018-19
8471239,Cory Schneider,2019,711,69,44.24,0.9,-24.76,-9.56,-6.55,-1.09,2018-19
8470093,Mike McKenna,2019,317,34,19.07,0.89,-14.93,-8.15,-6.81,-1.14,2018-19
8474636,Michael Hutchinson,2019,239,27,13.82,0.89,-13.18,-8.07,-7.06,-1.18,2018-19
8474889,Martin Jones,2019,2251,233,168.17,0.9,-64.83,-16.72,-7.19,-1.2,2018-19
8475717,Calvin Pickard,2019,383,48,30.89,0.87,-17.11,-8.93,-7.31,-1.22,2018-19
8476343,Garret Sparks,2019,590,58,35.3,0.9,-22.7,-10.09,-7.59,-1.26,2018-19
8473607,Michal Neuvirth,2019,185,26,12.75,0.86,-13.25,-9.3,-8.51,-1.42,2018-19
8466141,Roberto Luongo,2019,1200,121,80.8,0.9,-40.2,-14.56,-9.48,-1.58,2018-19
8477180,Aaron Dell,2019,648,75,47.11,0.88,-27.89,-14.04,-11.3,-1.88,2018-19
8474550,Antti Niemi,2019,538,61,35.87,0.89,-25.13,-13.63,-11.35,-1.89,2018-19
8473434,Chad Johnson,2019,405,49,26.86,0.88,-22.14,-13.49,-11.77,-1.96,2018-19
8475660,Cam Talbot,2019,997,107,68.69,0.89,-38.31,-17.0,-12.78,-2.13,2018-19
8476234,Keith Kinkaid,2019,1183,129,82.93,0.89,-46.07,-20.79,-15.78,-2.63,2018-19
8471734,Jonathan Quick,2019,1326,149,95.86,0.89,-53.14,-24.8,-19.19,-3.2,2018-19
8476883,Andrei Vasilevskiy,2020,1948,154,141.18,0.92,-12.82,26.65,34.9,5.82,2019-20
8476945,Connor Hellebuyck,2020,1710,133,121.91,0.92,-11.09,23.56,30.8,5.13,2019-20
8474593,Jacob Markstrom,2020,1774,141,126.26,0.92,-14.74,21.21,28.72,4.79,2019-20
8471418,Anton Khudobin,2020,1514,117,107.16,0.92,-9.84,20.84,27.25,4.54,2019-20
8479394,Carter Hart,2020,1369,107,98.96,0.92,-8.04,19.7,25.49,4.25,2019-20
8471695,Tuukka Rask,2020,1186,86,78.3,0.93,-7.7,16.33,21.35,3.56,2019-20
8475215,Robin Lehner,2020,1403,117,100.21,0.92,-16.79,11.64,17.58,2.93,2019-20
8480925,Pavel Francouz,2020,1027,79,69.19,0.92,-9.81,11.0,15.35,2.56,2019-20
8470645,Corey Crawford,2020,1373,120,100.76,0.91,-19.24,8.58,14.39,2.4,2019-20
8475311,Darcy Kuemper,2020,1201,92,76.07,0.92,-15.93,8.41,13.49,2.25,2019-20
8475831,Philipp Grubauer,2020,988,82,70.35,0.92,-11.65,8.37,12.55,2.09,2019-20
8478406,Mackenzie Blackwood,2020,1238,104,85.77,0.92,-18.23,6.86,12.1,2.02,2019-20
8471679,Carey Price,2020,1876,165,130.06,0.91,-34.94,3.08,11.02,1.84,2019-20
8470860,Jaroslav Halak,2020,988,82,68.53,0.92,-13.47,6.55,10.73,1.79,2019-20
8476914,Joonas Korpisalo,2020,1051,83,67.62,0.92,-15.38,5.92,10.37,1.73,2019-20
8476412,Jordan Binnington,2020,1300,119,97.01,0.91,-21.99,4.36,9.86,1.64,2019-20
8480382,Alexandar Georgiev,2020,957,80,66.29,0.92,-13.71,5.69,9.74,1.62,2019-20
8474636,Michael Hutchinson,2020,395,36,36.0,0.91,-0.0,8.0,9.68,1.61,2019-20
8477465,Tristan Jarry,2020,879,67,54.63,0.92,-12.37,5.44,9.17,1.53,2019-20
8474596,Jake Allen,2020,681,51,43.35,0.93,-7.65,6.15,9.03,1.5,2019-20
8475852,Petr Mrazek,2020,1118,96,77.62,0.91,-18.38,4.27,9.0,1.5,2019-20
8476999,Linus Ullmark,2020,912,73,58.94,0.92,-14.06,4.42,8.28,1.38,2019-20
8476904,Chris Driedger,2020,233,13,15.38,0.94,2.38,7.1,8.08,1.35,2019-20
8473575,Semyon Varlamov,2020,1713,148,113.41,0.91,-34.59,0.12,7.37,1.23,2019-20
8475660,Cam Talbot,2020,1004,76,58.45,0.92,-17.55,2.8,7.05,1.18,2019-20
8477180,Aaron Dell,2020,739,66,54.71,0.91,-11.29,3.68,6.81,1.14,2019-20
8473503,James Reimer,2020,677,56,46.19,0.92,-9.81,3.91,6.77,1.13,2019-20
8471750,Ben Bishop,2020,1191,102,79.31,0.91,-22.69,1.45,6.49,1.08,2019-20
8473541,Jonathan Bernier,2020,1140,111,89.42,0.9,-21.58,1.52,6.35,1.06,2019-20
8478048,Igor Shesterkin,2020,454,32,26.96,0.93,-5.04,4.16,6.09,1.01,2019-20
8477967,Thatcher Demko,2020,696,62,50.83,0.91,-11.17,2.93,5.88,0.98,2019-20
8475195,Anders Nilsson,2020,552,42,34.23,0.92,-7.77,3.41,5.75,0.96,2019-20
8477361,Calvin Petersen,2020,196,13,13.21,0.93,0.21,4.19,5.02,0.84,2019-20
8470147,Curtis McElhinney,2020,439,38,31.58,0.91,-6.42,2.48,4.33,0.72,2019-20
8477293,Antti Raanta,2020,951,80,60.76,0.92,-19.24,0.04,4.06,0.68,2019-20
8468685,Henrik Lundqvist,2020,712,60,46.32,0.92,-13.68,0.75,3.76,0.63,2019-20
8479496,David Rittich,2020,1303,117,88.73,0.91,-28.27,-1.87,3.65,0.61,2019-20
8478499,Adin Hill,2020,300,25,20.67,0.92,-4.33,1.75,3.02,0.5,2019-20
8475156,Mikko Koskinen,2020,961,83,61.35,0.91,-21.65,-2.17,1.9,0.32,2019-20
8470594,Marc Andre Fleury,2020,1114,109,83.24,0.9,-25.76,-3.18,1.53,0.26,2019-20
8478039,Kaapo Kahkonen,2020,139,10,7.92,0.93,-2.08,0.74,1.33,0.22,2019-20
8479979,Jake Oettinger,2020,8,0,1.04,1.0,1.04,1.2,1.23,0.2,2019-20
8479312,Alex Lyon,2020,73,8,7.24,0.89,-0.76,0.72,1.03,0.17,2019-20
8468011,Ryan Miller,2020,472,43,32.38,0.91,-10.62,-1.06,0.94,0.16,2019-20
8480051,Cayden Primeau,2020,72,5,4.2,0.93,-0.8,0.65,0.96,0.16,2019-20
8478492,Ilya Samsonov,2020,548,49,36.33,0.91,-12.67,-1.56,0.76,0.13,2019-20
8478007,Elvis Merzlikins,2020,771,64,45.8,0.92,-18.2,-2.57,0.69,0.12,2019-20
8477405,Marcus Hogberg,2020,653,60,44.64,0.91,-15.36,-2.13,0.64,0.11,2019-20
8480213,Gilles Senn,2020,38,3,2.72,0.92,-0.28,0.49,0.66,0.11,2019-20
8476876,Malcolm Subban,2020,470,48,36.58,0.9,-11.42,-1.9,0.09,0.02,2019-20
8471306,Thomas Greiss,2020,721,61,43.36,0.92,-17.64,-3.03,0.02,0.0,2019-20
8477480,Eric Comrie,2020,36,4,2.93,0.89,-1.07,-0.34,-0.19,-0.03,2019-20
8479530,Adam Werner,2020,58,5,3.42,0.91,-1.58,-0.41,-0.16,-0.03,2019-20
8480022,Michael Dipietro,2020,7,1,0.47,0.86,-0.53,-0.39,-0.36,-0.06,2019-20
8475883,Frederik Andersen,2020,1415,124,88.91,0.91,-35.09,-6.41,-0.42,-0.07,2019-20
8477312,Antoine Bibeau,2020,42,5,3.07,0.88,-1.93,-1.08,-0.9,-0.15,2019-20
8476341,Anton Forsberg,2020,78,8,5.04,0.9,-2.96,-1.38,-1.05,-0.18,2019-20
8479188,David Ayres,2020,10,2,0.65,0.8,-1.35,-1.15,-1.1,-0.18,2019-20
8477968,Alex Nedeljkovic,2020,96,11,7.26,0.89,-3.74,-1.79,-1.39,-0.23,2019-20
8479292,Charlie Lindgren,2020,147,17,11.94,0.88,-5.06,-2.08,-1.45,-0.24,2019-20
8477992,Jonas Johansson,2020,150,16,10.68,0.89,-5.32,-2.28,-1.65,-0.27,2019-20
8477424,Juuse Saros,2020,1096,102,73.21,0.91,-28.79,-6.58,-1.94,-0.32,2019-20
8478435,Dan Vladar,2020,15,3,0.74,0.8,-2.26,-1.96,-1.9,-0.32,2019-20
8471469,Pekka Rinne,2020,850,82,58.9,0.9,-23.1,-5.88,-2.28,-0.38,2019-20
8480162,Matiss Kivlenieks,2020,137,14,8.39,0.9,-5.61,-2.83,-2.25,-0.38,2019-20
8475789,Jack Campbell,2020,643,62,43.74,0.9,-18.26,-5.23,-2.5,-0.42,2019-20
8476316,Laurent Brossoit,2020,458,52,38.13,0.89,-13.87,-4.59,-2.65,-0.44,2019-20
8479288,Kasimir Kaskisuo,2020,38,6,2.34,0.84,-3.66,-2.89,-2.73,-0.46,2019-20
8476861,Oscar Dansk,2020,37,6,2.03,0.84,-3.97,-3.22,-3.07,-0.51,2019-20
8469608,Mike Smith,2020,918,92,65.99,0.9,-26.01,-7.4,-3.52,-0.59,2019-20
8471774,Alex Stalock,2020,1173,106,73.72,0.91,-32.28,-8.51,-3.54,-0.59,2019-20
8467950,Craig Anderson,2020,857,85,59.93,0.9,-25.07,-7.7,-4.07,-0.68,2019-20
8475622,Carter Hutton,2020,852,86,60.2,0.9,-25.8,-8.53,-4.92,-0.82,2019-20
8471734,Jonathan Quick,2020,994,95,65.45,0.9,-29.55,-9.4,-5.2,-0.87,2019-20
8470880,Brian Elliott,2020,737,76,52.06,0.9,-23.94,-9.01,-5.89,-0.98,2019-20
8476899,Matt Murray,2020,1076,104,71.57,0.9,-32.43,-10.63,-6.07,-1.01,2019-20
8475717,Calvin Pickard,2020,75,15,6.6,0.8,-8.4,-6.89,-6.57,-1.1,2019-20
8476234,Keith Kinkaid,2020,192,24,12.18,0.88,-11.82,-7.93,-7.12,-1.19,2019-20
8471239,Cory Schneider,2020,293,37,22.34,0.87,-14.66,-8.73,-7.49,-1.25,2019-20
8478470,Sam Montembeault,2020,298,34,18.31,0.89,-15.69,-9.65,-8.39,-1.4,2019-20
8474651,Braden Holtby,2020,1293,130,89.08,0.9,-40.92,-14.72,-9.25,-1.54,2019-20
8476434,John Gibson,2020,1305,125,83.69,0.9,-41.31,-14.86,-9.34,-1.56,2019-20
8475839,Louis Domingue,2020,373,46,26.23,0.88,-19.77,-12.21,-10.63,-1.77,2019-20
8474889,Martin Jones,2020,782,81,50.78,0.9,-30.22,-14.38,-11.07,-1.84,2019-20
8475683,Sergei Bobrovsky,2020,1226,127,85.56,0.9,-41.44,-16.6,-11.41,-1.9,2019-20
8471227,Devan Dubnyk,2020,788,88,53.48,0.89,-34.52,-18.55,-15.22,-2.54,2019-20
8470657,Jimmy Howard,2020,706,89,49.24,0.87,-39.76,-25.45,-22.46,-3.74,2019-20
8476883,Andrei Vasilevskiy,2021,1910,137,142.71,0.93,5.71,48.12,56.21,9.37,2020-21
8470594,Marc Andre Fleury,2021,1393,104,102.99,0.93,-1.01,29.91,35.81,5.97,2020-21
8476945,Connor Hellebuyck,2021,1623,132,122.9,0.92,-9.1,26.94,33.81,5.64,2020-21
8477424,Juuse Saros,2021,1300,95,88.73,0.93,-6.27,22.59,28.1,4.68,2020-21
8469608,Mike Smith,2021,1055,82,74.02,0.92,-7.98,15.44,19.91,3.32,2020-21
8473575,Semyon Varlamov,2021,1430,106,86.71,0.93,-19.29,12.46,18.51,3.09,2020-21
8477968,Alex Nedeljkovic,2021,923,65,58.75,0.93,-6.25,14.24,18.15,3.02,2020-21
8471679,Carey Price,2021,1330,115,96.97,0.91,-18.03,11.5,17.13,2.86,2020-21
8477967,Thatcher Demko,2021,1164,99,84.46,0.91,-14.54,11.3,16.23,2.7,2020-21
8475789,Jack Campbell,2021,783,59,54.21,0.92,-4.79,12.59,15.91,2.65,2020-21
8471695,Tuukka Rask,2021,943,79,67.29,0.92,-11.71,9.23,13.22,2.2,2020-21
8475831,Philipp Grubauer,2021,1264,101,79.94,0.92,-21.06,7.01,12.36,2.06,2020-21
8473541,Jonathan Bernier,2021,755,63,54.89,0.92,-8.11,8.65,11.85,1.98,2020-21
8478048,Igor Shesterkin,2021,987,83,66.88,0.92,-16.12,5.79,9.97,1.66,2020-21
8475660,Cam Talbot,2021,1231,103,79.34,0.92,-23.66,3.67,8.88,1.48,2020-21
8477361,Calvin Petersen,2021,1008,88,69.47,0.91,-18.53,3.85,8.12,1.35,2020-21
8478009,Ilya Sorokin,2021,793,64,50.81,0.92,-13.19,4.41,7.77,1.3,2020-21
8479193,Casey Desmith,2021,543,48,41.24,0.91,-6.76,5.3,7.6,1.27,2020-21
8478007,Elvis Merzlikins,2021,827,69,54.7,0.92,-14.3,4.06,7.57,1.26,2020-21
8475852,Petr Mrazek,2021,361,31,28.79,0.91,-2.21,5.81,7.34,1.22,2020-21
8480280,Jeremy Swayman,2021,274,16,15.83,0.94,-0.17,5.91,7.07,1.18,2020-21
8474596,Jake Allen,2021,818,76,60.44,0.91,-15.56,2.6,6.06,1.01,2020-21
8478499,Adin Hill,2021,530,46,37.32,0.91,-8.68,3.09,5.33,0.89,2020-21
8476412,Jordan Binnington,2021,1335,122,91.93,0.91,-30.07,-0.43,5.22,0.87,2020-21
8475311,Darcy Kuemper,2021,713,66,52.2,0.91,-13.8,2.03,5.05,0.84,2020-21
8475215,Robin Lehner,2021,602,55,44.01,0.91,-10.99,2.37,4.92,0.82,2020-21
8476904,Chris Driedger,2021,684,55,41.53,0.92,-13.47,1.71,4.61,0.77,2020-21
8476316,Laurent Brossoit,2021,369,30,24.24,0.92,-5.76,2.43,4.0,0.67,2020-21
8479979,Jake Oettinger,2021,708,61,46.3,0.91,-14.7,1.02,4.02,0.67,2020-21
8474593,Jacob Markstrom,2021,1151,108,81.36,0.91,-26.64,-1.08,3.79,0.63,2020-21
8479406,Filip Gustavsson,2021,254,17,14.04,0.93,-2.96,2.68,3.76,0.63,2020-21
8478406,Mackenzie Blackwood,2021,1082,106,81.0,0.9,-25.0,-0.98,3.6,0.6,2020-21
8481519,Spencer Knight,2021,152,12,11.18,0.92,-0.82,2.56,3.2,0.53,2020-21
8476434,John Gibson,2021,1041,100,75.32,0.9,-24.68,-1.57,2.84,0.47,2020-21
8476932,Anthony Stolarz,2021,230,17,13.61,0.93,-3.39,1.72,2.69,0.45,2020-21
8476509,Maxime Lagace,2021,29,0,1.82,1.0,1.82,2.46,2.58,0.43,2020-21
8476341,Anton Forsberg,2021,264,24,19.52,0.91,-4.48,1.38,2.5,0.42,2020-21
8476999,Linus Ullmark,2021,591,49,35.81,0.92,-13.19,-0.07,2.44,0.41,2020-21
8467950,Craig Anderson,2021,141,11,9.62,0.92,-1.38,1.75,2.35,0.39,2020-21
8477234,Troy Grosenick,2021,77,6,6.01,0.92,0.01,1.72,2.05,0.34,2020-21
8480947,Kevin Lankinen,2021,1193,108,78.45,0.91,-29.55,-3.06,1.99,0.33,2020-21
8475683,Sergei Bobrovsky,2021,979,96,71.98,0.9,-24.02,-2.29,1.86,0.31,2020-21
8475809,Scott Wedgewood,2021,458,46,34.5,0.9,-11.5,-1.33,0.61,0.1,2020-21
8471306,Thomas Greiss,2021,867,78,55.56,0.91,-22.44,-3.19,0.48,0.08,2020-21
8478916,Joey Daccord,2021,214,22,16.82,0.9,-5.18,-0.43,0.48,0.08,2020-21
8480162,Matiss Kivlenieks,2021,71,7,5.5,0.9,-1.5,0.08,0.38,0.06,2020-21
8479288,Kasimir Kaskisuo,2021,3,0,0.09,1.0,0.09,0.15,0.17,0.03,2020-21
8474636,Michael Hutchinson,2021,211,17,11.57,0.92,-5.43,-0.75,0.15,0.02,2020-21
8480313,Logan Thompson,2021,2,0,0.04,1.0,0.04,0.09,0.1,0.02,2020-21
8477480,Eric Comrie,2021,33,3,2.09,0.91,-0.91,-0.17,-0.03,-0.0,2020-21
8480420,Collin Delia,2021,178,19,14.25,0.89,-4.75,-0.8,-0.05,-0.01,2020-21
8477293,Antti Raanta,2021,402,38,26.87,0.91,-11.13,-2.2,-0.5,-0.08,2020-21
8479973,Stuart Skinner,2021,38,5,3.48,0.87,-1.52,-0.67,-0.51,-0.08,2020-21
8478435,Dan Vladar,2021,149,17,12.41,0.89,-4.59,-1.28,-0.65,-0.11,2020-21
8475156,Mikko Koskinen,2021,758,76,55.27,0.9,-20.73,-3.9,-0.69,-0.12,2020-21
8477970,Vitek Vanecek,2021,1033,96,67.98,0.91,-28.02,-5.09,-0.71,-0.12,2020-21
8481001,Veini Vehvilainen,2021,4,1,0.11,0.75,-0.89,-0.8,-0.78,-0.13,2020-21
8476234,Keith Kinkaid,2021,205,21,14.75,0.9,-6.25,-1.7,-0.84,-0.14,2020-21
8476444,Christopher Gibson,2021,40,5,3.04,0.88,-1.96,-1.07,-0.9,-0.15,2020-21
8479312,Alex Lyon,2021,169,18,12.64,0.89,-5.36,-1.61,-0.89,-0.15,2020-21
8480045,Ukko Pekka Luukkonen,2021,149,14,9.16,0.91,-4.84,-1.53,-0.9,-0.15,2020-21
8471469,Pekka Rinne,2021,664,62,43.41,0.91,-18.59,-3.85,-1.04,-0.17,2020-21
8475839,Louis Domingue,2021,23,3,1.33,0.87,-1.67,-1.16,-1.06,-0.18,2020-21
8481501,Artyom Zagidulin,2021,11,2,0.56,0.82,-1.44,-1.19,-1.14,-0.19,2020-21
8473503,James Reimer,2021,627,59,41.13,0.91,-17.87,-3.95,-1.3,-0.22,2020-21
8476861,Oscar Dansk,2021,29,4,1.82,0.86,-2.18,-1.54,-1.41,-0.24,2020-21
8479496,David Rittich,2021,463,46,32.11,0.9,-13.89,-3.61,-1.65,-0.27,2020-21
8480373,Josef Korenar,2021,258,26,17.38,0.9,-8.62,-2.89,-1.8,-0.3,2020-21
8475883,Frederik Andersen,2021,660,70,50.54,0.89,-19.46,-4.81,-2.01,-0.34,2020-21
8476876,Malcolm Subban,2021,472,47,32.51,0.9,-14.49,-4.01,-2.02,-0.34,2020-21
8475920,Michael Houser,2021,141,14,8.06,0.9,-5.94,-2.81,-2.22,-0.37,2020-21
8482246,Alexei Melnichuk,2021,81,11,6.43,0.86,-4.57,-2.77,-2.43,-0.4,2020-21
8471418,Anton Khudobin,2021,800,76,52.26,0.9,-23.74,-5.98,-2.59,-0.43,2020-21
8478492,Ilya Samsonov,2021,598,59,40.43,0.9,-18.57,-5.29,-2.76,-0.46,2020-21
8470860,Jaroslav Halak,2021,482,46,29.61,0.9,-16.39,-5.69,-3.65,-0.61,2020-21
8471734,Jonathan Quick,2021,567,58,39.05,0.9,-18.95,-6.36,-3.96,-0.66,2020-21
8474682,Dustin Tokarski,2021,447,43,27.21,0.9,-15.79,-5.86,-3.97,-0.66,2020-21
8480051,Cayden Primeau,2021,93,14,7.52,0.85,-6.48,-4.41,-4.02,-0.67,2020-21
8481031,Ivan Prosvetov,2021,51,9,3.41,0.82,-5.59,-4.46,-4.24,-0.71,2020-21
8477992,Jonas Johansson,2021,380,39,24.6,0.9,-14.4,-5.97,-4.36,-0.73,2020-21
8480382,Alexandar Georgiev,2021,464,44,27.29,0.91,-16.71,-6.41,-4.44,-0.74,2020-21
8475717,Calvin Pickard,2021,121,16,7.91,0.87,-8.09,-5.4,-4.89,-0.82,2020-21
8477465,Tristan Jarry,2021,1280,120,80.9,0.91,-39.1,-10.69,-5.27,-0.88,2020-21
8475622,Carter Hutton,2021,341,39,24.27,0.89,-14.73,-7.16,-5.71,-0.95,2020-21
8476914,Joonas Korpisalo,2021,904,96,66.06,0.89,-29.94,-9.87,-6.04,-1.01,2020-21
8478024,Ville Husso,2021,460,49,30.63,0.89,-18.37,-8.15,-6.21,-1.03,2020-21
8470147,Curtis McElhinney,2021,295,36,21.8,0.88,-14.2,-7.66,-6.41,-1.07,2020-21
8480112,Hunter Miska,2021,111,17,7.31,0.85,-9.69,-7.23,-6.76,-1.13,2020-21
8478039,Kaapo Kahkonen,2021,692,68,42.14,0.9,-25.86,-10.5,-7.57,-1.26,2020-21
8476899,Matt Murray,2021,738,79,51.1,0.89,-27.9,-11.51,-8.39,-1.4,2020-21
8474651,Braden Holtby,2021,694,77,50.1,0.89,-26.9,-11.5,-8.56,-1.43,2020-21
8477180,Aaron Dell,2021,154,22,9.36,0.86,-12.64,-9.22,-8.57,-1.43,2020-21
8477405,Marcus Hogberg,2021,324,40,22.5,0.88,-17.5,-10.31,-8.93,-1.49,2020-21
8471227,Devan Dubnyk,2021,595,63,38.17,0.89,-24.83,-11.62,-9.1,-1.52,2020-21
8468011,Ryan Miller,2021,434,51,28.5,0.88,-22.5,-12.87,-11.03,-1.84,2020-21
8474889,Martin Jones,2021,980,102,64.82,0.9,-37.18,-15.43,-11.28,-1.88,2020-21
8479394,Carter Hart,2021,720,89,58.38,0.88,-30.62,-14.63,-11.58,-1.93,2020-21
8470880,Brian Elliott,2021,738,82,49.74,0.89,-32.26,-15.88,-12.75,-2.12,2020-21
8478048,Igor Shesterkin,2022,2340,157,162.74,0.93,5.74,54.51,64.41,10.74,2021-22
8476883,Andrei Vasilevskiy,2022,2621,214,201.1,0.92,-12.9,41.73,52.82,8.8,2021-22
8475683,Sergei Bobrovsky,2022,1872,164,156.16,0.91,-7.84,31.18,39.1,6.52,2021-22
8477424,Juuse Saros,2022,2105,173,151.07,0.92,-21.93,21.94,30.86,5.14,2021-22
8475311,Darcy Kuemper,2022,2142,176,152.55,0.92,-23.45,21.19,30.26,5.04,2021-22
8475883,Frederik Andersen,2022,1427,111,103.41,0.92,-7.59,22.15,28.19,4.7,2021-22
8476945,Connor Hellebuyck,2022,2158,193,166.01,0.91,-26.99,17.98,27.12,4.52,2021-22
8477465,Tristan Jarry,2022,1737,141,122.81,0.92,-18.19,18.01,25.36,4.23,2021-22
8474593,Jacob Markstrom,2022,2105,172,143.92,0.92,-28.08,15.79,24.7,4.12,2021-22
8478009,Ilya Sorokin,2022,1623,121,104.66,0.93,-16.34,17.48,24.35,4.06,2021-22
8471734,Jonathan Quick,2022,1516,138,123.68,0.91,-14.32,17.28,23.69,3.95,2021-22
8477967,Thatcher Demko,2022,1967,168,141.3,0.91,-26.7,14.29,22.62,3.77,2021-22
8476341,Anton Forsberg,2022,1457,121,103.61,0.92,-17.39,12.97,19.14,3.19,2021-22
8479979,Jake Oettinger,2022,1610,126,104.75,0.92,-21.25,12.31,19.12,3.19,2021-22
8469608,Mike Smith,2022,1434,123,102.18,0.91,-20.82,9.07,15.14,2.52,2021-22
8475215,Robin Lehner,2022,1285,120,100.99,0.91,-19.01,7.77,13.21,2.2,2021-22
8478024,Ville Husso,2022,1464,125,101.2,0.91,-23.8,6.71,12.9,2.15,2021-22
8477480,Eric Comrie,2022,534,42,40.26,0.92,-1.74,9.39,11.65,1.94,2021-22
8477293,Antti Raanta,2022,1027,86,71.5,0.92,-14.5,6.9,11.25,1.88,2021-22
8478039,Kaapo Kahkonen,2022,1064,93,77.29,0.91,-15.71,6.46,10.97,1.83,2021-22
8478007,Elvis Merzlikins,2022,1898,177,139.67,0.91,-37.33,2.22,10.26,1.71,2021-22
8477484,Spencer Martin,2022,218,11,15.33,0.95,4.33,8.87,9.79,1.63,2021-22
8475789,Jack Campbell,2022,1638,144,112.49,0.91,-31.51,2.63,9.56,1.59,2021-22
8480280,Jeremy Swayman,2022,1257,109,86.74,0.91,-22.26,3.94,9.26,1.54,2021-22
8475809,Scott Wedgewood,2022,1215,109,87.71,0.91,-21.29,4.03,9.18,1.53,2021-22
8476999,Linus Ullmark,2022,1195,102,81.18,0.91,-20.82,4.08,9.14,1.52,2021-22
8480925,Pavel Francouz,2022,781,67,55.91,0.91,-11.09,5.19,8.5,1.42,2021-22
8481519,Spencer Knight,2022,877,81,67.36,0.91,-13.64,4.64,8.35,1.39,2021-22
8473575,Semyon Varlamov,2022,967,85,68.27,0.91,-16.73,3.42,7.52,1.25,2021-22
8479193,Casey Desmith,2022,820,69,54.96,0.92,-14.04,3.05,6.52,1.09,2021-22
8476932,Anthony Stolarz,2022,809,66,51.58,0.92,-14.42,2.44,5.86,0.98,2021-22
8470880,Brian Elliott,2022,489,43,36.19,0.91,-6.81,3.38,5.45,0.91,2021-22
8476899,Matt Murray,2022,640,60,49.38,0.91,-10.62,2.71,5.42,0.9,2021-22
8477968,Alex Nedeljkovic,2022,1792,176,136.17,0.9,-39.83,-2.48,5.1,0.85,2021-22
8473503,James Reimer,2022,1429,127,96.22,0.91,-30.78,-1.0,5.05,0.84,2021-22
8479292,Charlie Lindgren,2022,118,5,7.07,0.96,2.07,4.53,5.03,0.84,2021-22
8474651,Braden Holtby,2022,699,60,47.34,0.91,-12.66,1.9,4.86,0.81,2021-22
8479394,Carter Hart,2022,1441,137,105.74,0.9,-31.26,-1.23,4.87,0.81,2021-22
8478433,Felix Sandstrom,2022,177,16,16.18,0.91,0.18,3.86,4.61,0.77,2021-22
8479973,Stuart Skinner,2022,366,32,26.63,0.91,-5.37,2.26,3.81,0.64,2021-22
8474596,Jake Allen,2022,1111,107,82.82,0.9,-24.18,-1.03,3.68,0.61,2021-22
8475920,Michael Houser,2022,77,4,5.56,0.95,1.56,3.16,3.49,0.58,2021-22
8475660,Cam Talbot,2022,1507,136,101.56,0.91,-34.44,-3.03,3.35,0.56,2021-22
8480313,Logan Thompson,2022,569,49,38.1,0.91,-10.9,0.96,3.37,0.56,2021-22
8480193,Daniil Tarasov,2022,111,7,7.1,0.94,0.1,2.42,2.89,0.48,2021-22
8480373,Josef Korenar,2022,35,3,4.63,0.91,1.63,2.36,2.51,0.42,2021-22
8475839,Louis Domingue,2022,270,23,18.41,0.91,-4.59,1.04,2.18,0.36,2021-22
8470860,Jaroslav Halak,2022,399,39,30.79,0.9,-8.21,0.11,1.8,0.3,2021-22
8476412,Jordan Binnington,2022,1300,120,89.14,0.91,-30.86,-3.77,1.74,0.29,2021-22
8477457,Zach Fucale,2022,66,5,4.85,0.92,-0.15,1.23,1.51,0.25,2021-22
8480045,Ukko Pekka Luukkonen,2022,278,23,17.5,0.92,-5.5,0.3,1.47,0.24,2021-22
8476904,Chris Driedger,2022,724,73,56.1,0.9,-16.9,-1.81,1.25,0.21,2021-22
8479313,Zach Sawchenko,2022,151,15,12.43,0.9,-2.57,0.58,1.22,0.2,2021-22
8476343,Garret Sparks,2022,47,3,2.63,0.94,-0.37,0.61,0.81,0.14,2021-22
8473541,Jonathan Bernier,2022,264,26,20.14,0.9,-5.86,-0.35,0.76,0.13,2021-22
8478971,Connor Ingram,2022,253,25,19.38,0.9,-5.62,-0.35,0.72,0.12,2021-22
8475234,J F  Berube,2022,209,21,16.39,0.9,-4.61,-0.25,0.63,0.1,2021-22
8476234,Keith Kinkaid,2022,31,2,1.69,0.94,-0.31,0.33,0.47,0.08,2021-22
8481544,Mads Sogaard,2022,54,6,5.0,0.89,-1.0,0.13,0.36,0.06,2021-22
8471239,Cory Schneider,2022,30,3,2.5,0.9,-0.5,0.12,0.25,0.04,2021-22
8479312,Alex Lyon,2022,65,6,4.62,0.91,-1.38,-0.02,0.25,0.04,2021-22
8475156,Mikko Koskinen,2022,1455,142,105.52,0.9,-36.48,-6.16,0.0,0.0,2021-22
8479361,Joseph Woll,2022,123,11,7.91,0.91,-3.09,-0.53,-0.01,-0.0,2021-22
8478903,Adam Huska,2022,26,2,1.26,0.92,-0.74,-0.19,-0.08,-0.01,2021-22
8476433,Magnus Hellberg,2022,23,3,2.16,0.87,-0.84,-0.36,-0.26,-0.04,2021-22
8480843,Lukas Dostal,2022,108,10,6.95,0.91,-3.05,-0.8,-0.34,-0.06,2021-22
8480022,Michael Dipietro,2022,17,3,2.15,0.82,-0.85,-0.5,-0.42,-0.07,2021-22
8478499,Adin Hill,2022,648,61,44.26,0.91,-16.74,-3.24,-0.49,-0.08,2021-22
8480591,Thomas Hodges,2022,3,1,0.27,0.67,-0.73,-0.66,-0.65,-0.11,2021-22
8474636,Michael Hutchinson,2022,42,6,3.57,0.86,-2.43,-1.55,-1.38,-0.23,2021-22
8477180,Aaron Dell,2022,355,38,27.61,0.89,-10.39,-2.99,-1.48,-0.25,2021-22
8480981,Joel Hofer,2022,50,6,3.26,0.88,-2.74,-1.7,-1.49,-0.25,2021-22
8477831,Pheonix Copley,2022,41,5,2.32,0.88,-2.68,-1.82,-1.65,-0.27,2021-22
8481597,Hugo Alnefelt,2022,11,3,1.06,0.73,-1.94,-1.71,-1.67,-0.28,2021-22
8478435,Dan Vladar,2022,612,56,38.83,0.91,-17.17,-4.41,-1.82,-0.3,2021-22
8477970,Vitek Vanecek,2022,1169,110,78.78,0.91,-31.22,-6.86,-1.91,-0.32,2021-22
8478933,Michael McNiven,2022,7,3,0.88,0.57,-2.12,-1.97,-1.94,-0.32,2021-22
8475717,Calvin Pickard,2022,72,9,4.94,0.88,-4.06,-2.56,-2.25,-0.38,2021-22
8481020,Justus Annunen,2022,51,7,3.4,0.86,-3.6,-2.54,-2.32,-0.39,2021-22
8481031,Ivan Prosvetov,2022,104,13,7.5,0.88,-5.5,-3.34,-2.9,-0.48,2021-22
8476509,Maxime Lagace,2022,58,10,5.55,0.83,-4.45,-3.24,-2.99,-0.5,2021-22
8480420,Collin Delia,2022,218,22,13.51,0.9,-8.49,-3.95,-3.02,-0.5,2021-22
8481611,Pyotr Kochetkov,2022,145,17,10.22,0.88,-6.78,-3.76,-3.15,-0.52,2021-22
8474682,Dustin Tokarski,2022,860,88,63.26,0.9,-24.74,-6.82,-3.18,-0.53,2021-22
8471774,Alex Stalock,2022,28,6,1.93,0.79,-4.07,-3.49,-3.37,-0.56,2021-22
8474667,Harri Sateri,2022,157,21,13.68,0.87,-7.32,-4.05,-3.38,-0.56,2021-22
8476316,Laurent Brossoit,2022,589,62,43.6,0.89,-18.4,-6.13,-3.63,-0.6,2021-22
8471695,Tuukka Rask,2022,90,14,7.82,0.84,-6.18,-4.3,-3.92,-0.65,2021-22
8467950,Craig Anderson,2022,944,96,68.35,0.9,-27.65,-7.98,-3.98,-0.66,2021-22
8478902,Erik Kallgren,2022,388,42,28.22,0.89,-13.78,-5.69,-4.05,-0.68,2021-22
8470594,Marc Andre Fleury,2022,1889,174,122.44,0.91,-51.56,-12.19,-4.2,-0.7,2021-22
8471679,Carey Price,2022,148,18,10.07,0.88,-7.93,-4.84,-4.22,-0.7,2021-22
8480382,Alexandar Georgiev,2022,862,87,61.18,0.9,-25.82,-7.85,-4.2,-0.7,2021-22
8476876,Malcolm Subban,2022,132,17,9.42,0.87,-7.58,-4.83,-4.27,-0.71,2021-22
8479406,Filip Gustavsson,2022,574,62,43.11,0.89,-18.89,-6.93,-4.5,-0.75,2021-22
8478916,Joey Daccord,2022,139,20,11.84,0.86,-8.16,-5.27,-4.68,-0.78,2021-22
8482821,Arvid Soderblom,2022,94,13,5.96,0.86,-7.04,-5.08,-4.68,-0.78,2021-22
8474889,Martin Jones,2022,1141,114,80.64,0.9,-33.36,-9.58,-4.75,-0.79,2021-22
8479581,Jack LaFontaine,2022,41,9,2.92,0.78,-6.08,-5.22,-5.05,-0.84,2021-22
8477361,Calvin Petersen,2022,1021,109,76.99,0.89,-32.01,-10.73,-6.41,-1.07,2021-22
8471418,Anton Khudobin,2022,232,28,15.52,0.88,-12.48,-7.64,-6.66,-1.11,2021-22
8478492,Ilya Samsonov,2022,1270,128,89.37,0.9,-38.63,-12.16,-6.79,-1.13,2021-22
8477202,Andrew Hammond,2022,314,38,23.32,0.88,-14.68,-8.14,-6.81,-1.14,2021-22
8482076,Nico Daws,2022,616,66,43.44,0.89,-22.56,-9.73,-7.12,-1.19,2021-22
8478406,Mackenzie Blackwood,2022,733,79,52.93,0.89,-26.07,-10.8,-7.69,-1.28,2021-22
8475852,Petr Mrazek,2022,520,58,36.62,0.89,-21.38,-10.54,-8.34,-1.39,2021-22
8481033,Akira Schmid,2022,114,19,7.72,0.83,-11.28,-8.9,-8.42,-1.4,2021-22
8476434,John Gibson,2022,1787,172,118.42,0.9,-53.58,-16.34,-8.78,-1.46,2021-22
8476914,Joonas Korpisalo,2022,634,78,53.37,0.88,-24.63,-11.42,-8.74,-1.46,2021-22
8475622,Carter Hutton,2022,58,15,4.4,0.74,-10.6,-9.39,-9.14,-1.52,2021-22
8479496,David Rittich,2022,446,54,33.7,0.88,-20.3,-11.0,-9.11,-1.52,2021-22
8476903,Jon Gillies,2022,549,61,37.08,0.89,-23.92,-12.48,-10.15,-1.69,2021-22
8471306,Thomas Greiss,2022,843,92,60.35,0.89,-31.65,-14.09,-10.52,-1.75,2021-22
8480051,Cayden Primeau,2022,303,40,20.99,0.87,-19.01,-12.69,-11.41,-1.9,2021-22
8478872,Karel Vejmelka,2022,1671,170,116.36,0.9,-53.64,-18.82,-11.74,-1.96,2021-22
8478470,Sam Montembeault,2022,1124,121,80.76,0.89,-40.24,-16.81,-12.05,-2.01,2021-22
8477992,Jonas Johansson,2022,265,39,19.44,0.85,-19.56,-14.04,-12.91,-2.15,2021-22
8480947,Kevin Lankinen,2022,972,106,61.28,0.89,-44.72,-24.46,-20.35,-3.39,2021-22
8475831,Philipp Grubauer,2022,1477,164,102.2,0.89,-61.8,-31.02,-24.77,-4.13,2021-22
8476999,Linus Ullmark,2023,1614,109,118.41,0.93,9.41,43.08,49.91,8.32,2022-23
8477424,Juuse Saros,2023,2024,163,160.88,0.92,-2.12,40.11,48.68,8.11,2022-23
8478009,Ilya Sorokin,2023,1990,150,144.98,0.92,-5.02,36.5,44.92,7.49,2022-23
8478048,Igor Shesterkin,2023,1870,152,144.22,0.92,-7.78,31.24,39.16,6.53,2022-23
8476945,Connor Hellebuyck,2023,2086,170,151.91,0.92,-18.09,25.43,34.27,5.71,2022-23
8475683,Sergei Bobrovsky,2023,2098,194,170.46,0.91,-23.54,20.23,29.12,4.85,2022-23
8480382,Alexandar Georgiev,2023,2040,170,147.73,0.92,-22.27,20.29,28.93,4.82,2022-23
8476883,Andrei Vasilevskiy,2023,2045,181,157.68,0.91,-23.32,19.35,28.01,4.67,2022-23
8479406,Filip Gustavsson,2023,1260,89,84.95,0.93,-4.05,22.24,27.58,4.6,2022-23
8478492,Ilya Samsonov,2023,1412,118,101.97,0.92,-16.03,13.43,19.41,3.24,2022-23
8480280,Jeremy Swayman,2023,953,78,72.76,0.92,-5.24,14.65,18.68,3.11,2022-23
8476914,Joonas Korpisalo,2023,1328,120,102.84,0.91,-17.16,10.55,16.17,2.7,2022-23
8479973,Stuart Skinner,2023,1760,157,125.77,0.91,-31.23,5.49,12.94,2.16,2022-23
8475311,Darcy Kuemper,2023,1653,151,120.46,0.91,-30.54,3.95,10.94,1.82,2022-23
8478470,Sam Montembeault,2023,1337,131,108.03,0.9,-22.97,4.92,10.58,1.76,2022-23
8481033,Akira Schmid,2023,628,49,43.09,0.92,-5.91,7.19,9.85,1.64,2022-23
8478499,Adin Hill,2023,1116,89,70.53,0.92,-18.47,4.82,9.54,1.59,2022-23
8479394,Carter Hart,2023,1639,152,120.36,0.91,-31.64,2.55,9.49,1.58,2022-23
8476341,Anton Forsberg,2023,817,79,67.61,0.9,-11.39,5.65,9.11,1.52,2022-23
8479193,Casey Desmith,2023,1090,103,84.38,0.91,-18.62,4.13,8.74,1.46,2022-23
8480947,Kevin Lankinen,2023,566,49,42.78,0.91,-6.22,5.59,7.98,1.33,2022-23
8470594,Marc Andre Fleury,2023,1332,129,103.45,0.9,-25.55,2.24,7.88,1.31,2022-23
8478872,Karel Vejmelka,2023,1601,160,127.64,0.9,-32.36,1.04,7.82,1.3,2022-23
8480313,Logan Thompson,2023,1114,95,74.77,0.91,-20.23,3.01,7.73,1.29,2022-23
8479979,Jake Oettinger,2023,2242,194,145.02,0.91,-48.98,-2.2,7.29,1.22,2022-23
8467950,Craig Anderson,2023,807,71,57.77,0.91,-13.23,3.61,7.02,1.17,2022-23
8477465,Tristan Jarry,2023,1392,124,95.86,0.91,-28.14,0.9,6.79,1.13,2022-23
8479361,Joseph Woll,2023,274,20,19.5,0.93,-0.5,5.22,6.38,1.06,2022-23
8476316,Laurent Brossoit,2023,464,40,34.36,0.91,-5.64,4.04,6.01,1.0,2022-23
8473575,Semyon Varlamov,2023,688,60,48.37,0.91,-11.63,2.72,5.64,0.94,2022-23
8479312,Alex Lyon,2023,595,55,44.87,0.91,-10.13,2.29,4.8,0.8,2022-23
8478971,Connor Ingram,2023,873,82,64.27,0.91,-17.73,0.49,4.18,0.7,2022-23
8471774,Alex Stalock,2023,791,71,55.06,0.91,-15.94,0.57,3.92,0.65,2022-23
8481611,Pyotr Kochetkov,2023,649,61,48.51,0.91,-12.49,1.05,3.8,0.63,2022-23
8477992,Jonas Johansson,2023,63,5,7.13,0.92,2.13,3.45,3.71,0.62,2022-23
8475883,Frederik Andersen,2023,1093,100,75.89,0.91,-24.11,-1.31,3.32,0.55,2022-23
8480867,Kevin Mandolese,2023,120,10,10.3,0.92,0.3,2.81,3.32,0.55,2022-23
8477293,Antti Raanta,2023,806,72,54.91,0.91,-17.09,-0.27,3.14,0.52,2022-23
8477831,Pheonix Copley,2023,757,72,56.04,0.9,-15.96,-0.17,3.04,0.51,2022-23
8470860,Jaroslav Halak,2023,670,65,51.03,0.9,-13.97,0.01,2.84,0.47,2022-23
8482221,Devon Levi,2023,222,21,18.24,0.91,-2.76,1.87,2.81,0.47,2022-23
8480263,Dylan Ferguson,2023,83,5,5.6,0.94,0.6,2.33,2.68,0.45,2022-23
8482982,Jet Greaves,2023,49,3,4.46,0.94,1.46,2.48,2.69,0.45,2022-23
8476434,John Gibson,2023,1842,183,139.36,0.9,-43.64,-5.21,2.59,0.43,2022-23
8481031,Ivan Prosvetov,2023,183,19,16.93,0.9,-2.07,1.75,2.52,0.42,2022-23
8480238,Jiri Patera,2023,70,5,5.61,0.93,0.61,2.07,2.37,0.4,2022-23
8474682,Dustin Tokarski,2023,101,9,8.66,0.91,-0.34,1.77,2.19,0.36,2022-23
8477180,Aaron Dell,2023,85,8,7.89,0.91,-0.11,1.66,2.02,0.34,2022-23
8476899,Matt Murray,2023,819,82,63.22,0.9,-18.78,-1.69,1.78,0.3,2022-23
8476234,Keith Kinkaid,2023,40,2,2.66,0.95,0.66,1.49,1.66,0.28,2022-23
8475809,Scott Wedgewood,2023,600,55,41.48,0.91,-13.52,-1.0,1.54,0.26,2022-23
8480925,Pavel Francouz,2023,487,42,31.14,0.91,-10.86,-0.7,1.36,0.23,2022-23
8481692,Dustin Wolf,2023,25,1,1.38,0.96,0.38,0.9,1.01,0.17,2022-23
8480981,Joel Hofer,2023,179,17,13.39,0.9,-3.61,0.12,0.88,0.15,2022-23
8483530,Jaxson Stauber,2023,179,17,13.35,0.9,-3.65,0.08,0.84,0.14,2022-23
8475831,Philipp Grubauer,2023,1253,127,96.11,0.9,-30.89,-4.75,0.56,0.09,2022-23
8479380,Dylan Wells,2023,13,1,1.11,0.92,0.11,0.38,0.44,0.07,2022-23
8480199,Eetu Makiniemi,2023,32,3,2.36,0.91,-0.64,0.03,0.16,0.03,2022-23
8475660,Cam Talbot,2023,937,95,71.32,0.9,-23.68,-4.13,-0.16,-0.03,2022-23
8478916,Joey Daccord,2023,130,13,9.46,0.9,-3.54,-0.83,-0.28,-0.05,2022-23
8477970,Vitek Vanecek,2023,1440,137,100.26,0.9,-36.74,-6.7,-0.6,-0.1,2022-23
8482137,Yaroslav Askarov,2023,35,4,2.46,0.89,-1.54,-0.81,-0.66,-0.11,2022-23
8482447,Leevi Merilainen,2023,49,6,4.0,0.88,-2.0,-0.97,-0.77,-0.13,2022-23
8478902,Erik Kallgren,2023,246,25,17.95,0.9,-7.05,-1.92,-0.87,-0.14,2022-23
8480843,Lukas Dostal,2023,604,59,42.84,0.9,-16.16,-3.56,-1.0,-0.17,2022-23
8481035,Samuel Ersson,2023,317,32,23.04,0.9,-8.96,-2.35,-1.0,-0.17,2022-23
8481519,Spencer Knight,2023,625,61,44.29,0.9,-16.71,-3.67,-1.02,-0.17,2022-23
8476932,Anthony Stolarz,2023,471,51,37.93,0.89,-13.07,-3.25,-1.25,-0.21,2022-23
8480051,Cayden Primeau,2023,54,8,5.05,0.85,-2.95,-1.82,-1.6,-0.27,2022-23
8471306,Thomas Greiss,2023,605,63,46.15,0.9,-16.85,-4.23,-1.66,-0.28,2022-23
8481020,Justus Annunen,2023,48,7,4.0,0.85,-3.0,-2.0,-1.79,-0.3,2022-23
8482821,Arvid Soderblom,2023,453,48,34.81,0.89,-13.19,-3.74,-1.82,-0.3,2022-23
8474596,Jake Allen,2023,1285,142,107.55,0.89,-34.45,-7.64,-2.2,-0.37,2022-23
8476903,Jon Gillies,2023,66,9,4.71,0.86,-4.29,-2.91,-2.63,-0.44,2022-23
8479292,Charlie Lindgren,2023,846,85,61.16,0.9,-23.84,-6.19,-2.61,-0.44,2022-23
8481668,Arturs Silovs,2023,110,12,6.56,0.89,-5.44,-3.15,-2.68,-0.45,2022-23
8474593,Jacob Markstrom,2023,1484,156,115.7,0.89,-40.3,-9.33,-3.05,-0.51,2022-23
8471418,Anton Khudobin,2023,28,6,2.16,0.79,-3.84,-3.25,-3.14,-0.52,2022-23
8477967,Thatcher Demko,2023,925,93,66.67,0.9,-26.33,-7.03,-3.11,-0.52,2022-23
8480045,Ukko Pekka Luukkonen,2023,1032,114,84.42,0.89,-29.58,-8.05,-3.68,-0.61,2022-23
8480420,Collin Delia,2023,470,56,40.5,0.88,-15.5,-5.7,-3.71,-0.62,2022-23
8479496,David Rittich,2023,505,50,33.38,0.9,-16.62,-6.08,-3.94,-0.66,2022-23
8470880,Brian Elliott,2023,681,75,53.88,0.89,-21.12,-6.91,-4.03,-0.67,2022-23
8478406,Mackenzie Blackwood,2023,532,57,39.56,0.89,-17.44,-6.34,-4.09,-0.68,2022-23
8481544,Mads Sogaard,2023,501,56,39.21,0.89,-16.79,-6.33,-4.21,-0.7,2022-23
8477968,Alex Nedeljkovic,2023,466,48,31.37,0.9,-16.63,-6.91,-4.93,-0.82,2022-23
8476433,Magnus Hellberg,2023,447,50,33.79,0.89,-16.21,-6.88,-4.99,-0.83,2022-23
8480193,Daniil Tarasov,2023,504,53,35.17,0.89,-17.83,-7.32,-5.18,-0.86,2022-23
8477480,Eric Comrie,2023,584,68,47.8,0.88,-20.2,-8.02,-5.55,-0.92,2022-23
8478435,Dan Vladar,2023,626,68,46.05,0.89,-21.95,-8.89,-6.24,-1.04,2022-23
8475852,Petr Mrazek,2023,1160,126,90.6,0.89,-35.4,-11.2,-6.28,-1.05,2022-23
8477361,Calvin Petersen,2023,257,34,19.45,0.87,-14.55,-9.19,-8.1,-1.35,2022-23
8473503,James Reimer,2023,1130,120,83.27,0.89,-36.73,-13.15,-8.37,-1.39,2022-23
8474636,Michael Hutchinson,2023,412,52,32.95,0.87,-19.05,-10.45,-8.71,-1.45,2022-23
8476412,Jordan Binnington,2023,1772,189,135.35,0.89,-53.65,-16.68,-9.18,-1.53,2022-23
8475789,Jack Campbell,2023,980,109,73.78,0.89,-35.22,-14.78,-10.63,-1.77,2022-23
8478024,Ville Husso,2023,1541,160,110.59,0.9,-49.41,-17.25,-10.73,-1.79,2022-23
8471734,Jonathan Quick,2023,1000,114,77.95,0.89,-36.05,-15.19,-10.95,-1.82,2022-23
8474889,Martin Jones,2023,1111,126,85.76,0.89,-40.24,-17.06,-12.36,-2.06,2022-23
8478433,Felix Sandstrom,2023,575,69,42.15,0.88,-26.85,-14.85,-12.42,-2.07,2022-23
8478039,Kaapo Kahkonen,2023,966,114,68.33,0.88,-45.67,-25.52,-21.43,-3.57,2022-23
8477484,Spencer Martin,2023,816,106,63.11,0.87,-42.89,-25.87,-22.41,-3.74,2022-23
8478007,Elvis Merzlikins,2023,884,109,64.18,0.88,-44.82,-26.38,-22.63,-3.77,2022-23
8477967,Thatcher Demko,2024,266,13,21.67,0.95,8.67,14.35,15.48,2.58,2023-24
8480280,Jeremy Swayman,2024,185,9,12.9,0.95,3.9,7.85,8.63,1.44,2023-24
8473575,Semyon Varlamov,2024,108,3,8.43,0.97,5.43,7.74,8.19,1.36,2023-24
8479361,Joseph Woll,2024,212,15,17.47,0.93,2.47,7.0,7.89,1.32,2023-24
8475660,Cam Talbot,2024,247,19,20.24,0.92,1.24,6.51,7.56,1.26,2023-24
8479979,Jake Oettinger,2024,254,17,17.13,0.93,0.13,5.56,6.63,1.1,2023-24
8478499,Adin Hill,2024,210,13,13.97,0.94,0.97,5.45,6.34,1.06,2023-24
8474596,Jake Allen,2024,190,12,13.06,0.94,1.06,5.12,5.92,0.99,2023-24
8480313,Logan Thompson,2024,182,14,15.14,0.92,1.14,5.03,5.8,0.97,2023-24
8471734,Jonathan Quick,2024,97,5,7.3,0.95,2.3,4.37,4.78,0.8,2023-24
8477992,Jonas Johansson,2024,343,32,27.7,0.91,-4.3,3.02,4.47,0.74,2023-24
8475852,Petr Mrazek,2024,232,18,16.07,0.92,-1.93,3.03,4.01,0.67,2023-24
8476412,Jordan Binnington,2024,224,17,15.05,0.92,-1.95,2.84,3.78,0.63,2023-24
8480843,Lukas Dostal,2024,201,16,14.32,0.92,-1.68,2.61,3.46,0.58,2023-24
8477484,Spencer Martin,2024,118,9,8.85,0.92,-0.15,2.37,2.87,0.48,2023-24
8475683,Sergei Bobrovsky,2024,250,24,20.4,0.9,-3.6,1.74,2.79,0.46,2023-24
8475311,Darcy Kuemper,2024,205,20,17.1,0.9,-2.9,1.47,2.34,0.39,2023-24
8478048,Igor Shesterkin,2024,204,18,14.98,0.91,-3.02,1.33,2.2,0.37,2023-24
8473503,James Reimer,2024,104,6,5.42,0.94,-0.58,1.65,2.09,0.35,2023-24
8476999,Linus Ullmark,2024,189,14,11.12,0.93,-2.88,1.16,1.96,0.33,2023-24
8477480,Eric Comrie,2024,70,6,6.1,0.91,0.1,1.59,1.89,0.32,2023-24
8479292,Charlie Lindgren,2024,46,4,4.32,0.91,0.32,1.3,1.49,0.25,2023-24
8480382,Alexandar Georgiev,2024,257,26,20.86,0.9,-5.14,0.35,1.44,0.24,2023-24
8480981,Joel Hofer,2024,102,9,7.8,0.91,-1.2,0.98,1.41,0.24,2023-24
8481031,Ivan Prosvetov,2024,33,1,1.33,0.97,0.33,1.04,1.18,0.2,2023-24
8479193,Casey Desmith,2024,106,10,8.36,0.91,-1.64,0.63,1.07,0.18,2023-24
8476434,John Gibson,2024,156,14,10.96,0.91,-3.04,0.29,0.95,0.16,2023-24
8478009,Ilya Sorokin,2024,248,22,16.57,0.91,-5.43,-0.14,0.91,0.15,2023-24
8479394,Carter Hart,2024,200,17,12.77,0.92,-4.23,0.04,0.88,0.15,2023-24
8476914,Joonas Korpisalo,2024,231,23,17.72,0.9,-5.28,-0.35,0.63,0.1,2023-24
8480947,Kevin Lankinen,2024,63,5,3.93,0.92,-1.07,0.28,0.54,0.09,2023-24
8478872,Karel Vejmelka,2024,218,21,15.93,0.9,-5.07,-0.41,0.51,0.08,2023-24
8477424,Juuse Saros,2024,241,20,14.23,0.92,-5.77,-0.63,0.39,0.06,2023-24
8478039,Kaapo Kahkonen,2024,137,17,13.72,0.88,-3.28,-0.35,0.23,0.04,2023-24
8474593,Jacob Markstrom,2024,232,24,18.19,0.9,-5.81,-0.86,0.13,0.02,2023-24
8475809,Scott Wedgewood,2024,112,10,7.25,0.91,-2.75,-0.36,0.12,0.02,2023-24
8475831,Philipp Grubauer,2024,215,21,15.65,0.9,-5.35,-0.76,0.15,0.02,2023-24
8477970,Vitek Vanecek,2024,230,23,17.19,0.9,-5.81,-0.9,0.07,0.01,2023-24
8482821,Arvid Soderblom,2024,152,18,14.17,0.88,-3.83,-0.59,0.06,0.01,2023-24
8476945,Connor Hellebuyck,2024,255,28,21.36,0.89,-6.64,-1.2,-0.12,-0.02,2023-24
8481033,Akira Schmid,2024,106,12,9.1,0.89,-2.9,-0.64,-0.19,-0.03,2023-24
8476433,Magnus Hellberg,2024,17,2,1.33,0.88,-0.67,-0.3,-0.23,-0.04,2023-24
8480051,Cayden Primeau,2024,33,4,2.78,0.88,-1.22,-0.52,-0.38,-0.06,2023-24
8477968,Alex Nedeljkovic,2024,70,6,3.7,0.91,-2.3,-0.8,-0.51,-0.08,2023-24
8476932,Anthony Stolarz,2024,51,5,3.15,0.9,-1.85,-0.76,-0.54,-0.09,2023-24
8475883,Frederik Andersen,2024,141,14,9.62,0.9,-4.38,-1.37,-0.78,-0.13,2023-24
8478916,Joey Daccord,2024,172,15,9.66,0.91,-5.34,-1.67,-0.94,-0.16,2023-24
8478971,Connor Ingram,2024,104,9,5.37,0.91,-3.63,-1.4,-0.96,-0.16,2023-24
8480045,Ukko Pekka Luukkonen,2024,142,14,9.31,0.9,-4.69,-1.65,-1.05,-0.18,2023-24
8478024,Ville Husso,2024,259,26,18.11,0.9,-7.89,-2.36,-1.26,-0.21,2023-24
8482411,Hunter Shepard,2024,22,4,2.09,0.82,-1.91,-1.44,-1.35,-0.22,2023-24
8478470,Sam Montembeault,2024,159,17,11.48,0.89,-5.52,-2.13,-1.45,-0.24,2023-24
8476341,Anton Forsberg,2024,80,11,7.45,0.86,-3.55,-1.84,-1.5,-0.25,2023-24
8477035,Matt Tomkins,2024,64,7,3.82,0.89,-3.18,-1.82,-1.55,-0.26,2023-24
8480992,Magnus Chrona,2024,17,4,1.91,0.76,-2.09,-1.73,-1.66,-0.28,2023-24
8477465,Tristan Jarry,2024,194,20,13.28,0.9,-6.72,-2.58,-1.76,-0.29,2023-24
8476316,Laurent Brossoit,2024,32,5,2.37,0.84,-2.63,-1.95,-1.81,-0.3,2023-24
8477361,Calvin Petersen,2024,30,5,2.0,0.83,-3.0,-2.36,-2.23,-0.37,2023-24
8478007,Elvis Merzlikins,2024,242,25,16.61,0.9,-8.39,-3.22,-2.2,-0.37,2023-24
8477293,Antti Raanta,2024,98,13,8.02,0.87,-4.98,-2.89,-2.48,-0.41,2023-24
8475789,Jack Campbell,2024,155,20,13.49,0.87,-6.51,-3.2,-2.54,-0.42,2023-24
8478406,Mackenzie Blackwood,2024,256,31,21.8,0.88,-9.2,-3.74,-2.65,-0.44,2023-24
8470594,Marc Andre Fleury,2024,131,14,7.81,0.89,-6.19,-3.39,-2.84,-0.47,2023-24
8482221,Devon Levi,2024,147,17,9.25,0.88,-7.75,-4.61,-3.99,-0.66,2023-24
8481611,Pyotr Kochetkov,2024,68,11,5.02,0.84,-5.98,-4.52,-4.24,-0.71,2023-24
8479406,Filip Gustavsson,2024,233,30,18.97,0.87,-11.03,-6.06,-5.07,-0.85,2023-24
8477831,Pheonix Copley,2024,52,11,4.39,0.79,-6.61,-5.5,-5.28,-0.88,2023-24
8479973,Stuart Skinner,2024,180,26,15.81,0.86,-10.19,-6.34,-5.58,-0.93,2023-24
8478435,Dan Vladar,2024,77,12,4.34,0.84,-7.66,-6.01,-5.69,-0.95,2023-24
8478492,Ilya Samsonov,2024,159,23,13.17,0.86,-9.83,-6.44,-5.76,-0.96,2023-24
8481035,Samuel Ersson,2024,81,15,6.4,0.81,-8.6,-6.87,-6.53,-1.09,2023-24
8478009,Ilya Sorokin,2025,1238,114,103.17,0.91,-10.83,26.51,31.75,5.29,2024-25
8476883,Andrei Vasilevskiy,2025,1204,106,93.13,0.91,-12.87,23.44,28.54,4.76,2024-25
8480313,Logan Thompson,2025,1288,117,97.37,0.91,-19.63,19.21,24.66,4.11,2024-25
8480280,Jeremy Swayman,2025,1319,126,103.21,0.9,-22.79,16.99,22.58,3.76,2024-25
8479312,Alex Lyon,2025,915,83,72.76,0.91,-10.24,17.35,21.23,3.54,2024-25
8475809,Scott Wedgewood,2025,921,73,61.96,0.92,-11.04,16.74,20.64,3.44,2024-25
8482982,Jet Greaves,2025,1225,116,94.16,0.91,-21.84,15.1,20.29,3.38,2024-25
8478048,Igor Shesterkin,2025,1230,122,99.79,0.9,-22.21,14.88,20.09,3.35,2024-25
8481519,Spencer Knight,2025,1326,129,101.83,0.9,-27.17,12.82,18.44,3.07,2024-25
8482445,Devin Cooley,2025,652,60,53.64,0.91,-6.36,13.3,16.07,2.68,2024-25
8480981,Joel Hofer,2025,980,91,72.0,0.91,-19.0,10.56,14.71,2.45,2024-25
8478872,Karel Vejmelka,2025,1356,138,105.66,0.9,-32.34,8.56,14.3,2.38,2024-25
8479406,Filip Gustavsson,2025,1191,114,86.33,0.9,-27.67,8.25,13.3,2.22,2024-25
8477424,Juuse Saros,2025,1407,148,112.43,0.89,-35.57,6.87,12.82,2.14,2024-25
8478435,Dan Vladar,2025,1056,103,79.11,0.9,-23.89,7.96,12.43,2.07,2024-25
8476434,John Gibson,2025,1206,119,89.46,0.9,-29.54,6.83,11.93,1.99,2024-25
8482661,Jesper Wallstedt,2025,867,76,56.81,0.91,-19.19,6.96,10.63,1.77,2024-25
8478406,Mackenzie Blackwood,2025,691,73,57.31,0.89,-15.69,5.15,8.08,1.35,2024-25
8481692,Dustin Wolf,2025,1280,135,99.0,0.89,-36.0,2.6,8.02,1.34,2024-25
8480045,Ukko Pekka Luukkonen,2025,692,69,53.0,0.9,-16.0,4.87,7.8,1.3,2024-25
8474596,Jake Allen,2025,807,82,61.68,0.9,-20.32,4.02,7.44,1.24,2024-25
8477480,Eric Comrie,2025,524,50,39.32,0.9,-10.68,5.12,7.34,1.22,2024-25
8481668,Arturs Silovs,2025,821,80,58.88,0.9,-21.12,3.64,7.11,1.18,2024-25
8477968,Alex Nedeljkovic,2025,829,85,63.47,0.9,-21.53,3.47,6.98,1.16,2024-25
8476945,Connor Hellebuyck,2025,1275,139,101.96,0.89,-37.04,1.41,6.81,1.14,2024-25
8479193,Casey Desmith,2025,625,63,48.27,0.9,-14.73,4.12,6.76,1.13,2024-25
8479979,Jake Oettinger,2025,1148,115,82.03,0.9,-32.97,1.65,6.52,1.09,2024-25
8479361,Joseph Woll,2025,977,98,70.34,0.9,-27.66,1.81,5.94,0.99,2024-25
8483710,Dennis Hildeby,2025,493,48,36.88,0.9,-11.12,3.75,5.83,0.97,2024-25
8475311,Darcy Kuemper,2025,1037,108,76.93,0.9,-31.07,0.21,4.6,0.77,2024-25
8475831,Philipp Grubauer,2025,713,74,54.11,0.9,-19.89,1.61,4.63,0.77,2024-25
8477967,Thatcher Demko,2025,508,56,42.26,0.89,-13.74,1.58,3.73,0.62,2024-25
8484170,Jacob Fowler,2025,329,34,26.33,0.9,-7.67,2.25,3.64,0.61,2024-25
8478024,Ville Husso,2025,417,46,35.27,0.89,-10.73,1.85,3.61,0.6,2024-25
8476899,Matt Murray,2025,93,7,7.31,0.92,0.31,3.11,3.51,0.58,2024-25
8483548,Brandon Bussi,2025,742,80,57.8,0.89,-22.2,0.18,3.32,0.55,2024-25
8479973,Stuart Skinner,2025,1041,117,84.28,0.89,-32.72,-1.32,3.09,0.52,2024-25
8482123,Drew Commesso,2025,82,6,5.68,0.93,-0.32,2.15,2.5,0.42,2024-25
8482076,Nico Daws,2025,31,1,2.38,0.97,1.38,2.31,2.44,0.41,2024-25
8481529,Trent Miner,2025,104,7,5.78,0.93,-1.22,1.91,2.35,0.39,2024-25
8476341,Anton Forsberg,2025,743,79,55.53,0.89,-23.47,-1.06,2.09,0.35,2024-25
8479496,David Rittich,2025,679,73,51.53,0.89,-21.47,-0.99,1.88,0.31,2024-25
8481611,Pyotr Kochetkov,2025,187,20,15.32,0.89,-4.68,0.96,1.75,0.29,2024-25
8478916,Joey Daccord,2025,1131,113,75.78,0.9,-37.22,-3.11,1.68,0.28,2024-25
8481544,Mads Sogaard,2025,20,1,1.41,0.95,0.41,1.02,1.1,0.18,2024-25
8481551,Colten Ellis,2025,362,40,28.6,0.89,-11.4,-0.49,1.05,0.18,2024-25
8480843,Lukas Dostal,2025,1270,143,99.89,0.89,-43.11,-4.81,0.57,0.09,2024-25
8478971,Connor Ingram,2025,545,58,39.69,0.89,-18.31,-1.88,0.43,0.07,2024-25
8482487,Jakub Dobes,2025,888,99,68.8,0.89,-30.2,-3.42,0.34,0.06,2024-25
8477970,Vitek Vanecek,2025,421,50,35.28,0.88,-14.72,-2.02,-0.24,-0.04,2024-25
8482411,Hunter Shepard,2025,11,1,0.4,0.91,-0.6,-0.27,-0.23,-0.04,2024-25
8477831,Pheonix Copley,2025,28,3,1.65,0.89,-1.35,-0.5,-0.39,-0.06,2024-25
8483532,Clay Stevenson,2025,74,8,4.79,0.89,-3.21,-0.98,-0.67,-0.11,2024-25
8476932,Anthony Stolarz,2025,588,64,43.03,0.89,-20.97,-3.23,-0.74,-0.12,2024-25
8484268,Nikita Tolopilo,2025,410,45,29.87,0.89,-15.13,-2.77,-1.03,-0.17,2024-25
8476914,Joonas Korpisalo,2025,702,79,53.79,0.89,-25.21,-4.04,-1.07,-0.18,2024-25
8477484,Spencer Martin,2025,122,16,10.23,0.87,-5.77,-2.1,-1.58,-0.26,2024-25
8479292,Charlie Lindgren,2025,569,68,46.61,0.88,-21.39,-4.23,-1.82,-0.3,2024-25
8482783,Aleksei Kolosov,2025,37,5,1.71,0.86,-3.29,-2.17,-2.02,-0.34,2024-25
8481033,Akira Schmid,2025,756,84,55.9,0.89,-28.1,-5.3,-2.1,-0.35,2024-25
8483114,Thomas Milic,2025,59,8,3.71,0.86,-4.29,-2.51,-2.26,-0.38,2024-25
8481020,Justus Annunen,2025,523,62,41.19,0.88,-20.81,-5.04,-2.82,-0.47,2024-25
8483703,Sergei Murashov,2025,115,12,5.23,0.9,-6.77,-3.3,-2.82,-0.47,2024-25
8478007,Elvis Merzlikins,2025,712,81,53.58,0.89,-27.42,-5.94,-2.93,-0.49,2024-25
8480238,Jiri Patera,2025,41,8,3.57,0.8,-4.43,-3.2,-3.02,-0.5,2024-25
8473503,James Reimer,2025,189,23,12.94,0.88,-10.06,-4.35,-3.55,-0.59,2024-25
8476316,Laurent Brossoit,2025,25,7,2.55,0.72,-4.45,-3.7,-3.59,-0.6,2024-25
8482137,Yaroslav Askarov,2025,1099,125,83.57,0.89,-41.43,-8.28,-3.63,-0.6,2024-25
8480193,Daniil Tarasov,2025,632,72,46.48,0.89,-25.52,-6.46,-3.78,-0.63,2024-25
8479394,Carter Hart,2025,265,30,16.8,0.89,-13.2,-5.2,-4.08,-0.68,2024-25
8482761,Carl Lindbom,2025,193,28,16.96,0.85,-11.04,-5.22,-4.4,-0.73,2024-25
8477465,Tristan Jarry,2025,736,86,56.21,0.88,-29.79,-7.59,-4.48,-0.75,2024-25
8478470,Sam Montembeault,2025,621,78,52.01,0.87,-25.99,-7.26,-4.63,-0.77,2024-25
8475660,Cam Talbot,2025,666,76,48.28,0.89,-27.72,-7.64,-4.82,-0.8,2024-25
8482821,Arvid Soderblom,2025,569,73,48.47,0.87,-24.53,-7.36,-4.96,-0.83,2024-25
8477992,Jonas Johansson,2025,577,72,47.06,0.88,-24.94,-7.54,-5.1,-0.85,2024-25
8475717,Calvin Pickard,2025,388,54,34.81,0.86,-19.19,-7.49,-5.85,-0.98,2024-25
8480051,Cayden Primeau,2025,80,13,4.06,0.84,-8.94,-6.53,-6.19,-1.03,2024-25
8471734,Jonathan Quick,2025,636,77,48.87,0.88,-28.13,-8.95,-6.25,-1.04,2024-25
8475852,Petr Mrazek,2025,247,38,20.47,0.85,-17.53,-10.08,-9.03,-1.5,2024-25
8476999,Linus Ullmark,2025,931,109,67.43,0.88,-41.57,-13.5,-9.55,-1.59,2024-25
8478499,Adin Hill,2025,429,56,31.22,0.87,-24.78,-11.84,-10.03,-1.67,2024-25
8474593,Jacob Markstrom,2025,985,117,72.75,0.88,-44.25,-14.54,-10.37,-1.73,2024-25
8475883,Frederik Andersen,2025,703,97,62.28,0.86,-34.72,-13.52,-10.55,-1.76,2024-25
8475683,Sergei Bobrovsky,2025,1108,141,91.93,0.87,-49.07,-15.65,-10.96,-1.83,2024-25
8480947,Kevin Lankinen,2025,1017,131,84.41,0.87,-46.59,-15.92,-11.62,-1.94,2024-25
8476412,Jordan Binnington,2025,878,115,69.98,0.87,-45.02,-18.54,-14.82,-2.47,2024-25
8481035,Samuel Ersson,2025,626,87,46.9,0.86,-40.1,-21.22,-18.57,-3.1,2024-25
