goalie_id,goalie_name,total_shots,total_ga,total_xGA,total_sv_pct,total_GSAx_adj,seasons_played,GOALIE_GAR,GOALIE_WAR
8476883,Andrei.Vasilevskiy,17098,1395,1239.907708534399,0.9184115101181425,202.86759893592415,10,279.1,46.52
8476945,Connor.Hellebuyck,16267,1398,1160.1789393165352,0.9140591381324153,106.02523653145552,10,178.55,29.76
8477424,Juuse.Saros,10660,901,769.1350990417303,0.9154784240150093,102.7602860885987,10,150.29,25.05
8478048,Igor.Shesterkin,7163,571,521.1390195871966,0.9202847968728186,112.69566271392853,6,144.63,24.1
8470594,Marc.Andre.Fleury,15172,1284,1062.5448582999998,0.9153704191932507,75.40401776234656,10,143.05,23.84
8475683,Sergei.Bobrovsky,16578,1487,1212.8607753491756,0.9103028109542768,64.50984133735217,11,138.42,23.07
8474651,Braden.Holtby,13631,1147,945.6153633999998,0.9158535690705011,57.07763855961627,8,117.85,19.64
8478009,Ilya.Sorokin,6008,482,427.87501144895634,0.9197736351531292,84.80735213304732,5,111.59,18.6
8470645,Corey.Crawford,9399,760,651.9941961499999,0.9191403340780934,64.16740074020136,6,106.07,17.68
8471750,Ben.Bishop,9657,757,639.0270317999999,0.9216112664388526,62.42966373444976,6,105.48,17.58
8471695,Tuukka.Rask,11714,956,780.7913536099999,0.9183882533720334,47.66234840349239,8,99.89,16.65
8475883,Frederik.Andersen,15503,1351,1070.280214387381,0.9128555763400632,28.59594832077366,11,97.71,16.28
8471679,Carey.Price,11437,939,759.2044891199998,0.9178980501879863,41.91327979543423,8,92.9,15.48
8473575,Semyon.Varlamov,12231,1029,825.1299056499998,0.915869511896002,35.596377173952064,10,90.13,15.02
8475311,Darcy.Kuemper,11326,978,771.9668067446181,0.9136500088292424,34.41055496179554,11,84.91,14.15
8474593,Jacob.Markstrom,13142,1192,933.311911628135,0.9092984325064678,18.487098512549906,11,77.08,12.85
8476434,John.Gibson,14897,1321,1021.803865242324,0.9113244277371283,9.72222741498632,11,76.14,12.69
8475660,Cam.Talbot,13845,1216,954.0304371078312,0.9121704586493319,12.918330761131088,11,74.64,12.44
8477293,Antti.Raanta,6760,551,461.1202571999999,0.9184911242603551,43.6121068584342,10,73.75,12.29
8469608,Mike.Smith,11061,983,791.7925163599998,0.9111291926588916,21.967146007937583,8,71.28,11.88
8480280,Jeremy.Swayman,4122,350,302.39469102609064,0.9150897622513343,52.17126134876143,5,70.55,11.76
8466141,Roberto.Luongo,7328,599,503.1241387499999,0.9182587336244541,37.55920732624858,5,70.23,11.7
8475215,Robin.Lehner,9712,813,648.3474701099999,0.9162891268533773,24.837543283344303,8,68.14,11.36
8470860,Jaroslav.Halak,9191,793,635.7824423,0.9137199434229137,19.718209376945794,9,60.69,10.12
8476999,Linus.Ullmark,7388,632,497.3434109213572,0.9144558743909041,27.19993173882539,10,60.14,10.02
8477967,Thatcher.Demko,5844,520,425.44812205193114,0.9110198494182067,33.39163706609522,8,59.45,9.91
8471469,Pekka.Rinne,11982,1003,784.1078551899999,0.9162911033216491,5.715057896655896,7,59.13,9.86
8471239,Cory.Schneider,7732,658,541.0332189299999,0.9148991205380238,23.035354286848282,7,57.51,9.58
8476899,Matt.Murray,9349,821,650.7958537127664,0.912183121189432,15.292152739926248,9,56.97,9.49
8468685,Henrik.Lundqvist,10418,876,691.8042550099999,0.9159147629103475,9.100551706189565,6,55.55,9.26
8475831,Philipp.Grubauer,9587,865,672.6056092091258,0.9097736518201731,11.423313693166781,11,54.17,9.03
8471734,Jonathan.Quick,12395,1142,892.2831683684894,0.9078660750302542,-2.198146820515386,11,53.06,8.84
8479193,Casey.Desmith,4674,417,342.07301587158804,0.9107830551989731,30.109601646267745,7,50.95,8.49
8479979,Jake.Oettinger,6036,520,402.01952699744436,0.9138502319416832,20.13456609214162,6,47.04,7.84
8474596,Jake.Allen,12191,1112,857.0371818425925,0.9087851693872528,-8.913716054137314,11,45.44,7.57
8480313,Logan.Thompson,3305,290,236.91701522721223,0.9122541603630863,29.1608036756979,5,43.9,7.32
8480382,Alexandar.Georgiev,5967,525,414.24515305999995,0.9120160884866767,14.201245704888002,7,40.8,6.8
8473461,Steve.Mason,5131,431,358.82628694999994,0.9160007795751316,16.294311119309555,4,39.17,6.53
8479406,Filip.Gustavsson,3594,322,253.1442961021883,0.9104062326099054,18.263511719461796,5,34.29,5.72
8479394,Carter.Hart,6610,613,476.6291724156714,0.9072617246596066,4.674115044754231,7,34.14,5.69
8473503,James.Reimer,9844,885,680.3678788649969,0.9100975213327915,-10.205833171929761,11,33.68,5.61
8471418,Anton.Khudobin,6131,537,420.5441110199999,0.9124123307780134,6.23248088710524,9,33.57,5.6
8475809,Scott.Wedgewood,4043,363,285.1119895513632,0.9102151867425179,14.984908634582604,7,33.01,5.5
8470147,Curtis.McElhinney,4365,386,315.25683455999996,0.9115693012600229,13.09589050166048,7,32.56,5.43
8481519,Spencer.Knight,3094,295,234.53622572369557,0.9046541693600517,17.501269342230586,4,31.3,5.22
8470880,Brian.Elliott,8947,817,636.8269241999999,0.9086844752430983,-10.012378428539272,9,29.88,4.98
8477465,Tristan.Jarry,7011,633,474.7549687965248,0.9097133076593924,-4.339719902136338,9,26.92,4.49
8482982,Jet.Greaves,1377,127,106.34148812706164,0.9077705156136529,20.271552637452768,2,26.41,4.4
8480925,Pavel.Francouz,2328,190,157.90007301999998,0.9183848797250859,15.853766474747447,4,26.23,4.37
8476341,Anton.Forsberg,4664,444,345.33672406705523,0.9048027444253859,4.408976683016381,10,25.2,4.2
8475789,Jack.Campbell,5175,465,357.1979638199999,0.9101449275362319,1.1671672588186763,8,24.24,4.04
8471306,Thomas.Greiss,8691,771,587.7526927499998,0.9112875388332758,-15.276567596196749,9,23.47,3.91
8479361,Joseph.Woll,1745,160,127.76765541775168,0.9083094555873925,14.711675841727487,4,22.49,3.75
8471715,Ondrej.Pavelec,3149,282,233.39718896999995,0.9104477611940298,6.724641717293018,4,20.76,3.46
8477968,Alex.Nedeljkovic,4301,407,308.41196487965533,0.9053708439897699,0.6327485240624178,8,19.81,3.3
8479312,Alex.Lyon,2133,208,164.6497467915322,0.902484763244257,10.083263925464063,7,19.59,3.26
8468011,Ryan.Miller,6870,599,462.2206880499999,0.9128093158660844,-11.353539413617879,7,19.27,3.21
8476412,Jordan.Binnington,8360,805,601.972883448311,0.9037081339712919,-18.44351601719354,8,18.83,3.14
8473541,Jonathan.Bernier,8308,755,578.3581091799999,0.9091237361579201,-18.24320420488749,8,18.8,3.13
8480981,Joel.Hofer,1356,124,98.79359836543898,0.9085545722713865,12.55013510027786,4,18.6,3.1
8467950,Craig.Anderson,11219,993,747.5943085899999,0.91148943756128,-31.608935717403494,9,18.41,3.07
8482445,Devin.Cooley,720,66,58.93176717093458,0.9083333333333333,14.568493792539158,1,17.78,2.96
8478406,Mackenzie.Blackwood,5288,512,385.81322848239176,0.9031770045385779,-7.560014071646788,7,16.02,2.67
8477202,Andrew.Hammond,2017,169,139.12120667999997,0.9162121963311849,6.056346850711417,5,15.05,2.51
8475852,Petr.Mrazek,10053,939,712.6758372191968,0.9065950462548493,-29.78321703414054,11,15.04,2.51
8476904,Chris.Driedger,1677,145,115.28197566999998,0.913536076326774,5.889454554396345,6,13.37,2.23
8479973,Stuart.Skinner,3464,350,264.4233653398957,0.898960739030023,-2.885156426831138,5,12.56,2.09
8478499,Adin.Hill,3759,346,257.82916952612004,0.9079542431497739,-4.345634713902037,8,12.41,2.07
8475195,Anders.Nilsson,4121,367,281.4886947299999,0.9109439456442611,-6.444977121226517,5,11.93,1.99
8478872,Karel.Vejmelka,4939,499,371.3259373680892,0.8989674023081595,-11.24863269866891,4,10.77,1.8
8482661,Jesper.Wallstedt,887,78,58.20943133959974,0.9120631341600902,6.864676497048716,1,10.82,1.8
8481692,Dustin.Wolf,1388,142,105.07490808237988,0.8976945244956772,4.556027646633653,2,10.74,1.79
8477480,Eric.Comrie,1971,196,151.30363576095004,0.9005580923389143,1.3484944324151407,9,10.14,1.69
8473607,Michal.Neuvirth,3461,308,238.86162711999995,0.9110083790811904,-7.535785629339246,5,7.89,1.32
8482487,Jakub.Dobes,992,103,76.11103887686151,0.8961693548387096,2.921639999961158,1,7.34,1.22
8480843,Lukas.Dostal,2277,236,172.85386546049017,0.896354852876592,-3.0128913365137455,4,7.14,1.19
8476932,Anthony.Stolarz,2851,268,197.22008706012537,0.9059978954752719,-5.850230121640386,7,6.86,1.14
8480045,Ukko.Pekka.Luukkonen,2386,241,179.23900177546307,0.8989941324392289,-4.5063167283813605,5,6.13,1.02
8483710,Dennis.Hildeby,493,48,36.87814721161703,0.9026369168356998,3.6932947455768357,1,5.89,0.98
8478492,Ilya.Samsonov,3987,377,281.27259434999996,0.9054426887383998,-12.024628323098002,5,5.75,0.96
8479292,Charlie.Lindgren,2318,231,173.48094997057757,0.9003451251078516,-4.625314818754912,9,5.71,0.95
8477180,Aaron.Dell,3317,315,238.95737821999995,0.9050346698824239,-9.383546121459979,7,5.4,0.9
8476316,Laurent.Brossoit,3286,318,240.878562391518,0.9032258064516129,-9.410214313076374,11,5.24,0.87
8476844,Niklas.Svedberg,423,34,29.934408909999995,0.9196217494089834,3.2275308891319785,1,5.11,0.85
8476914,Joonas.Korpisalo,7461,723,536.8122043663957,0.9030960997185364,-28.719840636950124,10,4.54,0.76
8478971,Connor.Ingram,1860,184,135.35460542020428,0.9010752688172043,-4.006230709508252,4,4.29,0.72
8477234,Troy.Grosenick,135,9,9.271187399999999,0.9333333333333333,2.980689426934788,2,3.58,0.6
8484170,Jacob.Fowler,374,38,28.72393759208637,0.8983957219251337,1.9630150316420814,1,3.63,0.6
8477084,Mackenzie.Skapski,45,1,3.52189667,0.9777777777777777,3.29776071033319,1,3.5,0.58
8475156,Mikko.Koskinen,4721,447,329.64463112,0.9053166701969921,-17.669044741349268,4,3.38,0.56
8480867,Kevin.Mandolese,120,10,10.303386589999999,0.9166666666666666,2.8070379301045096,1,3.34,0.56
8482193,Dylan.Garand,66,3,3.79313447525834,0.9545454545454546,2.77650108223876,1,3.07,0.51
8475663,Eddie.Lack,2856,265,206.01404368999997,0.9072128851540616,-9.7582769170689,4,2.97,0.5
8483548,Brandon.Bussi,787,85,60.49162404193315,0.8919949174078781,-0.8582317202851755,1,2.65,0.44
8471403,Karri.Ramo,2056,182,140.50230841999996,0.9114785992217899,-6.498328767835261,2,2.67,0.44
8471227,Devan.Dubnyk,11012,932,678.3309022399999,0.9153650563022158,-46.51158938313979,7,2.58,0.43
8482123,Drew.Commesso,82,6,5.67731560374381,0.926829268292683,2.141498357870998,1,2.51,0.42
8478965,Ken.Appleby,55,3,3.973580719999999,0.9454545454545454,2.083481298941641,1,2.33,0.39
8481529,Trent.Miner,104,7,5.77542053294161,0.9326923076923077,1.9007254893956054,1,2.36,0.39
8473499,Reto.Berra,1000,87,67.27312703999998,0.913,-2.409857238601747,4,2.05,0.34
8480263,Dylan.Ferguson,85,6,5.819604259999999,0.9294117647058824,1.5916564579580423,2,1.97,0.33
8474591,Tom.McCollum,25,1,2.1828155399999996,0.96,1.6138511179628827,1,1.73,0.29
8479294,Kevin.Boyle,139,10,8.128124409999998,0.9280575539568345,1.0986870851878754,1,1.72,0.29
8477457,Zach.Fucale,66,5,4.8508004399999995,0.9242424242424242,1.2262753031677016,1,1.52,0.25
8477356,Kristers.Gudlevskis,35,1,1.7083226499999995,0.9714285714285714,1.2969944071420545,2,1.45,0.24
8475920,Michael.Houser,218,18,13.6128793,0.9174311926605505,0.34798214946950834,2,1.32,0.22
8479313,Zach.Sawchenko,151,15,12.42888118,0.9006622516556292,0.5758009427018633,1,1.25,0.21
8476330,Adam.Wilcox,14,0,0.8739054999999996,1.0,1.1564256473669632,1,1.22,0.2
8481551,Colten.Ellis,362,40,28.59508649580723,0.8895027624309393,-0.5264481749971335,1,1.09,0.18
8483530,Jaxson.Stauber,179,17,13.350353909999997,0.9050279329608939,0.08496715898922558,1,0.88,0.15
8480373,Josef.Korenar,293,29,22.011268589999997,0.9010238907849829,-0.5313795790511691,2,0.77,0.13
8480213,Gilles.Senn,38,3,2.724300129999999,0.9210526315789473,0.49434025986305585,1,0.66,0.11
8476986,Marek.Langhamer,18,1,1.21274139,0.9444444444444444,0.5502276250040867,2,0.63,0.1
8479016,Landon.Bow,19,1,0.9568382499999998,0.9473684210526316,0.36288638545733554,1,0.45,0.08
8479380,Dylan.Wells,13,1,1.1110164799999998,0.9230769230769231,0.3822453751779884,1,0.44,0.07
8479138,Scott.Foster,7,0,0.20411739,1.0,0.34537746368348177,1,0.38,0.06
8481668,Arturs.Silovs,986,102,69.30096302446061,0.896551724137931,-4.079339190824682,2,0.32,0.05
8477312,Antoine.Bibeau,97,9,7.045558279999998,0.9072164948453608,-0.17050259238584353,2,0.26,0.04
8477092,Andrey.Makarov,36,3,2.4211514799999994,0.9166666666666666,0.04184271226655123,1,0.2,0.03
8480199,Eetu.Makiniemi,32,3,2.3614275499999997,0.90625,0.029067907361202572,1,0.17,0.03
8477990,Brandon.Halverson,6,1,0.82664843,0.8333333333333334,-0.05227150684272991,1,-0.03,-0.0
8478903,Adam.Huska,26,2,1.26346499,0.9230769230769231,-0.19468127602484475,1,-0.08,-0.01
8479530,Adam.Werner,58,5,3.4186543399999993,0.9137931034482758,-0.406021251261651,1,-0.15,-0.02
8474889,Martin.Jones,12876,1210,901.2296096199998,0.906026716371544,-57.836207549085366,9,-0.43,-0.07
8474690,Kevin.Poulin,26,3,1.9064261999999994,0.8846153846153846,-0.645296798918602,1,-0.53,-0.09
8473614,Richard.Bachman,390,37,27.896182499999995,0.9051282051282051,-2.3188730704686185,4,-0.58,-0.1
8480238,Jiri.Patera,111,13,9.180470190250999,0.8828828828828829,-1.126975150957776,2,-0.63,-0.1
8480363,Kaden.Fulcher,11,2,1.1218460999999997,0.8181818181818181,-0.6430734005247006,1,-0.59,-0.1
8483532,Clay.Stevenson,74,8,4.78504502849207,0.8918918918918919,-0.9911802909541256,1,-0.66,-0.11
8480591,Thomas.Hodges,3,1,0.27453079999999996,0.6666666666666667,-0.662947615310559,1,-0.65,-0.11
8477914,Roman.Will,3,1,0.1957068999999998,0.6666666666666667,-0.7538753382666736,1,-0.74,-0.12
8481001,Veini.Vehvilainen,4,1,0.11041586999999989,0.75,-0.8007789618929404,1,-0.78,-0.13
8471301,Jeff.Glass,451,45,33.11107251999999,0.9002217294900222,-2.787742732678538,1,-0.78,-0.13
8482447,Leevi.Merilainen,49,6,4.003760009999999,0.8775510204081632,-0.9739156927906594,1,-0.76,-0.13
8476861,Oscar.Dansk,159,15,10.240616729999998,0.9056603773584906,-1.4890289063668403,3,-0.78,-0.13
8480022,Michael.Dipietro,24,4,2.61698022,0.8333333333333334,-0.8868813024868153,2,-0.78,-0.13
8471433,Daniel.Taylor,34,4,2.2672413799999998,0.8823529411764706,-1.046638262108803,1,-0.9,-0.15
8484268,Nikita.Tolopilo,410,45,29.86649150491767,0.8902439024390244,-2.81259472444639,1,-0.98,-0.16
8469514,Peter.Budaj,1693,157,118.85937155999999,0.9072652096869462,-8.583055438789085,4,-1.04,-0.17
8468540,Dan.Ellis,221,19,13.149849729999996,0.9140271493212669,-2.0397957608081163,1,-1.05,-0.18
8479188,David.Ayres,10,2,0.65233,0.8,-1.1450278605623534,1,-1.1,-0.18
8479496,David.Rittich,5146,498,360.32507604328094,0.9032258064516129,-24.01043958011678,8,-1.07,-0.18
8482221,Devon.Levi,369,38,27.487236199999995,0.8970189701897019,-2.742684710786471,2,-1.1,-0.18
8481501,Artyom.Zagidulin,11,2,0.5646787199999999,0.8181818181818181,-1.1911070677055857,1,-1.14,-0.19
8474152,Scott.Darling,3650,330,245.84481362999995,0.9095890410958904,-17.41405702672318,5,-1.14,-0.19
8467391,Jason.LaBarbera,99,9,5.562427959999999,0.9090909090909091,-1.7306711512669835,1,-1.29,-0.22
8482411,Hunter.Shepard,33,5,2.48179091737856,0.8484848484848485,-1.717966822135287,2,-1.57,-0.26
8477035,Matt.Tomkins,64,7,3.8152197599999993,0.890625,-1.8184350492429113,1,-1.53,-0.26
8480992,Magnus.Chrona,17,4,1.90853485,0.7647058823529411,-1.7285297087051483,1,-1.65,-0.27
8475781,Tyler.Bunz,12,3,1.12914713,0.75,-1.6639557925778161,1,-1.61,-0.27
8481611,Pyotr.Kochetkov,1049,109,79.07154324701438,0.8960915157292659,-6.29471867697348,4,-1.62,-0.27
8481597,Hugo.Alnefelt,11,3,1.05734518,0.7272727272727273,-1.7134090094720498,1,-1.66,-0.28
8480162,Matiss.Kivlenieks,208,21,13.891742719999996,0.8990384615384616,-2.755768235803935,2,-1.83,-0.3
8466339,Scott.Clemmensen,54,8,5.0389595599999994,0.8518518518518519,-2.030003591600173,1,-1.79,-0.3
8478933,Michael.McNiven,7,3,0.8845402599999999,0.5714285714285714,-1.9695760423913047,1,-1.94,-0.32
8471186,Yann.Danis,18,4,1.56684896,0.7777777777777778,-2.130644469600041,1,-2.05,-0.34
8481033,Akira.Schmid,1624,168,117.65497791191746,0.896551724137931,-9.284167497860487,4,-2.04,-0.34
8476309,Jason.Kasdorf,30,4,1.3400379899999997,0.8666666666666667,-2.155784392666735,1,-2.02,-0.34
8482783,Aleksei.Kolosov,37,5,1.71195459364145,0.8648648648648649,-2.1761580660816477,1,-2.01,-0.34
8474202,John.Curry,24,4,1.4410831299999998,0.8333333333333334,-2.1451227151556322,1,-2.04,-0.34
8478999,Niklas.Treutle,20,5,2.4898130099999998,0.75,-2.17406857844449,1,-2.08,-0.35
8475680,Jussi.Rynnas,44,7,3.8626469599999993,0.8409090909090909,-2.3787304227853263,1,-2.18,-0.36
8483114,Thomas.Milic,59,8,3.7070427599689,0.864406779661017,-2.5199476974273916,1,-2.26,-0.38
8482246,Alexei.Melnichuk,81,11,6.432220519999999,0.8641975308641976,-2.7694748258320407,1,-2.41,-0.4
8475234,J.F..Berube,593,61,43.86264548999999,0.897133220910624,-5.0325600679036615,2,-2.39,-0.4
8479288,Kasimir.Kaskisuo,41,6,2.4250860599999995,0.8536585365853658,-2.738269934056649,2,-2.56,-0.43
8481544,Mads.Sogaard,575,63,45.63066965024999,0.8904347826086957,-5.190177296470276,3,-2.63,-0.44
8483703,Sergei.Murashov,115,12,5.22777995933365,0.8956521739130435,-3.316353983048952,1,-2.8,-0.47
8480193,Daniil.Tarasov,1372,144,99.45601741402912,0.8950437317784257,-8.966734362141139,3,-2.85,-0.48
8475277,Edward.Pasquale,102,12,6.396889839999998,0.8823529411764706,-3.4232728012290417,1,-2.97,-0.5
8470140,Kari.Lehtonen,5744,544,414.55631786999993,0.9052924791086351,-28.663342776196544,4,-3.05,-0.51
8478024,Ville.Husso,4195,413,298.6567835730351,0.901549463647199,-21.785579281552266,5,-3.08,-0.51
8468038,Michael.Leighton,109,13,7.601474779999998,0.8807339449541285,-3.552434078145164,2,-3.07,-0.51
8455710,Martin.Brodeur,169,17,10.290507299999998,0.8994082840236687,-3.7956921929709115,1,-3.04,-0.51
8478435,Dan.Vladar,2614,266,185.98830306912686,0.8982402448355011,-14.832843946350698,6,-3.18,-0.53
8481020,Justus.Annunen,720,84,56.76449762898284,0.8833333333333333,-6.509498184120907,3,-3.3,-0.55
8481031,Ivan.Prosvetov,371,42,29.164833469999998,0.8867924528301887,-5.0128956680908665,4,-3.36,-0.56
8475622,Carter.Hutton,5177,476,347.5096119599999,0.9080548580258837,-26.41654261326383,8,-3.34,-0.56
8477361,Calvin.Petersen,2584,256,185.90563969,0.9009287925696594,-14.924323039340461,6,-3.4,-0.57
8474667,Harri.Sateri,428,45,30.281802489999993,0.8948598130841121,-5.977451725315894,2,-4.07,-0.68
8476444,Christopher.Gibson,434,43,28.35795345999999,0.9009216589861752,-6.096615029290343,4,-4.16,-0.69
8482137,Yaroslav.Askarov,1134,129,86.0280960879967,0.8862433862433863,-9.215613163995824,2,-4.16,-0.69
8477831,Pheonix.Copley,1688,171,123.44880475432221,0.898696682464455,-11.796095179891452,7,-4.27,-0.71
8482761,Carl.Lindbom,193,28,16.9620446899292,0.8549222797927462,-5.238110535112905,1,-4.38,-0.73
8475299,Joni.Ortio,718,69,49.102734449999986,0.903899721448468,-7.763982686424002,2,-4.56,-0.76
8482076,Nico.Daws,647,67,45.813219252234234,0.8964451313755796,-7.417434073103681,2,-4.53,-0.76
8467972,Rob.Zepp,223,25,15.523011739999996,0.8878923766816144,-5.632150904571086,1,-4.64,-0.77
8476433,Magnus.Hellberg,515,57,39.32417992999999,0.8893203883495145,-7.0325497834332475,4,-4.74,-0.79
8478902,Erik.Kallgren,634,67,46.176691459999994,0.8943217665615142,-7.604698339618056,2,-4.78,-0.8
8475361,Jonas.Gustavsson,932,89,64.30203646999998,0.9045064377682404,-8.94015758071302,3,-4.79,-0.8
8479581,Jack.LaFontaine,41,9,2.9248960999999998,0.7804878048780488,-5.2206422425776395,1,-5.04,-0.84
8460705,Evgeni.Nabokov,245,29,18.472631669999995,0.8816326530612245,-6.303219665963749,1,-5.21,-0.87
8476992,Marek.Mazanec,135,18,9.743445949999998,0.8666666666666667,-5.953659736268113,2,-5.35,-0.89
8474092,Jeremy.Smith,286,32,20.193247699999997,0.8881118881118881,-6.955973161724581,1,-5.68,-0.95
8473972,Jonas.Hiller,2197,206,152.86304297999996,0.9062357760582612,-15.542369090265698,2,-5.75,-0.96
8475252,Matt.Hackett,155,18,8.854829369999997,0.8838709677419355,-6.472750046630127,1,-5.78,-0.96
8474550,Antti.Niemi,5250,503,379.73764170999993,0.9041904761904762,-29.2671335928127,5,-5.86,-0.98
8477970,Vitek.Vanecek,4341,426,304.0871820475168,0.9018659295093296,-25.568263364405762,5,-6.21,-1.03
8480420,Collin.Delia,1475,154,109.73687181999998,0.895593220338983,-13.022213477468512,5,-6.45,-1.08
8478007,Elvis.Merzlikins,5387,530,379.1325997913383,0.9016149990718396,-30.72882051158985,6,-6.71,-1.12
8471219,Al.Montoya,1966,183,132.72161143999998,0.9069175991861648,-15.789478787243379,4,-7.02,-1.17
8471251,Justin.Peters,364,42,27.000177749999995,0.8846153846153846,-8.74359021791426,2,-7.12,-1.19
8480112,Hunter.Miska,120,18,7.558676159999998,0.85,-7.784641834549301,2,-7.25,-1.21
8476876,Malcolm.Subban,2322,233,166.56219182999996,0.8996554694229113,-17.839296639547424,7,-7.49,-1.25
8482821,Arvid.Soderblom,1404,165,115.31356659331664,0.8824786324786325,-13.84510863248378,4,-7.59,-1.26
8470657,Jimmy.Howard,7263,674,495.08501898999987,0.9072008811785763,-39.94409622737264,6,-7.56,-1.26
8478433,Felix.Sandstrom,752,85,58.32950586999999,0.886968085106383,-10.985057961988876,2,-7.63,-1.27
8473523,Jhonas.Enroth,2044,194,142.23737887999997,0.9050880626223092,-16.73449040251832,3,-7.62,-1.27
8473553,Jeff.Zatkoff,711,67,43.95693465999999,0.9057665260196905,-11.052121688295575,3,-7.88,-1.31
8475876,Zane.McIntyre,155,22,10.748492609999998,0.8580645161290322,-8.622588626249335,1,-7.93,-1.32
8474682,Dustin.Tokarski,2018,198,140.53234338999997,0.9018830525272548,-17.040399349677042,6,-8.04,-1.34
8478916,Joey.Daccord,1878,197,129.07143500908774,0.8951011714589989,-17.49113136172653,6,-9.12,-1.52
8477405,Marcus.Hogberg,1098,114,76.99146363999998,0.8961748633879781,-13.996900543821564,3,-9.1,-1.52
8469548,Ray.Emery,758,80,54.07069535999999,0.8944591029023746,-12.860305916165393,1,-9.48,-1.58
8470093,Mike.McKenna,401,44,23.992933849999993,0.8902743142144638,-11.637264661871722,3,-9.85,-1.64
8468524,Ilya.Bryzgalov,150,23,9.625826969999999,0.8466666666666667,-10.787959562222703,1,-10.12,-1.69
8476839,Viktor.Fasth,681,76,50.43535088999999,0.8883994126284875,-13.823239966291073,1,-10.79,-1.8
8474636,Michael.Hutchinson,3841,372,272.70926158,0.9031502212965373,-28.519928726349164,9,-11.4,-1.9
8476343,Garret.Sparks,1093,110,71.79505189999998,0.8993595608417201,-16.95308033605798,3,-12.08,-2.01
8475839,Louis.Domingue,4249,402,288.83488443999994,0.9053895034125676,-33.369789587500335,8,-14.43,-2.4
8477992,Jonas.Johansson,1836,207,139.37483029104231,0.8872549019607843,-22.90674261616567,6,-14.72,-2.45
8476903,Jon.Gillies,923,100,61.8499267,0.8916576381365113,-19.206310663338655,4,-15.09,-2.52
8473404,Niklas.Backstrom,561,64,36.75228327999999,0.8859180035650625,-17.622748127453548,2,-15.12,-2.52
8471774,Alex.Stalock,4203,397,279.6342499399999,0.9055436592909827,-34.03539408514223,8,-15.3,-2.55
8477484,Spencer.Martin,1370,155,103.83581009922439,0.8868613138686131,-21.782470009609426,5,-15.67,-2.61
8478039,Kaapo.Kahkonen,2998,302,209.39724477999997,0.8992661774516344,-29.169187400967957,5,-15.8,-2.63
8474765,Anders.Lindback,1239,120,77.43813452999999,0.9031476997578692,-21.39223434916653,2,-15.87,-2.64
8476234,Keith.Kinkaid,4749,455,325.1808449999999,0.9041903558643924,-37.98615404744535,9,-16.81,-2.8
8477225,Jared.Coreau,562,68,38.12173257999999,0.8790035587188612,-19.692810211008137,2,-17.19,-2.86
8477237,Mike.Condon,3549,335,238.79587094999994,0.905607213299521,-33.16869092045371,4,-17.35,-2.89
8478470,Sam.Montembeault,3820,411,290.4961154748197,0.8924083769633508,-35.08411760033998,6,-18.05,-3.01
8476509,Maxime.Lagace,549,70,38.21919934999999,0.872495446265938,-20.568128417667005,4,-18.12,-3.02
8473434,Chad.Johnson,4117,398,286.3911366499999,0.9033276657760505,-36.951759305602245,5,-18.6,-3.1
8480947,Kevin.Lankinen,3913,413,280.76916361788375,0.8944543828264758,-38.706737395751865,5,-21.26,-3.54
8480051,Cayden.Primeau,635,84,44.5959898001058,0.8677165354330709,-25.330341006055473,6,-22.5,-3.75
8475717,Calvin.Pickard,3563,363,255.91552667132964,0.8981195621667134,-38.573384586656516,9,-22.69,-3.78
8481035,Samuel.Ersson,1068,136,78.75087860980298,0.8726591760299626,-28.771852306264737,3,-24.01,-4.0
8475681,Ben.Scrivens,1989,210,141.37193499999995,0.8944193061840121,-34.529544052983745,2,-25.66,-4.28
8470320,Cam.Ward,6689,629,449.1262717999999,0.9059650171924054,-57.53329376789797,5,-27.71,-4.62
