goalie_id,goalie_name,season,shots_faced,goals_against,xGA,sv_pct,GSAx,GSAx_adj,GOALIE_GAR,GOALIE_WAR
8471679,Carey.Price,2015,2305,158,148.32608291,0.9314533622559653,-9.673917090000003,30.067563198177787,40.36,6.73
8471239,Cory.Schneider,2015,1979,147,136.18439925,0.9257200606366852,-10.815600749999987,23.305175601541812,32.14,5.36
8474651,Braden.Holtby,2015,2447,179,157.76776846,0.9268492031058438,-21.232231539999987,20.957530831006977,31.88,5.31
8470645,Corey.Crawford,2015,2272,173,152.63503102,0.9238556338028169,-20.364968979999986,18.8075443452668,28.95,4.82
8470594,Marc.Andre.Fleury,2015,1968,157,141.83921389,0.9202235772357723,-15.160786110000004,18.770334587238125,27.56,4.59
8468685,Henrik.Lundqvist,2015,1899,144,128.27843915,0.9241706161137441,-15.721560850000003,17.019901652060575,25.5,4.25
8471750,Ben.Bishop,2015,2275,186,161.84304259,0.9182417582417582,-24.15695740999999,15.06728018462234,25.23,4.2
8473461,Steve.Mason,2015,1491,108,99.9078882,0.9275653923541247,-8.092111799999998,17.614850069706332,24.27,4.04
8471227,Devan.Dubnyk,2015,1876,139,120.61396516,0.92590618336887,-18.386034839999994,13.95887493033473,22.34,3.72
8475663,Eddie.Lack,2015,1278,104,94.27757176,0.918622848200313,-9.72242824,12.312110505462567,18.02,3.0
8473575,Semyon.Varlamov,2015,1777,140,119.15834602,0.9212155317951604,-20.841653980000004,9.796354901601703,17.73,2.96
8471715,Ondrej.Pavelec,2015,1490,123,108.31624351,0.9174496644295302,-14.683756489999993,11.00596395658782,17.66,2.94
8477202,Andrew.Hammond,2015,788,49,48.67075994,0.9378172588832487,-0.3292400599999965,13.257001357390068,16.78,2.8
8475717,Calvin.Pickard,2015,511,35,39.02332568,0.9315068493150684,4.023325679999999,12.833692893561324,15.12,2.52
8470860,Jaroslav.Halak,2015,1878,156,130.22963666,0.9169329073482428,-25.77036333999999,6.609029276571768,14.99,2.5
8474550,Antti.Niemi,2015,1798,155,129.16359456,0.9137931034482759,-25.836405439999993,5.163673327090535,13.19,2.2
8471734,Jonathan.Quick,2015,1892,155,126.764324,0.9180761099365751,-28.235675999999998,4.385096540230968,12.83,2.14
8471695,Tuukka.Rask,2015,2012,156,125.09517781,0.9224652087475149,-30.904822190000004,3.7849211244528007,12.77,2.13
8475660,Cam.Talbot,2015,1038,77,66.69410762,0.9258188824662813,-10.305892380000003,7.590704817018889,12.23,2.04
8466141,Roberto.Luongo,2015,1741,138,111.7590023,0.9207352096496266,-26.240997699999994,3.7763199493351607,11.55,1.92
8474152,Scott.Darling,2015,590,38,36.4959544,0.9355932203389831,-1.5040455999999978,8.668394039924035,11.3,1.88
8473541,Jonathan.Bernier,2015,1735,152,125.36876546,0.9123919308357349,-26.631234539999994,3.2826345706240687,11.03,1.84
8467950,Craig.Anderson,2015,1277,91,73.2928086,0.9287392325763508,-17.7071914,4.310105922344054,10.01,1.67
8473972,Jonas.Hiller,2015,1543,127,103.06611946,0.9176928062216462,-23.933880540000004,2.66963533186912,9.56,1.59
8477293,Antti.Raanta,2015,388,24,23.85530687,0.9381443298969072,-0.14469313000000028,6.54497903998394,8.28,1.38
8475852,Petr.Mrazek,2015,953,77,64.47339388,0.919202518363064,-12.526606119999997,3.904470111945095,8.16,1.36
8471469,Pekka.Rinne,2015,2015,158,121.2824671,0.9215880893300248,-36.717532899999995,-1.9760653161916437,7.02,1.17
8473607,Michal.Neuvirth,2015,1073,91,74.41351338,0.9151910531220876,-16.586486620000002,1.9135603861669246,6.7,1.12
8475683,Sergei.Bobrovsky,2015,1625,133,103.21944951,0.9181538461538462,-29.780550489999996,-1.763237922412614,5.49,0.92
8476844,Niklas.Svedberg,2015,423,34,29.93440891,0.9196217494089834,-4.065591090000002,3.227530889131975,5.12,0.85
8476316,Laurent.Brossoit,2015,51,2,5.17747231,0.9607843137254902,3.1774723099999997,4.05678488904428,4.28,0.71
8476883,Andrei.Vasilevskiy,2015,473,40,33.97237148,0.9154334038054969,-6.02762852,2.127564615057741,4.24,0.71
8471403,Karri.Ramo,2015,1025,91,72.94073944,0.911219512195122,-18.05926056,-0.38680186352180357,4.19,0.7
8474596,Jake.Allen,2015,1034,91,72.76457312,0.9119922630560928,-18.235426880000006,-0.40779537545517286,4.21,0.7
8470147,Curtis.McElhinney,2015,949,82,65.50026304000001,0.9135932560590094,-16.499736959999993,-0.13762642052896368,4.1,0.68
8470880,Brian.Elliott,2015,1158,96,74.79683271,0.917098445595855,-21.203167289999996,-1.2375993187592655,3.93,0.66
8474636,Michael.Hutchinson,2015,970,85,67.58131104,0.9123711340206185,-17.418688959999997,-0.6945085350401463,3.64,0.61
8477084,Mackenzie.Skapski,2015,45,1,3.52189667,0.9777777777777777,2.52189667,3.297760710333189,3.5,0.58
8473614,Richard.Bachman,2015,168,15,13.15786694,0.9107142857142857,-1.84213306,1.054426023910572,1.8,0.3
8474591,Tom.McCollum,2015,25,1,2.18281554,0.96,1.18281554,1.6138511179628827,1.73,0.29
8477234,Troy.Grosenick,2015,58,3,3.2584873599999997,0.9482758620689655,0.2584873599999997,1.2584899008738877,1.52,0.25
8471774,Alex.Stalock,2015,554,54,43.13304427,0.9025270758122743,-10.86695573,-1.315207322342518,1.16,0.19
8473499,Reto.Berra,2015,386,33,25.76486045,0.9145077720207254,-7.2351395499999995,-0.5799502262530893,1.14,0.19
8473503,James.Reimer,2015,1001,93,72.37929716,0.9070929070929071,-20.620702840000007,-3.36203829836618,1.11,0.19
8476434,John.Gibson,2015,671,57,43.04568318,0.9150521609538003,-13.954316820000003,-2.3853219074762286,0.61,0.1
8476904,Chris.Driedger,2015,10,0,0.35204059,1.0,0.35204059,0.5244548211851531,0.57,0.09
8476992,Marek.Mazanec,2015,47,4,3.51670351,0.9148936170212766,-0.48329648999999986,0.3270503965702197,0.54,0.09
8475839,Louis.Domingue,2015,158,14,11.02003878,0.9113924050632911,-2.97996122,-0.2558163672745808,0.45,0.08
8473553,Jeff.Zatkoff,2015,17,1,1.0696195,0.9411764705882353,0.06961949999999995,0.3627236930147602,0.44,0.07
8475883,Frederik.Andersen,2015,1894,161,120.3153025,0.9149947201689546,-40.6846975,-8.029442113532,0.43,0.07
8474682,Dustin.Tokarski,2015,507,46,35.23474469,0.9092702169625246,-10.76525531,-2.0238537889127386,0.24,0.04
8477092,Andrey.Makarov,2015,36,3,2.4211514800000002,0.9166666666666666,-0.5788485199999998,0.04184271226655145,0.2,0.03
8475361,Jonas.Gustavsson,2015,168,15,11.407205040000001,0.9107142857142857,-3.592794959999999,-0.6962358760894269,0.05,0.01
8468011,Ryan.Miller,2015,1264,112,84.20109845,0.9113924050632911,-27.798901549999997,-6.005742728196644,-0.36,-0.06
8474690,Kevin.Poulin,2015,26,3,1.9064261999999998,0.8846153846153846,-1.0935738000000002,-0.645296798918602,-0.53,-0.09
8475299,Joni.Ortio,2015,153,14,10.06376823,0.9084967320261438,-3.936231769999999,-1.2982940328671564,-0.62,-0.1
8468540,Dan.Ellis,2015,221,19,13.14984973,0.9140271493212669,-5.85015027,-2.0397957608081168,-1.05,-0.18
8474593,Jacob.Markstrom,2015,34,4,2.14330515,0.8823529411764706,-1.8566948499999998,-1.2704864639704794,-1.12,-0.19
8474889,Martin.Jones,2015,307,29,21.12605073,0.9055374592833876,-7.873949270000001,-2.5808323726158005,-1.21,-0.2
8467391,Jason.LaBarbera,2015,99,9,5.56242796,0.9090909090909091,-3.43757204,-1.7306711512669843,-1.29,-0.22
8476234,Keith.Kinkaid,2015,456,40,28.80264537,0.9122807017543859,-11.19735463,-3.335265687957018,-1.3,-0.22
8475781,Tyler.Bunz,2015,12,3,1.12914713,0.75,-1.87085287,-1.6639557925778163,-1.61,-0.27
8470657,Jimmy.Howard,2015,1362,122,90.77814676,0.9104258443465492,-31.22185324,-7.7390349525821485,-1.66,-0.28
8475831,Philipp.Grubauer,2015,46,5,2.26431462,0.8913043478260869,-2.73568538,-1.9425799165482958,-1.74,-0.29
8466339,Scott.Clemmensen,2015,54,8,5.03895956,0.8518518518518519,-2.9610404399999997,-2.030003591600173,-1.79,-0.3
8474202,John.Curry,2015,24,4,1.44108313,0.8333333333333334,-2.55891687,-2.1451227151556327,-2.04,-0.34
8475680,Jussi.Rynnas,2015,44,7,3.86264696,0.8409090909090909,-3.13735304,-2.378730422785326,-2.18,-0.36
8470093,Mike.McKenna,2015,34,5,1.90081783,0.8529411764705882,-3.0991821699999997,-2.5129737839704793,-2.36,-0.39
8471306,Thomas.Greiss,2015,544,49,34.66736726,0.9099264705882353,-14.332632740000001,-4.953298563527673,-2.52,-0.42
8476876,Malcolm.Subban,2015,6,3,0.19811647999999998,0.5,-2.80188352,-2.698434981288908,-2.67,-0.44
8470140,Kari.Lehtonen,2015,1873,180,136.43603979,0.9038974906567004,-43.563960210000005,-11.270774709020827,-2.91,-0.49
8455710,Martin.Brodeur,2015,169,17,10.2905073,0.8994082840236687,-6.7094927,-3.795692192970913,-3.04,-0.51
8470320,Cam.Ward,2015,1338,120,86.86544396,0.9103139013452914,-33.13455604000001,-10.065531907426521,-4.09,-0.68
8476341,Anton.Forsberg,2015,149,20,12.20461856,0.8657718120805369,-7.79538144,-5.226409395341219,-4.56,-0.76
8467972,Rob.Zepp,2015,223,25,15.52301174,0.8878923766816144,-9.47698826,-5.632150904571086,-4.64,-0.77
8475622,Carter.Hutton,2015,450,44,29.051249639999998,0.9022222222222223,-14.948750360000002,-7.1901099566681115,-5.18,-0.86
8460705,Evgeni.Nabokov,2015,245,29,18.47263167,0.8816326530612245,-10.527368330000002,-6.30321966596375,-5.21,-0.87
8475252,Matt.Hackett,2015,155,18,8.854829370000001,0.8838709677419355,-9.145170629999999,-6.472750046630126,-5.78,-0.96
8471251,Justin.Peters,2015,294,35,22.5566673,0.8809523809523809,-12.4433327,-7.3743543031564975,-6.06,-1.01
8471219,Al.Montoya,2015,443,47,30.73774055,0.8939051918735892,-16.26225945,-8.624309008497715,-6.65,-1.11
8475311,Darcy.Kuemper,2015,722,67,44.46370291,0.907202216066482,-22.536297089999998,-10.087989598431944,-6.86,-1.14
8471418,Anton.Khudobin,2015,863,85,59.23344654,0.9015063731170336,-25.766553459999997,-10.887205308721285,-7.03,-1.17
8474765,Anders.Lindback,2015,797,73,48.60351485,0.9084065244667503,-24.396485149999997,-10.655070924543294,-7.1,-1.18
8469608,Mike.Smith,2015,1955,187,136.90749479,0.9043478260869565,-50.09250521000001,-16.38552301330258,-7.66,-1.28
8475215,Robin.Lehner,2015,775,74,48.59114936,0.9045161290322581,-25.408850639999997,-12.04674772315063,-8.59,-1.43
8469548,Ray.Emery,2015,758,80,54.07069536,0.8944591029023746,-25.929304639999998,-12.860305916165393,-9.48,-1.58
8473523,Jhonas.Enroth,2015,1504,145,102.35580967,0.9035904255319149,-42.64419033,-16.713089959752974,-10.0,-1.67
8468524,Ilya.Bryzgalov,2015,150,23,9.62582697,0.8466666666666667,-13.37417303,-10.787959562222703,-10.12,-1.69
8473434,Chad.Johnson,2015,488,54,33.19132271,0.889344262295082,-20.80867729,-12.394862808164527,-10.22,-1.7
8476839,Viktor.Fasth,2015,681,76,50.43535089,0.8883994126284875,-25.564649109999998,-13.823239966291071,-10.78,-1.8
8473404,Niklas.Backstrom,2015,452,51,29.181493370000002,0.8871681415929203,-21.818506629999998,-14.025383380431077,-12.01,-2.0
8475681,Ben.Scrivens,2015,1542,168,110.98824295,0.8910505836575876,-57.01175705,-30.425482601249392,-23.54,-3.92
8474651,Braden.Holtby,2016,2131,159,148.31403707,0.9253871421867668,-10.685962929999988,25.127453821239584,34.64,5.77
8470880,Brian.Elliott,2016,1659,120,117.93190312,0.9276672694394213,-2.068096879999999,25.812925358529544,33.22,5.54
8466141,Roberto.Luongo,2016,2027,156,142.62985354,0.9230389738529847,-13.37014646,20.695454551150924,29.75,4.96
8471750,Ben.Bishop,2016,1965,140,123.92013398,0.9287531806615776,-16.079866019999997,16.94376791532885,25.72,4.29
8470645,Corey.Crawford,2016,1925,150,134.64564805,0.922077922077922,-15.354351949999995,16.99704516221783,25.59,4.26
8471239,Cory.Schneider,2016,1595,122,113.1419326,0.9235109717868338,-8.858067399999996,17.947375921551913,25.07,4.18
8473607,Michal.Neuvirth,2016,1013,71,68.96403,0.9299111549851925,-2.035970000000006,14.98842754528657,19.51,3.25
8471306,Thomas.Greiss,2016,1583,120,105.49469277,0.9241945672773215,-14.50530723,12.098465044618607,19.17,3.2
8474889,Martin.Jones,2016,2414,196,163.44276242,0.9188069594034797,-32.55723757999999,8.012254694750048,18.79,3.13
8471734,Jonathan.Quick,2016,1951,164,138.94853808,0.9159405433111225,-25.05146192000001,7.7368891272399765,16.45,2.74
8475852,Petr.Mrazek,2016,1522,119,102.76821647,0.9218134034165572,-16.23178353,9.3468275893743,16.14,2.69
8468685,Henrik.Lundqvist,2016,2033,166,138.84904071,0.9183472700442695,-27.150959290000003,7.015477244617571,16.09,2.68
8473461,Steve.Mason,2016,1683,143,123.20463247,0.9150326797385621,-19.795367529999993,8.488996802396162,16.0,2.67
8473503,James.Reimer,2016,1136,89,78.07383072,0.9216549295774648,-10.926169279999996,8.165356496352963,13.24,2.21
8476945,Connor.Hellebuyck,2016,683,56,54.23314822,0.91800878477306,-1.7668517800000032,9.711591974620658,12.76,2.13
8471695,Tuukka.Rask,2016,1855,155,127.03232523,0.9164420485175202,-27.967674770000002,3.207307901773536,11.49,1.92
8476899,Matt.Murray,2016,905,67,58.86151276,0.9259668508287293,-8.138487240000003,7.070870882886817,11.11,1.85
8474596,Jake.Allen,2016,1329,108,90.4069559,0.9187358916478555,-17.5930441,4.74202434786363,10.68,1.78
8470594,Marc.Andre.Fleury,2016,1695,135,109.28544407,0.9203539823008849,-25.714555930000003,2.7714794493294583,10.34,1.72
8470860,Jaroslav.Halak,2016,986,80,69.01472857,0.9188640973630832,-10.985271429999997,5.585366259686637,9.99,1.66
8475660,Cam.Talbot,2016,1637,136,110.56868477,0.9169211973121564,-25.431315229999996,2.0799767558184854,9.39,1.57
8473434,Chad.Johnson,2016,1271,102,83.94581946,0.919748229740362,-18.054180540000004,3.3061445143526456,8.98,1.5
8475883,Frederik.Andersen,2016,1217,95,77.11439854,0.9219391947411668,-17.885601460000004,2.5672038831527715,8.0,1.33
8473575,Semyon.Varlamov,2016,1714,148,119.20037131,0.9136522753792299,-28.799628690000006,0.005719180307188765,7.66,1.28
8468011,Ryan.Miller,2016,1634,136,108.4104857,0.9167686658506732,-27.589514300000005,-0.1286400759148485,7.17,1.2
8477293,Antti.Raanta,2016,568,47,41.43316331,0.9172535211267606,-5.566836690000002,3.9789261981764774,6.52,1.09
8476914,Joonas.Korpisalo,2016,969,78,63.868718,0.9195046439628483,-14.131281999999999,2.1536550398644536,6.48,1.08
8477202,Andrew.Hammond,2016,711,61,52.36997565,0.9142053445850914,-8.63002435,3.318985180798377,6.49,1.08
8467950,Craig.Anderson,2016,1915,161,126.23217143,0.9159268929503916,-34.767828570000006,-2.58449066355994,5.97,1.0
8473523,Jhonas.Enroth,2016,399,31,28.403012280000002,0.9223057644110275,-2.596987719999998,4.108574590532424,5.89,0.98
8474593,Jacob.Markstrom,2016,991,84,68.58977927,0.9152371342078708,-15.410220730000006,1.244446562575508,5.67,0.94
8471679,Carey.Price,2016,366,24,21.48908438,0.9344262295081968,-2.5109156199999987,3.6400513114658315,5.27,0.88
8471715,Ondrej.Pavelec,2016,917,88,73.38836822,0.9040348964013086,-14.611631779999996,0.7993973898201308,4.89,0.82
8475717,Calvin.Pickard,2016,536,42,35.41393321,0.9216417910447762,-6.586066789999997,2.421906639687668,4.82,0.8
8475809,Scott.Wedgewood,2016,116,5,7.05452906,0.9568965517241379,2.05452906,4.004015847021957,4.52,0.75
8471219,Al.Montoya,2016,608,49,40.09710871,0.9194078947368421,-8.90289129,1.3151084212874995,4.03,0.67
8475831,Philipp.Grubauer,2016,522,43,35.02139366,0.9176245210727969,-7.978606339999999,0.7940842015988085,3.12,0.52
8473499,Reto.Berra,2016,374,29,23.71203118,0.9224598930481284,-5.28796882,0.9974454760880347,2.67,0.44
8474152,Scott.Darling,2016,781,67,52.70896677,0.9142125480153649,-14.291033229999996,-1.1656092587573372,2.32,0.39
8475215,Robin.Lehner,2016,623,46,34.74811561,0.9261637239165329,-11.25188439,-0.7817958700458689,2.0,0.33
8471418,Anton.Khudobin,2016,175,16,14.20162427,0.9085714285714286,-1.79837573,1.1426603711107113,1.92,0.32
8477356,Kristers.Gudlevskis,2016,32,1,1.56732055,0.96875,0.56732055,1.1051100084888157,1.25,0.21
8476904,Chris.Driedger,2016,11,0,0.9440571099999999,1.0,0.9440571099999999,1.1289222363555305,1.18,0.2
8469608,Mike.Smith,2016,921,77,58.14553833,0.9163952225841476,-18.85446167,-3.37620881786877,0.74,0.12
8475311,Darcy.Kuemper,2016,507,43,32.91193433,0.9151873767258383,-10.088065669999999,-1.5674639370678243,0.7,0.12
8476883,Andrei.Vasilevskiy,2016,913,78,58.99274153,0.9145673603504929,-19.007258469999996,-3.6634529824909716,0.41,0.07
8479292,Charlie.Lindgren,2016,27,2,1.8682454000000002,0.9259259259259259,-0.13175459999999983,0.3220052555999385,0.44,0.07
8473553,Jeff.Zatkoff,2016,471,39,29.29832227,0.9171974522292994,-9.70167773,-1.7860891378677435,0.32,0.05
8475361,Jonas.Gustavsson,2016,625,57,43.87006054,0.9088,-13.129939460000003,-2.62623909889032,0.16,0.03
8476341,Anton.Forsberg,2016,97,9,7.0005248899999994,0.9072164948453608,-1.9994751100000006,-0.36930081395577785,0.06,0.01
8468038,Michael.Leighton,2016,17,1,0.6550884299999999,0.9411764705882353,-0.34491157000000006,-0.059210920177816706,0.02,0.0
8473614,Richard.Bachman,2016,31,3,1.77862396,0.9032258064516129,-1.22137604,-0.7003925020889598,-0.56,-0.09
8477831,Pheonix.Copley,2016,6,1,0.289054,0.8333333333333334,-0.7109460000000001,-0.6101104765333472,-0.58,-0.1
8475622,Carter.Hutton,2016,466,39,28.431082019999998,0.9163090128755365,-10.568917980000002,-2.737358990756622,-0.66,-0.11
8476412,Jordan.Binnington,2016,4,1,0.2749476,0.75,-0.7250524,-0.6578287176888981,-0.64,-0.11
8477914,Roman.Will,2016,3,1,0.1957069,0.6666666666666666,-0.8042931,-0.7538753382666735,-0.74,-0.12
8476434,John.Gibson,2016,1052,85,61.80480168,0.9192015209125475,-23.195198320000003,-5.515369872180184,-0.82,-0.14
8475683,Sergei.Bobrovsky,2016,1048,97,73.83181944,0.9074427480916031,-23.168180559999996,-5.555575794491279,-0.88,-0.15
8471227,Devan.Dubnyk,2016,1988,170,126.70273547,0.9144869215291751,-43.29726453000001,-9.88709442138233,-1.01,-0.17
8470320,Cam.Ward,2016,1342,121,91.10324153,0.9098360655737705,-29.896758469999995,-7.343213054625284,-1.35,-0.22
8475839,Louis.Domingue,2016,1141,100,74.32495002,0.9123575810692375,-25.675049979999997,-6.499494600758162,-1.4,-0.23
8471403,Karri.Ramo,2016,1031,91,67.56156898,0.9117361784675073,-23.438431019999996,-6.111526904313465,-1.51,-0.25
8469514,Peter.Budaj,2016,28,4,1.86839611,0.8571428571428571,-2.13160389,-1.6610381138222863,-1.54,-0.26
8477424,Juuse.Saros,2016,23,3,0.93934092,0.8695652173913043,-2.0606590799999998,-1.6741229067111634,-1.57,-0.26
8471186,Yann.Danis,2016,18,4,1.56684896,0.7777777777777778,-2.4331510400000003,-2.1306444696000413,-2.05,-0.34
8473541,Jonathan.Bernier,2016,1114,103,77.2338648,0.90754039497307,-25.766135199999994,-7.044339676358096,-2.07,-0.34
8476309,Jason.Kasdorf,2016,30,4,1.34003799,0.8666666666666667,-2.65996201,-2.1557843926667353,-2.02,-0.34
8475681,Ben.Scrivens,2016,447,42,30.38369205,0.9060402684563759,-11.61630795,-4.1040614517343545,-2.11,-0.35
8478999,Niklas.Treutle,2016,20,5,2.4898130099999998,0.75,-2.5101869900000002,-2.17406857844449,-2.08,-0.35
8476999,Linus.Ullmark,2016,565,49,34.49031151,0.9132743362831859,-14.509688490000002,-5.014343363556849,-2.49,-0.42
8474636,Michael.Hutchinson,2016,806,75,55.03928737,0.9069478908188585,-19.960712630000003,-6.415140644312956,-2.82,-0.47
8470147,Curtis.McElhinney,2016,417,46,34.0879157,0.8896882494004796,-11.912084299999997,-4.904015419067616,-3.04,-0.51
8473404,Niklas.Backstrom,2016,109,13,7.57078991,0.8807339449541285,-5.42921009,-3.597364747022471,-3.11,-0.52
8476444,Christopher.Gibson,2016,93,11,5.45718306,0.8817204301075269,-5.54281694,-3.9798663262668788,-3.56,-0.59
8474682,Dustin.Tokarski,2016,98,12,5.99601281,0.8775510204081632,-6.00398719,-4.357006973378002,-3.92,-0.65
8475299,Joni.Ortio,2016,565,55,39.03896622,0.9026548672566371,-15.961033780000001,-6.465688653556848,-3.94,-0.66
8470657,Jimmy.Howard,2016,1043,99,72.7550765,0.9050814956855225,-26.2449235,-8.716348337380161,-4.06,-0.68
8476234,Keith.Kinkaid,2016,605,58,40.27838273,0.9041322314049587,-17.721617270000003,-7.554035320445831,-4.85,-0.81
8476316,Laurent.Brossoit,2016,142,18,10.03733663,0.8732394366197183,-7.96266337,-5.57622264795588,-4.94,-0.82
8475195,Anders.Nilsson,2016,789,78,56.2062605,0.9011406844106464,-21.7937395,-8.533868164135137,-5.01,-0.84
8476343,Garret.Sparks,2016,456,49,33.8613929,0.8925438596491229,-15.138607100000002,-7.475107316534377,-5.44,-0.91
8474550,Antti.Niemi,2016,1326,129,95.21384647000001,0.9027149321266968,-33.78615352999999,-11.501502843869691,-5.58,-0.93
8475663,Eddie.Lack,2016,909,90,64.95337176,0.900990099009901,-25.046628240000004,-9.770046434802081,-5.71,-0.95
8471774,Alex.Stalock,2016,284,32,19.83365193,0.8873239436619719,-12.166348070000002,-7.393466625911762,-6.13,-1.02
8470140,Kari.Lehtonen,2016,1378,131,93.6668975,0.9049346879535559,-37.333102499999995,-14.174543943825366,-8.02,-1.34
8474765,Anders.Lindback,2016,442,47,28.83461968,0.8936651583710408,-18.16538032,-10.737163424623233,-8.76,-1.46
8477237,Mike.Condon,2016,1457,140,99.96486447,0.9039121482498285,-40.035135530000005,-15.548909248181111,-9.04,-1.51
8473972,Jonas.Hiller,2016,654,79,49.79692352,0.8792048929663608,-29.20307648,-18.212004422134825,-15.29,-2.55
8471469,Pekka.Rinne,2016,2148,199,135.35223214,0.9073556797020484,-63.64776785999999,-27.548650458938226,-17.96,-2.99
8475660,Cam.Talbot,2017,2544,204,185.07316945,0.9198113207547169,-18.926830550000005,24.221358707946365,35.58,5.93
8475683,Sergei.Bobrovsky,2017,2024,147,138.18474745,0.9273715415019763,-8.815252549999997,25.513338274718343,34.55,5.76
8474651,Braden.Holtby,2017,2055,159,147.96336926,0.9226277372262773,-11.036630739999993,23.817743837468477,32.99,5.5
8476899,Matt.Murray,2017,1753,130,122.29469798,0.9258414147176269,-7.705302020000005,22.02692115970911,29.85,4.98
8475883,Frederik.Andersen,2017,2262,186,161.46645324,0.9177718832891246,-24.533546760000007,13.831706424541935,23.93,3.99
8476434,John.Gibson,2017,1904,147,129.69923673,0.9227941176470589,-17.300763270000004,14.992535608588788,23.49,3.91
8471679,Carey.Price,2017,1973,150,129.71119506,0.9239736441966548,-20.288804940000006,13.17478680761328,21.98,3.66
8469608,Mike.Smith,2017,1819,155,134.23531946,0.9147883452446399,-20.76468054,10.086953210080367,18.21,3.04
8467950,Craig.Anderson,2017,1837,137,114.22292452,0.9254218835057159,-22.777075479999993,8.379852061999806,16.58,2.76
8470645,Corey.Crawford,2017,1814,150,126.69533674,0.9173098125689085,-23.304663259999998,7.462166658991638,15.56,2.59
8471469,Pekka.Rinne,2017,2340,186,150.95361186,0.9205128205128205,-35.046388140000005,4.641804809526143,15.09,2.52
8475195,Anders.Nilsson,2017,857,65,60.76379809,0.9241540256709452,-4.236201909999998,10.299174738608508,14.13,2.36
8470594,Marc.Andre.Fleury,2017,1671,143,121.11836433,0.9144225014961102,-21.881635669999994,6.4598046798539315,13.92,2.32
8474152,Scott.Darling,2017,877,67,60.66471912,0.9236031927023945,-6.335280879999999,8.539311092963432,12.46,2.08
8477180,Aaron.Dell,2017,533,37,37.62277138,0.9305816135084428,0.6227713800000032,9.662859774058736,12.04,2.01
8474889,Martin.Jones,2017,1894,162,132.85650161,0.914466737064414,-29.14349838999999,2.98019282641134,11.44,1.91
8476883,Andrei.Vasilevskiy,2017,1480,122,101.14803483,0.9175675675675675,-20.85196517,4.2499688322644005,10.86,1.81
8466141,Roberto.Luongo,2017,1217,103,87.55465932,0.9153656532456861,-15.445340680000001,5.195911806997142,10.63,1.77
8475831,Philipp.Grubauer,2017,594,45,42.87807248,0.9242424242424242,-2.12192752,7.952767613341253,10.61,1.77
8476234,Keith.Kinkaid,2017,779,65,58.9025632,0.9165596919127086,-6.097436799999997,7.115000083624304,10.59,1.76
8475215,Robin.Lehner,2017,1911,152,121.10042357,0.9204604918890633,-30.899576429999996,1.5124478121130238,10.05,1.68
8477293,Antti.Raanta,2017,783,61,53.85188988,0.9220945083014048,-7.148110119999998,6.132169828495288,9.63,1.61
8473503,James.Reimer,2017,1222,98,81.25113136,0.9198036006546645,-16.748868639999998,3.977187678085876,9.43,1.57
8470140,Kari.Lehtonen,2017,1547,150,125.44262653,0.903038138332256,-24.55737347,1.680931868853392,8.59,1.43
8470657,Jimmy.Howard,2017,674,49,42.98596211,0.9272997032640949,-6.014037889999997,5.417518540760952,8.43,1.4
8473434,Chad.Johnson,2017,989,88,74.66836258,0.9110212335692619,-13.331637420000007,3.442560369351,7.86,1.31
8471227,Devan.Dubnyk,2017,1971,151,116.57276726,0.9233891425672247,-34.427232739999994,-0.9975625248222002,7.8,1.3
8469514,Peter.Budaj,2017,1414,120,97.22262112,0.9151343705799151,-22.77737888,1.2051445518931487,7.52,1.25
8474596,Jake.Allen,2017,1957,160,125.03377394,0.9182422074603985,-34.96622606,-1.7740065718706504,6.96,1.16
8470147,Curtis.McElhinney,2017,618,51,44.55218802,0.9174757281553398,-6.447811979999997,4.033941542567163,6.79,1.13
8468011,Ryan.Miller,2017,1736,150,119.30557458,0.913594470046083,-30.69442542,-1.2505352659925713,6.5,1.08
8471306,Thomas.Greiss,2017,1454,125,100.00305384,0.9140302613480055,-24.996946159999993,-0.3359920793969948,6.16,1.03
8471734,Jonathan.Quick,2017,421,35,32.13826737,0.9168646080760094,-2.861732629999999,4.278749947671158,6.16,1.03
8477424,Juuse.Saros,2017,631,50,42.14765713,0.9207606973058637,-7.852342870000001,2.8499006133978604,5.67,0.94
8470860,Jaroslav.Halak,2017,885,75,61.06064886,0.9152542372881356,-13.93935114,1.0709269627054017,5.02,0.84
8471239,Cory.Schneider,2017,1778,160,126.95443729,0.9100112485939258,-33.04556271,-2.8893203748472267,5.05,0.84
8474593,Jacob.Markstrom,2017,693,62,52.0163739,0.9105339105339105,-9.983626100000002,1.7701848888981253,4.86,0.81
8476932,Anthony.Stolarz,2017,181,13,12.85817513,0.9281767955801105,-0.14182487000000066,2.9280738154120645,3.74,0.62
8468685,Henrik.Lundqvist,2017,2044,177,136.76339131,0.9134050880626223,-40.23660869,-5.5688025409267325,3.56,0.59
8471695,Tuukka.Rask,2017,1793,152,115.84633508,0.9152258784160625,-36.15366492,-5.743011091581032,2.26,0.38
8475622,Carter.Hutton,2017,663,58,45.84803753,0.9125188536953243,-12.15196247,-0.9069744676342602,2.05,0.34
8473614,Richard.Bachman,2017,162,13,11.49372887,0.9197530864197531,-1.50627113,1.2413729972748868,1.96,0.33
8476316,Laurent.Brossoit,2017,162,13,11.43127553,0.9197530864197531,-1.5687244699999994,1.1789196572748875,1.9,0.32
8479292,Charlie.Lindgren,2017,59,3,3.61343418,0.9491525423728814,0.61343418,1.6141193868470267,1.88,0.31
8471750,Ben.Bishop,2017,1039,94,73.41468135,0.9095283926852743,-20.585318650000005,-2.963082549761687,1.68,0.28
8470880,Brian.Elliott,2017,1430,132,102.81913704,0.9076923076923077,-29.18086296,-4.92696726862291,1.46,0.24
8471774,Alex.Stalock,2017,54,3,3.2951191,0.9444444444444444,0.29511909999999997,1.2110004757582957,1.45,0.24
8476903,Jon.Gillies,2017,28,1,1.79613907,0.9642857142857143,0.79613907,1.271040524096894,1.4,0.23
8477968,Alex.Nedeljkovic,2017,17,0,0.81582513,1.0,0.81582513,1.1041581557016857,1.18,0.2
8477312,Antoine.Bibeau,2017,55,4,3.9734114199999997,0.9272727272727272,-0.026588580000000306,0.9062535619760416,1.15,0.19
8476999,Linus.Ullmark,2017,36,3,3.31374427,0.9166666666666666,0.31374426999999994,0.9243318538388637,1.09,0.18
8476433,Magnus.Hellberg,2017,28,2,2.04087438,0.9285714285714286,0.04087437999999999,0.5157758340968941,0.64,0.11
8475789,Jack.Campbell,2017,5,0,0.35298189999999996,1.0,0.35298189999999996,0.43778573108873103,0.46,0.08
8474682,Dustin.Tokarski,2017,5,0,0.1670268,1.0,0.1670268,0.25183063108873105,0.27,0.05
8477356,Kristers.Gudlevskis,2017,3,0,0.14100210000000002,1.0,0.14100210000000002,0.19188439865323867,0.21,0.03
8476986,Marek.Langhamer,2017,8,1,0.86365129,0.875,-0.13634871000000004,-0.0006625802580303153,0.04,0.01
8479496,David.Rittich,2017,10,1,0.7069714,0.9,-0.2930286,-0.12342093782253782,-0.08,-0.01
8477480,Eric.Comrie,2017,39,4,2.99583793,0.8974358974358975,-1.00416207,-0.34269218750789765,-0.17,-0.03
8471219,Al.Montoya,2017,569,50,37.37603689,0.9121265377855887,-12.623963109999998,-2.973287132102401,-0.43,-0.07
8477237,Mike.Condon,2017,1154,100,74.81962694,0.9133448873483535,-25.180373059999994,-5.60764884472086,-0.45,-0.08
8471418,Anton.Khudobin,2017,402,38,28.49105602,0.9054726368159204,-9.508943980000002,-2.690715960466023,-0.9,-0.15
8477465,Tristan.Jarry,2017,25,3,1.42608972,0.88,-1.57391028,-1.1498911245563446,-1.04,-0.17
8471251,Justin.Peters,2017,70,7,4.44351045,0.9,-2.55648955,-1.369235914757765,-1.06,-0.18
8473461,Steve.Mason,2017,1558,143,108.3002734,0.9082156611039794,-34.699726600000005,-8.274852832751403,-1.32,-0.22
8476876,Malcolm.Subban,2017,16,3,1.3565843800000001,0.8125,-1.6434156199999999,-1.3720433605160605,-1.3,-0.22
8477831,Pheonix.Copley,2017,29,5,2.95802213,0.8275862068965517,-2.04197787,-1.5501156496853599,-1.42,-0.24
8475663,Eddie.Lack,2017,492,48,35.82612535,0.9024390243902439,-12.173874650000002,-3.829177670868864,-1.63,-0.27
8476341,Anton.Forsberg,2017,27,4,1.7015392,0.8518518518518519,-2.2984608,-1.840520112120852,-1.72,-0.29
8476914,Joonas.Korpisalo,2017,401,38,27.65190758,0.9052369077306733,-10.34809242,-3.5468251666837682,-1.76,-0.29
8471715,Ondrej.Pavelec,2017,232,25,17.48429198,0.8922413793103449,-7.515708020000002,-3.5808102574828795,-2.54,-0.42
8476904,Chris.Driedger,2017,15,4,0.98403257,0.7333333333333333,-3.01596743,-2.7615559367338065,-2.69,-0.45
8475839,Louis.Domingue,2017,888,81,59.07770266,0.9087837837837838,-21.92229734,-6.86113693864136,-2.9,-0.48
8468038,Michael.Leighton,2017,92,12,6.94638635,0.8695652173913043,-5.05361365,-3.493223157967348,-3.08,-0.51
8473499,Reto.Berra,2017,145,18,11.499806940000001,0.8758620689655172,-6.500193059999999,-4.040881958426798,-3.39,-0.57
8473523,Jhonas.Enroth,2017,141,18,11.47855693,0.8723404255319149,-6.52144307,-4.129975033297784,-3.5,-0.58
8473541,Jonathan.Bernier,2017,1061,93,66.49550587,0.9123468426013195,-26.504494129999998,-8.509121172971263,-3.77,-0.63
8477484,Spencer.Martin,2017,96,13,6.33026754,0.8645833333333334,-6.66973246,-5.041498903096363,-4.61,-0.77
8477202,Andrew.Hammond,2017,81,13,6.362971330000001,0.8395061728395061,-6.637028669999999,-5.263206606362556,-4.9,-0.82
8475361,Jonas.Gustavsson,2017,139,17,9.02477089,0.8776978417266187,-7.975229110000001,-5.617682605733277,-5.0,-0.83
8474636,Michael.Hutchinson,2017,691,67,47.15720405,0.9030390738060782,-19.842795950000003,-8.122906493537368,-5.04,-0.84
8474092,Jeremy.Smith,2017,286,32,20.1932477,0.8881118881118881,-11.8067523,-6.9559731617245815,-5.68,-0.95
8476945,Connor.Hellebuyck,2017,1574,146,106.50175678,0.9072426937738246,-39.498243220000006,-12.801997193267464,-5.77,-0.96
8476992,Marek.Mazanec,2017,88,14,6.22674244,0.8409090909090909,-7.77325756,-6.280710132838333,-5.89,-0.98
8473575,Semyon.Varlamov,2017,745,76,52.23847758,0.897986577181208,-23.76152242,-11.125751587779067,-7.8,-1.3
8475876,Zane.McIntyre,2017,155,22,10.74849261,0.8580645161290322,-11.25150739,-8.622588626249337,-7.93,-1.32
8474550,Antti.Niemi,2017,880,95,68.18548241,0.8920454545454546,-26.814517589999994,-11.889043318383324,-7.96,-1.33
8477225,Jared.Coreau,2017,359,41,24.88652015,0.8857938718662952,-16.11347985,-10.02456477782911,-8.42,-1.4
8473553,Jeff.Zatkoff,2017,223,27,13.58899289,0.8789237668161435,-13.41100711,-9.628756243442593,-8.63,-1.44
8475311,Darcy.Kuemper,2017,562,55,33.29080908,0.902135231316726,-21.709190919999998,-12.177240305626624,-9.67,-1.61
8473607,Michal.Neuvirth,2017,587,64,40.78969354,0.8909710391822828,-23.210306459999998,-13.254336690182969,-10.63,-1.77
8475852,Petr.Mrazek,2017,1463,145,101.44430195,0.9008885850991114,-43.555698050000004,-18.74209707343729,-12.21,-2.04
8470320,Cam.Ward,2017,1711,162,112.66406786,0.9053185271770894,-49.33593214,-20.316061141436222,-12.68,-2.11
8475717,Calvin.Pickard,2017,1449,140,94.93994264,0.9033816425120773,-45.06005736,-20.483907110485735,-14.01,-2.34
8471469,Pekka.Rinne,2018,2203,169,148.83817432,0.923286427598729,-20.161825679999993,24.294737509244314,34.13,5.69
8470594,Marc.Andre.Fleury,2018,2007,146,130.1191246,0.9272546088689586,-15.880875400000008,24.62040572610681,33.58,5.6
8471734,Jonathan.Quick,2018,1995,152,136.26063052,0.9238095238095239,-15.739369479999993,24.519751519792287,33.43,5.57
8476883,Andrei.Vasilevskiy,2018,2600,210,178.20668356,0.9192307692307692,-31.793316440000012,20.674710928150326,32.28,5.38
8477293,Antti.Raanta,2018,1388,97,94.10591162,0.9301152737752162,-2.8940883799999995,25.115766230381798,31.31,5.22
8476434,John.Gibson,2018,1991,152,130.66823029,0.9236564540431944,-21.331769710000003,18.846631247687434,27.74,4.62
8466141,Roberto.Luongo,2018,1143,81,80.38260814,0.9291338582677166,-0.6173918599999979,22.44836017145994,27.55,4.59
8475683,Sergei.Bobrovsky,2018,2214,180,152.85343763,0.9186991869918699,-27.146562369999998,17.531980935032635,27.42,4.57
8476945,Connor.Hellebuyck,2018,2559,196,157.6798315,0.9234075810863619,-38.320168499999994,13.32047843657567,24.75,4.12
8469608,Mike.Smith,2018,1687,141,122.03576419,0.916419679905157,-18.964235810000005,15.079441947719083,22.61,3.77
8475883,Frederik.Andersen,2018,2436,205,167.07614162,0.9158456486042693,-37.92385838000001,11.234647261851613,22.11,3.68
8475622,Carter.Hutton,2018,809,55,53.77560452,0.9320148331273177,-1.2243954799999983,15.101233035705242,18.71,3.12
8475831,Philipp.Grubauer,2018,1002,81,74.89618711,0.9191616766467066,-6.10381289,14.116557657264092,18.59,3.1
8471695,Tuukka.Rask,2018,1853,157,128.8276693,0.9152725310307609,-28.172330700000003,9.221228805070218,17.5,2.92
8470645,Corey.Crawford,2018,842,60,55.33264029,0.9287410926365796,-4.6673597099999995,12.324209153070225,16.08,2.68
8474889,Martin.Jones,2018,1996,167,133.63817809,0.9163326653306614,-33.36182191,6.917479100318488,15.83,2.64
8477424,Juuse.Saros,2018,851,63,57.73808147,0.9259694477085781,-5.261918530000003,11.911270427806127,15.71,2.62
8473575,Semyon.Varlamov,2018,1596,128,102.82427732,0.9197994987468672,-25.175722680000007,7.03157411983382,14.16,2.36
8473503,James.Reimer,2018,1370,118,96.87040298,0.9138686131386862,-21.129597020000006,6.517017400909982,12.63,2.1
8468011,Ryan.Miller,2018,752,56,48.89401044,0.925531914893617,-7.105989559999998,8.069378355711178,11.43,1.9
8474651,Braden.Holtby,2018,2287,203,157.77336007,0.9112374289462177,-45.226639930000005,0.9250441434460868,11.14,1.86
8471750,Ben.Bishop,2018,1437,120,94.93881157,0.9164926931106472,-25.06118843,3.937486696166168,10.35,1.72
8474593,Jacob.Markstrom,2018,1747,152,118.98784478,0.9129937034917001,-33.01215522,2.2423231692917867,10.04,1.67
8470147,Curtis.McElhinney,2018,551,39,35.27246583,0.9292196007259528,-3.7275341699999984,7.391651629942631,9.85,1.64
8468685,Henrik.Lundqvist,2018,2033,172,131.44661669,0.9153959665518937,-40.55338330999999,0.4725780897883354,9.55,1.59
8475311,Darcy.Kuemper,2018,832,67,55.80492311,0.9194711538461539,-11.195076890000003,5.5946918678081055,9.31,1.55
8471239,Cory.Schneider,2018,1346,120,95.67465419,0.9108469539375929,-24.32534581,2.8369483582809067,8.85,1.48
8471418,Anton.Khudobin,2018,884,76,62.77988491,0.9140271493212669,-13.22011509,4.619014215171116,8.57,1.43
8479193,Casey.Desmith,2018,355,28,26.49459369,0.9211267605633803,-1.5054063100000015,5.658497426805141,7.24,1.21
8475660,Cam.Talbot,2018,2037,187,143.81242412,0.9081983308787432,-43.18757588,-2.0808944381068244,7.01,1.17
8474550,Antti.Niemi,2018,708,63,51.30114995,0.9110169491525424,-11.698850049999997,2.5885974025578644,5.75,0.96
8476876,Malcolm.Subban,2018,614,55,45.59873559,0.9104234527687296,-9.401264410000003,2.9892620530939613,5.73,0.96
8477180,Aaron.Dell,2018,803,69,54.6550811,0.9140722291407223,-14.344918900000003,1.8596295525479682,5.45,0.91
8480382,Alexandar.Georgiev,2018,330,27,22.71809913,0.9181818181818182,-4.281900870000001,2.37750260364985,3.85,0.64
8476861,Oscar.Dansk,2018,93,5,6.39377275,0.946236559139785,1.3937727500000001,3.2705137289376855,3.69,0.62
8477202,Andrew.Hammond,2018,123,8,8.40081543,0.9349593495934959,0.40081542999999975,2.882956724724035,3.43,0.57
8479292,Charlie.Lindgren,2018,457,42,33.81996459,0.9080962800875274,-8.180035410000002,1.0422294004787318,3.08,0.51
8478965,Ken.Appleby,2018,55,3,3.9735807199999997,0.9454545454545454,0.9735807199999997,2.0834812989416416,2.33,0.39
8470880,Brian.Elliott,2018,1323,125,94.49507038,0.9055177626606198,-30.50492962,-3.806775693821958,2.1,0.35
8476999,Linus.Ullmark,2018,123,8,6.8239656,0.9349593495934959,-1.1760343999999998,1.3061068947240355,1.86,0.31
8473499,Reto.Berra,2018,95,7,6.29642847,0.9263157894736842,-0.7035715299999996,1.213529469990109,1.64,0.27
8476341,Anton.Forsberg,2018,920,85,63.634241610000004,0.907608695652174,-21.365758389999996,-2.8001487058852597,1.31,0.22
8476330,Adam.Wilcox,2018,14,0,0.8739055,1.0,0.8739055,1.1564256473669634,1.22,0.2
8476899,Matt.Murray,2018,1606,151,112.55551658,0.9059775840597758,-38.44448342,-6.035386514904054,1.14,0.19
8473607,Michal.Neuvirth,2018,603,56,41.94515738,0.9071310116086235,-14.054842620000002,-1.8862962726943646,0.81,0.14
8471715,Ondrej.Pavelec,2018,510,46,34.208285260000004,0.9098039215686274,-11.791714739999996,-1.4999093716320449,0.78,0.13
8476986,Marek.Langhamer,2018,10,0,0.3490901,1.0,0.3490901,0.5508902052621167,0.6,0.1
8479138,Scott.Foster,2018,7,0,0.20411739,1.0,0.20411739,0.3453774636834817,0.38,0.06
8473461,Steve.Mason,2018,399,37,27.41349288,0.9072681704260651,-9.58650712,-1.5346829200415435,0.25,0.04
8477465,Tristan.Jarry,2018,688,63,46.23903226,0.9084302325581395,-16.760967739999998,-2.87712049796637,0.19,0.03
8476234,Keith.Kinkaid,2018,1258,114,82.9921086,0.9093799682034976,-31.007891400000005,-5.621438158025725,-0.0,-0.0
8477990,Brandon.Halverson,2018,6,1,0.82664843,0.8333333333333334,-0.17335157,-0.05227150684272999,-0.03,-0.0
8479312,Alex.Lyon,2018,232,21,15.22971315,0.9094827586206896,-5.77028685,-1.088524407918892,-0.05,-0.01
8474636,Michael.Hutchinson,2018,75,7,5.01862083,0.9066666666666666,-1.9813791700000003,-0.4678783805341251,-0.13,-0.02
8478499,Adin.Hill,2018,130,14,10.42406196,0.8923076923076924,-3.5759380400000005,-0.9525366715924832,-0.37,-0.06
8476444,Christopher.Gibson,2018,284,26,18.60225949,0.9084507042253521,-7.397740509999998,-1.6666175205558842,-0.4,-0.07
8475789,Jack.Campbell,2018,145,11,6.93552474,0.9241379310344827,-4.06447526,-1.138373733699308,-0.49,-0.08
8470140,Kari.Lehtonen,2018,946,83,59.01075405,0.912262156448203,-23.989245949999997,-4.898955992203756,-0.67,-0.11
8477967,Thatcher.Demko,2018,30,4,2.60377544,0.8666666666666667,-1.3962245599999998,-0.7908242442136497,-0.66,-0.11
8470093,Mike.McKenna,2018,50,5,3.0214135300000002,0.9,-1.9785864699999998,-0.9695859436894163,-0.75,-0.12
8474667,Harri.Sateri,2018,271,24,16.60317502,0.9114391143911439,-7.396824980000002,-1.9280421273966395,-0.72,-0.12
8480263,Dylan.Ferguson,2018,2,1,0.221907,0.5,-0.778093,-0.7377329789475767,-0.73,-0.12
8471301,Jeff.Glass,2018,451,45,33.11107252,0.9002217294900222,-11.88892748,-2.7877427326785362,-0.77,-0.13
8471433,Daniel.Taylor,2018,34,4,2.26724138,0.8823529411764706,-1.7327586199999998,-1.046638262108803,-0.89,-0.15
8470657,Jimmy.Howard,2018,1769,160,115.41973889,0.9095534200113058,-44.580261109999995,-8.881822489131551,-0.98,-0.16
8479496,David.Rittich,2018,512,48,33.96110742,0.90625,-14.038892580000002,-3.7067271905796275,-1.42,-0.24
8470860,Jaroslav.Halak,2018,1747,160,115.07358887,0.9084144247281053,-44.926411130000005,-9.671932740708222,-1.87,-0.31
8471227,Devan.Dubnyk,2018,1920,159,109.7820644,0.9171875,-49.217935600000004,-10.472315389673597,-1.9,-0.32
8475717,Calvin.Pickard,2018,28,4,1.3973134,0.8571428571428571,-2.6026866,-2.0376463052660734,-1.91,-0.32
8480420,Collin.Delia,2018,63,7,3.41416683,0.8888888888888888,-3.58583317,-2.314492506848665,-2.03,-0.34
8475195,Anders.Nilsson,2018,849,83,59.05946611,0.9022379269729093,-23.940533889999998,-6.80770495324629,-3.02,-0.5
8475234,J.F..Berube,2018,384,40,27.472232860000002,0.8958333333333334,-12.527767139999998,-4.778643097934717,-3.06,-0.51
8475839,Louis.Domingue,2018,584,60,42.12497123,0.8972602739726028,-17.87502877,-6.089902622692385,-3.48,-0.58
8477237,Mike.Condon,2018,898,87,61.23931337,0.9031180400890868,-25.760686630000002,-7.639037177461923,-3.63,-0.6
8477480,Eric.Comrie,2018,94,12,6.03918389,0.8723404255319149,-5.96081611,-4.0638951205361025,-3.64,-0.61
8476903,Jon.Gillies,2018,280,29,18.26175096,0.8964285714285715,-10.73824904,-5.087846092660732,-3.84,-0.64
8475215,Robin.Lehner,2018,1560,142,99.64287426,0.908974358974359,-42.35712574,-10.876309319109797,-3.91,-0.65
8471219,Al.Montoya,2018,346,37,24.51072529,0.8930635838150289,-12.48927471,-5.5069910679307625,-3.96,-0.66
8471774,Alex.Stalock,2018,802,72,47.9296769,0.9102244389027432,-24.070323100000003,-7.8859546579782425,-4.3,-0.72
8469514,Peter.Budaj,2018,218,27,17.09568454,0.8761467889908257,-9.90431546,-5.5050731652858556,-4.53,-0.76
8475852,Petr.Mrazek,2018,1094,108,76.44132175,0.9012797074954296,-31.55867825,-9.481746734324432,-4.6,-0.77
8473541,Jonathan.Bernier,2018,1215,109,73.68223037,0.9102880658436214,-35.31776963,-10.79905684065282,-5.37,-0.9
8476914,Joonas.Korpisalo,2018,564,58,38.43398838,0.8971631205673759,-19.566011619999998,-8.184485683216616,-5.67,-0.94
8475809,Scott.Wedgewood,2018,589,63,42.57088606,0.8930390492359932,-20.42911394,-8.543087740061328,-5.91,-0.98
8470320,Cam.Ward,2018,1186,112,76.62679188,0.9055649241146712,-35.37320812,-11.439715635912961,-6.14,-1.02
8476316,Laurent.Brossoit,2018,343,40,24.29687214,0.8833819241982507,-15.703127859999999,-8.781384249509397,-7.25,-1.21
8475663,Eddie.Lack,2018,177,23,10.95697482,0.8700564971751412,-12.04302518,-8.471163316860535,-7.68,-1.28
8474596,Jake.Allen,2018,1614,152,104.28385774,0.9058240396530359,-47.71614226,-15.145605270694361,-7.94,-1.32
8477225,Jared.Coreau,2018,203,27,13.23521243,0.8669950738916257,-13.76478757,-9.668245433179031,-8.76,-1.46
8471306,Thomas.Greiss,2018,879,94,59.104295640000004,0.8930602957906713,-34.895704359999996,-17.157475107459938,-13.23,-2.2
8473434,Chad.Johnson,2018,964,105,67.72784697,0.8910788381742739,-37.27215303,-17.818622882731947,-13.51,-2.25
8467950,Craig.Anderson,2018,1768,180,121.85910159,0.8981900452488688,-58.140898410000005,-22.462639799657772,-14.57,-2.43
8476509,Maxime.Lagace,2018,431,56,29.20341543,0.8700696055684455,-26.79658457,-18.09900003320277,-16.17,-2.7
8471679,Carey.Price,2018,1486,148,93.20956906,0.9004037685060565,-54.79043093999999,-24.80293529804945,-18.17,-3.03
8474152,Scott.Darling,2018,1170,131,79.99762467,0.888034188034188,-51.00237533000001,-27.39176301433235,-22.17,-3.7
8471750,Ben.Bishop,2019,1750,115,105.59787526,0.9342857142857143,-9.402124740000005,27.997045631070364,35.81,5.97
8475215,Robin.Lehner,2019,1553,107,99.05417657,0.9311010946555055,-7.945823430000004,25.243268905012734,32.18,5.36
8476883,Andrei.Vasilevskiy,2019,1806,142,124.2307315,0.9213732004429679,-17.769268499999995,20.82667532294463,28.89,4.82
8475883,Frederik.Andersen,2019,2199,180,148.45574586,0.9181446111869032,-31.544254139999993,15.450474800562148,25.27,4.21
8476434,John.Gibson,2019,1839,153,130.49216042,0.9168026101141925,-22.507839579999995,16.79334574137053,25.0,4.17
8471306,Thomas.Greiss,2019,1195,89,83.06874783,0.9255230125523013,-5.931252169999993,19.60703845481663,24.94,4.16
8471695,Tuukka.Rask,2019,1982,157,130.58080351,0.920787083753784,-26.41919648999999,15.938035324549425,24.79,4.13
8471469,Pekka.Rinne,2019,1762,147,125.37666187,0.916572077185017,-21.623338129999993,16.032283695043432,23.9,3.98
8475311,Darcy.Kuemper,2019,1651,122,101.38641364,0.9261053906723198,-20.61358636,14.66985951579268,22.04,3.67
8475683,Sergei.Bobrovsky,2019,2087,177,144.53118976,0.9151892668902731,-32.46881024000001,12.13237179681363,21.45,3.58
8470860,Jaroslav.Halak,2019,1156,90,80.44336934,0.9221453287197232,-9.556630659999996,15.148192739404205,20.31,3.38
8476412,Jordan.Binnington,2019,1519,120,100.97642169,0.9210006583278473,-19.023578310000005,13.43890157208908,20.22,3.37
8474651,Braden.Holtby,2019,2025,180,147.28751435,0.9111111111111111,-32.71248564999999,10.56369720795287,19.61,3.27
8471679,Carey.Price,2019,1953,161,129.36341368,0.9175627240143369,-31.636586319999992,10.100887814114543,18.82,3.14
8470594,Marc.Andre.Fleury,2019,1972,173,140.25071958,0.9122718052738337,-32.74928041999999,9.394241849571877,18.2,3.03
8476899,Matt.Murray,2019,1719,141,114.50639571,0.9179755671902269,-26.493604289999993,10.243066491639986,17.92,2.99
8470147,Curtis.McElhinney,2019,1096,94,82.46930397,0.9142335766423357,-11.530696030000001,11.891870099538927,16.79,2.8
8475831,Philipp.Grubauer,2019,1444,117,95.58517101,0.9189750692520776,-21.414828990000004,9.44482930475749,15.89,2.65
8471418,Anton.Khudobin,2019,1233,95,78.72490541,0.9229521492295215,-16.275094589999995,10.075292305731303,15.58,2.6
8475789,Jack.Campbell,2019,826,60,52.19623359,0.927360774818402,-7.8037664100000015,9.848642005145216,13.54,2.26
8470657,Jimmy.Howard,2019,1709,155,123.90371879,0.9093036863662961,-31.09628121,5.426680026662439,13.06,2.18
8476316,Laurent.Brossoit,2019,651,49,44.68798527,0.9247311827956989,-4.312014730000001,9.600476648038176,12.51,2.08
8474593,Jacob.Markstrom,2019,1894,165,128.27675542,0.912882787750792,-36.72324458,3.7533432387470214,12.21,2.04
8476945,Connor.Hellebuyck,2019,2229,195,147.80073289,0.9125168236877523,-47.199267109999994,0.4365904654947812,10.39,1.73
8473575,Semyon.Varlamov,2019,1493,135,106.52555559,0.9095780308104487,-28.474444410000004,3.4323906551474614,10.1,1.68
8475852,Petr.Mrazek,2019,1383,123,97.36775929,0.911062906724512,-25.632240710000005,3.9237893603944656,10.1,1.68
8477424,Juuse.Saros,2019,892,75,61.964171650000004,0.9159192825112108,-13.035828349999996,6.027063061997016,10.01,1.67
8479193,Casey.Desmith,2019,1056,89,71.46470449,0.915719696969697,-17.535295509999997,5.032432439628753,9.75,1.62
8479496,David.Rittich,2019,1228,109,86.19938855,0.9112377850162866,-22.800611450000005,3.4429206732425186,8.93,1.49
8479394,Carter.Hart,2019,976,81,63.62621677,0.9170081967213115,-17.37378323,3.4842683598083894,7.84,1.31
8478406,Mackenzie.Blackwood,2019,669,53,42.08048788,0.9207772795216741,-10.91951212,3.377656438997759,6.36,1.06
8470880,Brian.Elliott,2019,732,68,54.92242234,0.907103825136612,-13.077577660000003,2.56596103235629,5.83,0.97
8470645,Corey.Crawford,2019,1173,107,81.9283042,0.9087809036658141,-25.0716958,-0.0035661741339723108,5.23,0.87
8469608,Mike.Smith,2019,1272,126,98.27289628,0.9009433962264151,-27.727103720000002,-0.5432495988562813,5.14,0.86
8468011,Ryan.Miller,2019,578,51,40.53377193,0.9117647058823529,-10.46622807,1.886183629702101,4.47,0.74
8480382,Alexandar.Georgiev,2019,1057,91,68.16497876,0.9139072847682119,-22.835021240000003,-0.2459223358734981,4.47,0.74
8475839,Louis.Domingue,2019,812,75,56.30885996,0.9076354679802956,-18.69114004,-1.3379249878233495,2.29,0.38
8480420,Collin.Delia,2019,546,50,38.07203198,0.9084249084249084,-11.927968020000002,-0.2594268642260449,2.18,0.36
8477293,Antti.Raanta,2019,349,33,25.81000467,0.9054441260744985,-7.189995329999999,0.268467789716321,1.83,0.3
8477831,Pheonix.Copley,2019,775,74,55.80044837,0.9045161290322581,-18.199551630000002,-1.637061894240265,1.82,0.3
8479294,Kevin.Boyle,2019,139,10,8.12812441,0.9280575539568345,-1.8718755900000001,1.098687085187875,1.72,0.29
8475156,Mikko.Koskinen,2019,1547,146,107.49720789,0.9056237879767292,-38.50279211,-5.441925501973792,1.47,0.24
8475622,Carter.Hutton,2019,1538,140,101.52417001,0.9089726918075423,-38.475829989999994,-5.607301972453577,1.26,0.21
8476444,Christopher.Gibson,2019,17,1,1.26010752,0.9411764705882353,0.26010752000000004,0.6234137464618266,0.7,0.12
8479016,Landon.Bow,2019,19,1,0.95683825,0.9473684210526315,-0.04316175,0.3628863854573355,0.45,0.08
8480925,Pavel.Francouz,2019,33,2,1.65938234,0.9393939393939394,-0.34061765999999993,0.3646238384258985,0.51,0.08
8478499,Adin.Hill,2019,312,29,21.04807698,0.907051282051282,-7.951923019999999,-1.2841852167005952,0.11,0.02
8474596,Jake.Allen,2019,1282,122,88.89127458,0.9048361934477379,-33.10872542,-5.711161753878731,0.01,0.0
8475195,Anders.Nilsson,2019,1074,99,71.23305517,0.9078212290502793,-27.76694483,-4.814539699411668,-0.02,-0.0
8477361,Calvin.Petersen,2019,72,7,4.77134292,0.9027777777777778,-2.2286570799999996,-0.6899483561616757,-0.37,-0.06
8473541,Jonathan.Bernier,2019,1024,98,71.12715917,0.904296875,-26.87284083,-4.988983424299395,-0.42,-0.07
8477968,Alex.Nedeljkovic,2019,26,2,0.8658118100000001,0.9230769230769231,-1.13418819,-0.578543373058383,-0.46,-0.08
8471227,Devan.Dubnyk,2019,1874,162,113.01189998,0.9135538954108858,-48.988100020000005,-8.938931291208071,-0.57,-0.09
8480112,Hunter.Miska,2019,9,1,0.24981122,0.8888888888888888,-0.75018878,-0.5578501895202095,-0.52,-0.09
8480363,Kaden.Fulcher,2019,11,2,1.1218461,0.8181818181818182,-0.8781539,-0.6430734005247005,-0.59,-0.1
8479292,Charlie.Lindgren,2019,49,5,3.07856754,0.8979591836734694,-1.9214324600000001,-0.8742556896100298,-0.66,-0.11
8477405,Marcus.Hogberg,2019,121,14,9.84852339,0.8842975206611571,-4.15147661,-1.565591115771705,-1.03,-0.17
8467950,Craig.Anderson,2019,1673,161,116.31714901,0.9037656903765691,-44.682850990000006,-8.92924411525673,-1.46,-0.24
8476509,Maxime.Lagace,2019,31,4,1.64413431,0.8709677419354839,-2.35586569,-1.6933661005696106,-1.55,-0.26
8478916,Joey.Daccord,2019,40,5,2.11702236,0.875,-2.88297764,-2.02813946008982,-1.85,-0.31
8477967,Thatcher.Demko,2019,288,25,15.65516811,0.9131944444444444,-9.34483189,-3.1899969946467044,-1.9,-0.32
8469514,Peter.Budaj,2019,33,6,2.67266979,0.8181818181818182,-3.32733021,-2.6220887115741016,-2.47,-0.41
8477480,Eric.Comrie,2019,28,5,1.72037761,0.8214285714285714,-3.27962239,-2.681235664062874,-2.56,-0.43
8478470,Sam.Montembeault,2019,281,30,19.90758533,0.8932384341637011,-10.09241467,-4.087176456130986,-2.83,-0.47
8468685,Henrik.Lundqvist,2019,1697,157,110.14577191,0.9074837949322333,-46.85422809000001,-10.587718307310624,-3.01,-0.5
8475277,Edward.Pasquale,2019,102,12,6.39688984,0.8823529411764706,-5.60311016,-3.423272801229041,-2.97,-0.5
8477465,Tristan.Jarry,2019,62,7,2.39761431,0.8870967741935484,-4.60238569,-3.2773865111392215,-3.0,-0.5
8479312,Alex.Lyon,2019,31,6,1.95086667,0.8064516129032258,-4.04913333,-3.3866337405696108,-3.25,-0.54
8476876,Malcolm.Subban,2019,612,60,40.90235088,0.9019607843137255,-19.09764912,-6.018624967374247,-3.29,-0.55
8473503,James.Reimer,2019,923,91,63.79065301,0.9014084507042254,-27.20934699,-7.4839559885726,-3.36,-0.56
8470320,Cam.Ward,2019,1112,114,81.86672657,0.8974820143884892,-32.13327343,-8.368772028497002,-3.4,-0.57
8473614,Richard.Bachman,2019,29,6,1.46596273,0.7931034482758621,-4.53403727,-3.9142795895651195,-3.78,-0.63
8476932,Anthony.Stolarz,2019,501,50,33.11665933,0.9001996007984032,-16.883340670000003,-6.176492466625,-3.94,-0.66
8477237,Mike.Condon,2019,40,8,2.77206617,0.8,-5.22793383,-4.3730956500898195,-4.19,-0.7
8471774,Alex.Stalock,2019,517,53,34.72984069,0.8974854932301741,-18.270159309999997,-7.221375834660922,-4.91,-0.82
8474152,Scott.Darling,2019,232,27,15.97754867,0.8836206896551724,-11.02245133,-6.064389886520957,-5.03,-0.84
8476999,Linus.Ullmark,2019,1146,109,74.12982975,0.9048865619546248,-34.87017025,-10.379056395573347,-5.26,-0.88
8476914,Joonas.Korpisalo,2019,652,67,43.87122657,0.897239263803681,-23.128773430000003,-9.19491109746407,-6.28,-1.05
8471239,Cory.Schneider,2019,711,69,44.24482922,0.9029535864978903,-24.75517078,-9.560422132096551,-6.39,-1.06
8474889,Martin.Jones,2019,2251,233,168.17366087,0.8964904486894714,-64.82633913000001,-16.72032055555463,-6.67,-1.11
8470093,Mike.McKenna,2019,317,34,19.07070249,0.8927444794952681,-14.929297510000001,-8.154704934211825,-6.74,-1.12
8474636,Michael.Hutchinson,2019,239,27,13.82354073,0.8870292887029289,-13.17645927,-8.068801145036677,-7.0,-1.17
8475717,Calvin.Pickard,2019,383,48,30.88606536,0.8746736292428199,-17.11393464,-8.928859067360028,-7.22,-1.2
8476343,Garret.Sparks,2019,590,58,35.30207615,0.9016949152542373,-22.697923850000002,-10.089060696324848,-7.45,-1.24
8473607,Michal.Neuvirth,2019,185,26,12.74923282,0.8594594594594595,-13.25076718,-9.29714059791542,-8.47,-1.41
8466141,Roberto.Luongo,2019,1200,121,80.79801545,0.8991666666666667,-40.201984550000006,-14.556839152694607,-9.2,-1.53
8477180,Aaron.Dell,2019,648,75,47.10798522,0.8842592592592593,-27.892014779999997,-14.043636265455081,-11.15,-1.86
8474550,Antti.Niemi,2019,538,61,35.87356832,0.8866171003717472,-25.126431680000003,-13.628858160208082,-11.23,-1.87
8473434,Chad.Johnson,2019,405,49,26.85778493,0.8790123456790123,-22.14221507,-13.486978498409426,-11.68,-1.95
8475660,Cam.Talbot,2019,997,107,68.69086095,0.892678034102307,-38.30913905,-17.002297415738763,-12.55,-2.09
8476234,Keith.Kinkaid,2019,1183,129,82.93231038,0.8909551986475064,-46.067689619999996,-20.785850449156424,-15.5,-2.58
8471734,Jonathan.Quick,2019,1326,149,95.86268356,0.8876319758672699,-53.137316440000006,-24.79943077597754,-18.88,-3.15
8476883,Andrei.Vasilevskiy,2020,1948,154,141.17974521,0.9209445585215605,-12.820254790000007,26.654433972453504,35.35,5.89
8476945,Connor.Hellebuyck,2020,1710,133,121.9064882,0.9222222222222223,-11.093511800000002,23.558294043837527,31.19,5.2
8474593,Jacob.Markstrom,2020,1774,141,126.25935712,0.9205186020293122,-14.740642879999996,21.20807265623847,29.13,4.85
8471418,Anton.Khudobin,2020,1514,117,107.16434646,0.9227212681638045,-9.835653539999996,20.844366370859664,27.6,4.6
8479394,Carter.Hart,2020,1369,107,98.95654174,0.9218407596785975,-8.043458259999994,19.698250629013792,25.81,4.3
8471695,Tuukka.Rask,2020,1186,86,78.29580337,0.927487352445194,-7.704196629999998,16.32916110730486,21.62,3.6
8475215,Robin.Lehner,2020,1403,117,100.2092603,0.9166072701354241,-16.790739700000003,11.639952463101782,17.9,2.98
8480925,Pavel.Francouz,2020,1027,79,69.18591074,0.9230769230769231,-9.814089260000003,10.997258460246279,15.58,2.6
8470645,Corey.Crawford,2020,1373,120,100.75723585,0.9126001456664239,-19.24276415,8.580001594788847,14.71,2.45
8475311,Darcy.Kuemper,2020,1201,92,76.06835775,0.9233971690258118,-15.931642249999996,8.405678696461333,13.77,2.3
8475831,Philipp.Grubauer,2020,988,82,70.34924213,0.917004048582996,-11.650757870000007,8.370285506439455,12.78,2.13
8478406,Mackenzie.Blackwood,2020,1238,104,85.77391217,0.9159935379644588,-18.226087829999997,6.861009032380622,12.39,2.06
8471679,Carey.Price,2020,1876,165,130.06331344,0.912046908315565,-34.93668656,3.0789787985024546,11.46,1.91
8470860,Jaroslav.Halak,2020,988,82,68.52811533,0.917004048582996,-13.471884669999994,6.549158706439467,10.96,1.83
8476914,Joonas.Korpisalo,2020,1051,83,67.62133012,0.9210275927687916,-15.378669880000004,5.919018974896627,10.61,1.77
8476412,Jordan.Binnington,2020,1300,119,97.01228621,0.9084615384615384,-21.98771379,4.355764336894026,10.16,1.69
8480382,Alexandar.Georgiev,2020,957,80,66.29295839,0.9164054336468129,-13.707041610000005,5.685811134182753,9.96,1.66
8474636,Michael.Hutchinson,2020,395,36,35.9993324,0.9088607594936708,-0.0006675999999998794,8.003696907787031,9.77,1.63
8477465,Tristan.Jarry,2020,879,67,54.63249772,0.9237770193401593,-12.367502279999997,5.444741776569117,9.37,1.56
8475852,Petr.Mrazek,2020,1118,96,77.61539901,0.9141323792486583,-18.384600989999996,4.270790199128868,9.26,1.54
8474596,Jake.Allen,2020,681,51,43.35022063,0.9251101321585903,-7.649779369999997,6.15015032570372,9.19,1.53
8476999,Linus.Ullmark,2020,912,73,58.93625707,0.9199561403508771,-14.063742929999997,4.417220186713351,8.49,1.42
8476904,Chris.Driedger,2020,233,13,15.37546877,0.944206008583691,2.3754687699999995,7.0970306188971595,8.14,1.36
8473575,Semyon.Varlamov,2020,1713,148,113.4052072,0.9136018680677175,-34.59479279999999,0.11780568566882721,7.77,1.3
8475660,Cam.Talbot,2020,1004,76,58.453829230000004,0.9243027888446215,-17.546170769999996,2.799100029539698,7.28,1.21
8473503,James.Reimer,2020,677,56,46.186215080000004,0.9172821270310192,-9.813784919999996,3.905087919928661,6.93,1.16
8477180,Aaron.Dell,2020,739,66,54.70910275,0.9106901217861976,-11.29089725,3.684356854442065,6.98,1.16
8471750,Ben.Bishop,2020,1191,102,79.31248705,0.9143576826196473,-22.68751295,1.447165857023684,6.77,1.13
8473541,Jonathan.Bernier,2020,1140,111,89.42064125,0.9026315789473685,-21.579358749999997,1.5218451458916888,6.61,1.1
8478048,Igor.Shesterkin,2020,454,32,26.96298804,0.9295154185022027,-5.037011960000001,4.162941170469143,6.19,1.03
8477967,Thatcher.Demko,2020,696,62,50.82988963,0.9109195402298851,-11.170110370000003,2.9337825348601836,6.04,1.01
8475195,Anders.Nilsson,2020,552,42,34.22611486,0.9239130434782609,-7.773885139999997,3.4119609569580813,5.88,0.98
8477361,Calvin.Petersen,2020,196,13,13.21448404,0.9336734693877551,0.21448404000000032,4.186269972977868,5.06,0.84
8470147,Curtis.McElhinney,2020,439,38,31.579514160000002,0.9134396355353075,-6.420485839999998,2.4755040813126765,4.44,0.74
8477293,Antti.Raanta,2020,951,80,60.76395899,0.9158780231335436,-19.23604101,0.03522645052016671,4.28,0.71
8468685,Henrik.Lundqvist,2020,712,60,46.32099524,0.9157303370786517,-13.679004759999998,0.7491155679604233,3.93,0.66
8479496,David.Rittich,2020,1303,117,88.72890616,0.9102072141212586,-28.271093840000006,-1.8668230712746876,3.95,0.66
8478499,Adin.Hill,2020,300,25,20.67421856,0.9166666666666666,-4.32578144,1.753482743129391,3.09,0.52
8475156,Mikko.Koskinen,2020,961,83,61.35475555,0.9136316337148803,-21.64524445,-2.171334850042186,2.12,0.35
8470594,Marc.Andre.Fleury,2020,1114,109,83.24117708,0.9021543985637342,-25.75882292,-3.1844885866461965,1.79,0.3
8478039,Kaapo.Kahkonen,2020,139,10,7.920613250000001,0.9280575539568345,-2.0793867499999994,0.7373389881832848,1.36,0.23
8479979,Jake.Oettinger,2020,8,0,1.0379220400000002,1.0,1.0379220400000002,1.2000357515501172,1.24,0.21
8468011,Ryan.Miller,2020,472,43,32.37707964,0.9088983050847458,-10.622920360000002,-1.0582113785430938,1.05,0.18
8479312,Alex.Lyon,2020,73,8,7.24137169,0.8904109589041096,-0.7586283099999998,0.7206593078948187,1.05,0.18
8480051,Cayden.Primeau,2020,72,5,4.19572033,0.9305555555555556,-0.8042796699999997,0.654743733951054,0.98,0.16
8478492,Ilya.Samsonov,2020,548,49,36.3314798,0.9105839416058394,-12.668520200000003,-1.5637309588169828,0.88,0.15
8478007,Elvis.Merzlikins,2020,771,64,45.80392458,0.9169909208819714,-18.19607542,-2.5723664693574655,0.87,0.14
8477405,Marcus.Hogberg,2020,653,60,44.64175242,0.9081163859111792,-15.358247579999997,-2.12571587472169,0.79,0.13
8480213,Gilles.Senn,2020,38,3,2.72430013,0.9210526315789473,-0.27569986999999996,0.4943402598630562,0.66,0.11
8471306,Thomas.Greiss,2020,721,61,43.35596082,0.9153952843273232,-17.64403918,-3.0335409265456974,0.19,0.03
8476876,Malcolm.Subban,2020,470,48,36.57837215,0.8978723404255319,-11.42162785,-1.897447296430622,0.2,0.03
8475883,Frederik.Andersen,2020,1415,124,88.91312138,0.9123674911660777,-35.08687861999999,-6.413015889573035,-0.09,-0.02
8479530,Adam.Werner,2020,58,5,3.41865434,0.9137931034482759,-1.5813456600000002,-0.40602125126165145,-0.15,-0.02
8477480,Eric.Comrie,2020,36,4,2.9268942,0.8888888888888888,-1.0731058,-0.34359409802447316,-0.18,-0.03
8480022,Michael.Dipietro,2020,7,1,0.4663323,0.8571428571428571,-0.5336677000000001,-0.3918182023936476,-0.36,-0.06
8477312,Antoine.Bibeau,2020,42,5,3.07214686,0.8809523809523809,-1.9278531399999999,-1.076756154361885,-0.89,-0.15
8476341,Anton.Forsberg,2020,78,8,5.04354268,0.8974358974358975,-2.95645732,-1.3758486323863586,-1.03,-0.17
8479188,David.Ayres,2020,10,2,0.65233,0.8,-1.34767,-1.1450278605623536,-1.1,-0.18
8477968,Alex.Nedeljkovic,2020,96,11,7.2622829,0.8854166666666666,-3.7377171000000002,-1.7923525613985953,-1.36,-0.23
8479292,Charlie.Lindgren,2020,147,17,11.94469934,0.8843537414965986,-5.05530066,-2.076461210266599,-1.42,-0.24
8477992,Jonas.Johansson,2020,150,16,10.67634294,0.8933333333333333,-5.32365706,-2.284024968435305,-1.61,-0.27
8477424,Juuse.Saros,2020,1096,102,73.21030557,0.906934306569343,-28.789694429999997,-6.580115947633956,-1.69,-0.28
8478435,Dan.Vladar,2020,15,3,0.73665616,0.8,-2.26334384,-1.9593806308435306,-1.89,-0.32
8471469,Pekka.Rinne,2020,850,82,58.8952079,0.9035294117647059,-23.104792099999997,-5.880210247800058,-2.08,-0.35
8480162,Matiss.Kivlenieks,2020,137,14,8.39242211,0.8978102189781022,-5.60757789,-2.831380579704245,-2.22,-0.37
8475789,Jack.Campbell,2020,643,62,43.74333351,0.9035769828926905,-18.25666649,-5.22677692415934,-2.36,-0.39
8476316,Laurent.Brossoit,2020,458,52,38.13138016,0.8864628820960698,-13.868619840000001,-4.587609853755797,-2.54,-0.42
8479288,Kasimir.Kaskisuo,2020,38,6,2.33883713,0.8421052631578947,-3.66116287,-2.891122740136944,-2.72,-0.45
8476861,Oscar.Dansk,2020,37,6,2.02759977,0.8378378378378378,-3.97240023,-3.2226243140807083,-3.06,-0.51
8469608,Mike.Smith,2020,918,92,65.99303004,0.8997821350762527,-26.006969960000006,-7.404421559624073,-3.31,-0.55
8471774,Alex.Stalock,2020,1173,106,73.72060251,0.9096334185848253,-32.279397489999994,-8.509474533964077,-3.27,-0.55
8467950,Craig.Anderson,2020,857,85,59.93280236,0.9008168028004667,-25.067197640000003,-7.700766290193712,-3.87,-0.64
8475622,Carter.Hutton,2020,852,86,60.20303748,0.8990610328638498,-25.79696252,-8.531852239912531,-4.73,-0.79
8471734,Jonathan.Quick,2020,994,95,65.45251114,0.9044265593561368,-29.54748886,-9.404860199897954,-4.97,-0.83
8470880,Brian.Elliott,2020,737,76,52.0567406,0.8968792401628223,-23.943259400000002,-9.008533723445465,-5.72,-0.95
8476899,Matt.Murray,2020,1076,104,71.56763628,0.9033457249070632,-32.43236372,-10.62806951650925,-5.82,-0.97
8475717,Calvin.Pickard,2020,75,15,6.59514154,0.8,-8.40485846,-6.8850424142176525,-6.55,-1.09
8476234,Keith.Kinkaid,2020,192,24,12.17915021,0.875,-11.82084979,-7.930120712797191,-7.07,-1.18
8471239,Cory.Schneider,2020,293,37,22.33586258,0.8737201365187713,-14.66413742,-8.726722734476962,-7.42,-1.24
8478470,Sam.Montembeault,2020,298,34,18.31309802,0.8859060402684564,-15.686901979999998,-9.648166224758137,-8.32,-1.39
8474651,Braden.Holtby,2020,1293,130,89.07784115,0.8994586233565351,-40.92215885,-14.72053022071233,-8.95,-1.49
8476434,John.Gibson,2020,1305,125,83.69456777,0.9042145593869731,-41.305432229999994,-14.860633033387145,-9.03,-1.5
8475839,Louis.Domingue,2020,373,46,26.22937247,0.8766756032171582,-19.77062753,-12.21207572897579,-10.55,-1.76
8474889,Martin.Jones,2020,782,81,50.77638298,0.8964194373401535,-30.22361702,-14.377001715976053,-10.89,-1.82
8475683,Sergei.Bobrovsky,2020,1226,127,85.55673593,0.8964110929853181,-41.44326407,-16.599337774944555,-11.13,-1.86
8471227,Devan.Dubnyk,2020,788,88,53.47840902,0.8883248730964467,-34.52159098,-18.553390392313467,-15.03,-2.5
8470657,Jimmy.Howard,2020,706,89,49.24237594,0.8739376770538244,-39.75762406,-25.451089015702166,-22.3,-3.72
8476883,Andrei.Vasilevskiy,2021,1910,137,142.71473209,0.9282722513089006,5.7147320900000125,48.11919986112103,56.65,9.44
8470594,Marc.Andre.Fleury,2021,1393,104,102.98756103,0.9253409906676239,-1.0124389700000052,29.913960823283546,36.13,6.02
8476945,Connor.Hellebuyck,2021,1623,132,122.90340131,0.9186691312384473,-9.096598689999993,26.93609826943949,34.18,5.7
8477424,Juuse.Saros,2021,1300,95,88.73107203,0.926923076923077,-6.268927969999993,22.592751664794417,28.4,4.73
8469608,Mike.Smith,2021,1055,82,74.01799106,0.9222748815165877,-7.98200894,15.440354148237002,20.15,3.36
8473575,Semyon.Varlamov,2021,1430,106,86.70926173,0.9258741258741259,-19.290738270000006,12.457109328273848,18.84,3.14
8477968,Alex.Nedeljkovic,2021,923,65,58.74712463,0.9295774647887324,-6.252875369999998,14.238917170704035,18.36,3.06
8471679,Carey.Price,2021,1330,115,96.97035992,0.9135338345864662,-18.029640079999993,11.498078315597365,17.44,2.91
8477967,Thatcher.Demko,2021,1164,99,84.45946615,0.9149484536082474,-14.540533850000003,11.301770069154376,16.5,2.75
8475789,Jack.Campbell,2021,783,59,54.209596239999996,0.9246487867177522,-4.790403760000004,12.593207896956937,16.09,2.68
8471695,Tuukka.Rask,2021,943,79,67.29012443,0.9162248144220573,-11.709875569999994,9.225942811239335,13.44,2.24
8475831,Philipp.Grubauer,2021,1264,101,79.94450609,0.9200949367088608,-21.055493909999996,7.006939211830879,12.65,2.11
8473541,Jonathan.Bernier,2021,755,63,54.88660179,0.9165562913907285,-8.11339821,8.648577270207525,12.02,2.0
8478048,Igor.Shesterkin,2021,987,83,66.87784547,0.9159067882472138,-16.122154530000003,5.790520700416984,10.2,1.7
8475660,Cam.Talbot,2021,1231,103,79.33599841,0.9163281884646629,-23.664001589999998,3.6657888949476316,9.16,1.53
8477361,Calvin.Petersen,2021,1008,88,69.4716719,0.9126984126984127,-18.528328099999996,3.8505742629790554,8.35,1.39
8478009,Ilya.Sorokin,2021,793,64,50.80726053,0.9192938209331651,-13.19273947,4.412885107224593,7.95,1.32
8478007,Elvis.Merzlikins,2021,827,69,54.70317159,0.9165659008464329,-14.296828410000003,4.063640096134595,7.76,1.29
8479193,Casey.Desmith,2021,543,48,41.24337218,0.9116022099447514,-6.7566278199999985,5.298673750533359,7.72,1.29
8475852,Petr.Mrazek,2021,361,31,28.79290041,0.9141274238227147,-2.2070995899999986,5.807566831662141,7.42,1.24
8480280,Jeremy.Swayman,2021,274,16,15.8291857,0.9416058394160584,-0.17081429999999997,5.912339715333591,7.14,1.19
8474596,Jake.Allen,2021,818,76,60.437776559999996,0.9070904645476773,-15.562223440000004,2.5984334378937106,6.25,1.04
8476412,Jordan.Binnington,2021,1335,122,91.9331025,0.9086142322097378,-30.066897499999996,-0.4281726442688125,5.53,0.92
8478499,Adin.Hill,2021,530,46,37.32295148,0.9132075471698113,-8.67704852,3.0896362541854145,5.46,0.91
8475311,Darcy.Kuemper,2021,713,66,52.20181496,0.9074333800841514,-13.79818504,2.0313361750833963,5.21,0.87
8475215,Robin.Lehner,2021,602,55,44.00876573,0.9086378737541528,-10.99123427,2.3739435301124896,5.06,0.84
8476904,Chris.Driedger,2021,684,55,41.52897562,0.9195906432748538,-13.471024380000003,1.7146593663072096,4.77,0.8
8479979,Jake.Oettinger,2021,708,61,46.29916501,0.9138418079096046,-14.700834989999997,1.017679764949575,4.18,0.7
8474593,Jacob.Markstrom,2021,1151,108,81.36398092,0.9061685490877498,-26.636019079999997,-1.08233195719356,4.06,0.68
8476316,Laurent.Brossoit,2021,369,30,24.2414172,0.9186991869918699,-5.758582799999999,2.43369395787626,4.08,0.68
8478406,Mackenzie.Blackwood,2021,1082,106,80.99864767,0.9020332717190388,-25.001352330000003,-0.979554357040346,3.85,0.64
8479406,Filip.Gustavsson,2021,254,17,14.04287355,0.9330708661417323,-2.9571264500000005,2.682001724798292,3.82,0.64
8481519,Spencer.Knight,2021,152,12,11.18095184,0.9210526315789473,-0.8190481599999995,2.55554822806827,3.23,0.54
8476434,John.Gibson,2021,1041,100,75.32179782,0.9039385206532181,-24.67820218,-1.5666571801377067,3.08,0.51
8476932,Anthony.Stolarz,2021,230,17,13.61450465,0.9260869565217391,-3.3854953499999993,1.7208018161559346,2.75,0.46
8476341,Anton.Forsberg,2021,264,24,19.51643045,0.9090909090909091,-4.483569549999999,1.3775715450659431,2.56,0.43
8476509,Maxime.Lagace,2021,29,0,1.8172836399999999,1.0,1.8172836399999999,2.461121108776183,2.59,0.43
8476999,Linus.Ullmark,2021,591,49,35.81255238,0.9170896785109983,-13.18744762,-0.06648403218192556,2.57,0.43
8467950,Craig.Anderson,2021,141,11,9.61803644,0.9219858156028369,-1.3819635600000009,1.7484186157738546,2.38,0.4
8480947,Kevin.Lankinen,2021,1193,108,78.45184279,0.9094719195305951,-29.54815721,-3.062015822069437,2.26,0.38
8475683,Sergei.Bobrovsky,2021,979,96,71.9752247,0.9019407558733401,-24.0247753,-2.289710405797134,2.08,0.35
8477234,Troy.Grosenick,2021,77,6,6.01270004,0.922077922077922,0.012700040000000357,1.7221995260609,2.07,0.34
8475809,Scott.Wedgewood,2021,458,46,34.49789351,0.8995633187772926,-11.502106490000003,-1.3339147417416637,0.71,0.12
8471306,Thomas.Greiss,2021,867,78,55.56183421,0.9100346020761245,-22.43816579,-3.189645602794805,0.68,0.11
8478916,Joey.Daccord,2021,214,22,16.8208529,0.897196261682243,-5.179147100000002,-0.4280706062723061,0.53,0.09
8480162,Matiss.Kivlenieks,2021,71,7,5.49932061,0.9014084507042254,-1.5006793900000002,0.07561234390031002,0.39,0.06
8474636,Michael.Hutchinson,2021,211,17,11.56764718,0.919431279620853,-5.43235282,-0.7478802023525999,0.19,0.03
8479288,Kasimir.Kaskisuo,2021,3,0,0.08624892999999996,1.0,0.08624892999999996,0.15285280608029475,0.17,0.03
8480313,Logan.Thompson,2021,2,0,0.0444585,1.0,0.0444585,0.08886108405352985,0.1,0.02
8477480,Eric.Comrie,2021,33,3,2.09395853,0.9090909090909091,-0.9060414699999999,-0.1733988331167572,-0.03,-0.0
8480420,Collin.Delia,2021,178,19,14.24538209,0.8932584269662921,-4.75461791,-0.8027879292358424,-0.01,-0.0
8477293,Antti.Raanta,2021,402,38,26.87407412,0.9054726368159204,-11.12592588,-2.201006485240498,-0.41,-0.07
8475156,Mikko.Koskinen,2021,758,76,55.27328036,0.899736147757256,-20.72671964,-3.8981402837121806,-0.51,-0.08
8477970,Vitek.Vanecek,2021,1033,96,67.97920682,0.9070667957405615,-28.02079318,-5.086858516351825,-0.47,-0.08
8479973,Stuart.Skinner,2021,38,5,3.4840063299999997,0.868421052631579,-1.5159936700000003,-0.6723445729829329,-0.5,-0.08
8478435,Dan.Vladar,2021,149,17,12.41253747,0.8859060402684564,-4.58746253,-1.279470018012025,-0.61,-0.1
8476234,Keith.Kinkaid,2021,205,21,14.74502918,0.8975609756097561,-6.2549708200000005,-1.7037059545131896,-0.79,-0.13
8481001,Veini.Vehvilainen,2021,4,1,0.11041587,0.75,-0.88958413,-0.8007789618929403,-0.78,-0.13
8479312,Alex.Lyon,2021,169,18,12.64042319,0.893491124260355,-5.35957681,-1.6075584574767268,-0.85,-0.14
8480045,Ukko.Pekka.Luukkonen,2021,149,14,9.15790592,0.9060402684563759,-4.842094080000001,-1.534101568012026,-0.87,-0.14
8471469,Pekka.Rinne,2021,664,62,43.4095,0.9066265060240963,-18.5905,-3.8488420942280843,-0.88,-0.15
8476444,Christopher.Gibson,2021,40,5,3.03840339,0.875,-1.96159661,-1.0735449289294028,-0.89,-0.15
8475839,Louis.Domingue,2021,23,3,1.3343318,0.8695652173913043,-1.6656682,-1.1550384833844065,-1.05,-0.18
8473503,James.Reimer,2021,627,59,41.13005699,0.9059011164274322,-17.86994301,-3.9497329092183886,-1.15,-0.19
8481501,Artyom.Zagidulin,2021,11,2,0.56467872,0.8181818181818182,-1.4353212800000001,-1.191107067705586,-1.14,-0.19
8476861,Oscar.Dansk,2021,29,4,1.81924421,0.8620689655172413,-2.18075579,-1.536918321223817,-1.41,-0.24
8479496,David.Rittich,2021,463,46,32.11378594,0.9006479481641468,-13.88621406,-3.607015851607837,-1.54,-0.26
8480373,Josef.Korenar,2021,258,26,17.38185807,0.8992248062015504,-8.61814193,-2.890208587094648,-1.74,-0.29
8475883,Frederik.Andersen,2021,660,70,50.53826906,0.8939393939393939,-19.461730940000002,-4.808878202335148,-1.86,-0.31
8476876,Malcolm.Subban,2021,472,47,32.50676866,0.9004237288135594,-14.493231340000001,-4.014221503366954,-1.91,-0.32
8475920,Michael.Houser,2021,141,14,8.05654436,0.900709219858156,-5.94345564,-2.8130734642261443,-2.18,-0.36
8471418,Anton.Khudobin,2021,800,76,52.26377336,0.905,-23.736226639999998,-5.975193018588055,-2.4,-0.4
8482246,Alexei.Melnichuk,2021,81,11,6.43222052,0.8641975308641975,-4.56777948,-2.76947482583204,-2.41,-0.4
8478492,Ilya.Samsonov,2021,598,59,40.43210115,0.9013377926421404,-18.56789885,-5.291526217994569,-2.62,-0.44
8470860,Jaroslav.Halak,2021,482,46,29.61134604,0.9045643153526971,-16.38865396,-5.687631203099302,-3.54,-0.59
8471734,Jonathan.Quick,2021,567,58,39.054367140000004,0.8977072310405644,-18.945632859999996,-6.357500280824279,-3.83,-0.64
8474682,Dustin.Tokarski,2021,447,43,27.21486808,0.9038031319910514,-15.785131920000001,-5.861154384036077,-3.87,-0.64
8480051,Cayden.Primeau,2021,93,14,7.52381548,0.8494623655913979,-6.47618452,-4.411464361510862,-4.0,-0.67
8481031,Ivan.Prosvetov,2021,51,9,3.40788875,0.8235294117647058,-5.59211125,-4.459845356634989,-4.23,-0.7
8477992,Jonas.Johansson,2021,380,39,24.59702436,0.8973684210526316,-14.402975640000001,-5.9664846698293275,-4.27,-0.71
8480382,Alexandar.Georgiev,2021,464,44,27.28979335,0.9051724137931034,-16.71020665,-6.408807149581072,-4.34,-0.72
8475717,Calvin.Pickard,2021,121,16,7.9088389,0.8677685950413223,-8.0911611,-5.404804764761444,-4.86,-0.81
8477465,Tristan.Jarry,2021,1280,120,80.89668628,0.90625,-39.10331372,-10.68565992574089,-4.97,-0.83
8475622,Carter.Hutton,2021,341,39,24.27351586,0.8856304985337243,-14.72648414,-7.155843558873158,-5.63,-0.94
8476914,Joonas.Korpisalo,2021,904,96,66.06396194,0.8938053097345132,-29.93603806,-9.866070067804504,-5.83,-0.97
8478024,Ville.Husso,2021,460,49,30.633529720000002,0.8934782608695652,-18.366470279999998,-8.15387594768813,-6.1,-1.02
8470147,Curtis.McElhinney,2021,295,36,21.79518384,0.8779661016949153,-14.20481616,-7.655435012104345,-6.34,-1.06
8480112,Hunter.Miska,2021,111,17,7.30886494,0.8468468468468469,-9.69113506,-7.226791645029094,-6.73,-1.12
8478039,Kaapo.Kahkonen,2021,692,68,42.13683442,0.9017341040462428,-25.86316558,-10.499871497478669,-7.41,-1.24
8476899,Matt.Murray,2021,738,79,51.10453787,0.8929539295392954,-27.89546213,-11.51090861424748,-8.22,-1.37
8474651,Braden.Holtby,2021,694,77,50.0956012,0.8890489913544669,-26.904398800000003,-11.49670213342514,-8.4,-1.4
8477180,Aaron.Dell,2021,154,22,9.3611516,0.8571428571428571,-12.6388484,-9.219849427878202,-8.53,-1.42
8477405,Marcus.Hogberg,2021,324,40,22.50118783,0.8765432098765432,-17.49881217,-10.305593553328162,-8.86,-1.48
8471227,Devan.Dubnyk,2021,595,63,38.16906095,0.8941176470588236,-24.830939049999998,-11.621170294074863,-8.96,-1.49
8468011,Ryan.Miller,2021,434,51,28.49866731,0.8824884792626728,-22.50133269,-12.865971950384022,-10.93,-1.82
8474889,Martin.Jones,2021,980,102,64.81532456,0.8959183673469387,-37.18467544000001,-15.427409253770374,-11.05,-1.84
8479394,Carter.Hart,2021,720,89,58.38167674,0.8763888888888889,-30.618323259999997,-14.633393000729246,-11.42,-1.9
8470880,Brian.Elliott,2021,738,82,49.73778166,0.8888888888888888,-32.26221834,-15.877664824247478,-12.58,-2.1
8478048,Igor.Shesterkin,2022,2340,157,162.73967874,0.9329059829059829,5.739678739999988,54.50651479776396,64.95,10.82
8476883,Andrei.Vasilevskiy,2022,2621,214,201.10370651,0.9183517741320106,-12.896293490000005,41.72673100034161,53.43,8.9
8475683,Sergei.Bobrovsky,2022,1872,164,156.16341172,0.9123931623931624,-7.836588280000001,31.17688056621118,39.54,6.59
8477424,Juuse.Saros,2022,2105,173,151.07354964,0.9178147268408551,-21.92645035999999,21.942861563757774,31.34,5.22
8475311,Darcy.Kuemper,2022,2142,176,152.54814324,0.9178338001867413,-23.45185676,21.188554708260874,30.75,5.12
8475883,Frederik.Andersen,2022,1427,111,103.40938287,0.9222144358794674,-7.590617129999998,22.148816653944102,28.52,4.75
8476945,Connor.Hellebuyck,2022,2158,193,166.00913219,0.9105653382761817,-26.990867809999997,17.98299210993789,27.62,4.6
8477465,Tristan.Jarry,2022,1737,141,122.80751795,0.918825561312608,-18.192482049999995,18.00751548518634,25.76,4.29
8474593,Jacob.Markstrom,2022,2105,172,143.92141021,0.918289786223278,-28.078589789999995,15.790722133757768,25.19,4.2
8478009,Ilya.Sorokin,2022,1623,121,104.65520183,0.9254467036352434,-16.344798170000004,17.479379146987576,24.73,4.12
8471734,Jonathan.Quick,2022,1516,138,123.68151291,0.9089709762532981,-14.318487090000005,17.275753706397513,24.04,4.01
8477967,Thatcher.Demko,2022,1967,168,141.2998096,0.9145907473309609,-26.700190399999997,14.293128628043483,23.08,3.85
8476341,Anton.Forsberg,2022,1457,121,103.60570217,0.9169526424159231,-17.39429783,12.970351800838511,19.48,3.25
8479979,Jake.Oettinger,2022,1610,126,104.7535783,0.9217391304347826,-21.2464217,12.306828750000001,19.5,3.25
8469608,Mike.Smith,2022,1434,123,102.18448221,0.9142259414225942,-20.81551779,9.069799691552795,15.47,2.58
8475215,Robin.Lehner,2022,1285,120,100.99270471,0.9066147859922179,-19.007295290000002,7.772783485310558,13.51,2.25
8478024,Ville.Husso,2022,1464,125,101.19604019,0.9146174863387978,-23.803959809999995,6.706573518447211,13.24,2.21
8477480,Eric.Comrie,2022,534,42,40.26370221,0.9213483146067416,-1.7362977900000018,9.392544284720495,11.78,1.96
8477293,Antti.Raanta,2022,1027,86,71.49658374,0.9162609542356378,-14.503416259999995,6.899806232018641,11.49,1.92
8478039,Kaapo.Kahkonen,2022,1064,93,77.28908359,0.9125939849624061,-15.710916409999996,6.4634056265217446,11.21,1.87
8478007,Elvis.Merzlikins,2022,1898,177,139.66595052,0.9067439409905164,-37.334049480000004,2.2212731001863304,10.7,1.78
8475789,Jack.Campbell,2022,1638,144,112.49225199,0.9120879120879121,-31.50774801,2.6290372304347827,9.94,1.66
8477484,Spencer.Martin,2022,218,11,15.32621616,0.9495412844036697,4.3262161599999995,8.86945131409938,9.84,1.64
8480280,Jeremy.Swayman,2022,1257,109,86.74209991,0.9132856006364359,-22.257900090000007,3.9386438948757707,9.55,1.59
8475809,Scott.Wedgewood,2022,1215,109,87.71160139,0.9102880658436214,-21.28839861,4.032843189223602,9.46,1.58
8476999,Linus.Ullmark,2022,1195,102,81.17740269000001,0.9146443514644351,-20.822597309999992,4.08183392462734,9.42,1.57
8480925,Pavel.Francouz,2022,781,67,55.91484116,0.9142125480153649,-11.085158839999998,5.191293707484473,8.68,1.45
8481519,Spencer.Knight,2022,877,81,67.36317588,0.9076396807297605,-13.63682412,4.640319137546584,8.56,1.43
8473575,Semyon.Varlamov,2022,967,85,68.26863379,0.9120992761116856,-16.731366210000004,3.421424588229808,7.74,1.29
8479193,Casey.Desmith,2022,820,69,54.96208465,0.9158536585365854,-14.037915349999999,3.051317798447208,6.71,1.12
8476932,Anthony.Stolarz,2022,809,66,51.57882124,0.9184177997527813,-14.421178759999997,2.438808577919257,6.05,1.01
8470880,Brian.Elliott,2022,489,43,36.187294,0.9120654396728016,-6.812705999999999,3.378312304378884,5.56,0.93
8476899,Matt.Murray,2022,640,60,49.37535314,0.90625,-10.624646859999999,2.713291207080747,5.57,0.93
8477968,Alex.Nedeljkovic,2022,1792,176,136.16946653,0.9017857142857143,-39.830533470000006,-2.484306882173918,5.52,0.92
8473503,James.Reimer,2022,1429,127,96.21590858,0.9111266620013996,-30.784091419999996,-1.0029765795962682,5.38,0.9
8479394,Carter.Hart,2022,1441,137,105.73877962,0.9049271339347675,-31.261220379999997,-1.2300192008385054,5.2,0.87
8474651,Braden.Holtby,2022,699,60,47.33587184,0.9141630901287554,-12.664128159999997,1.9034010726397543,5.02,0.84
8479292,Charlie.Lindgren,2022,118,5,7.0726965,0.9576271186440678,2.0726965,4.5318788311180125,5.06,0.84
8478433,Felix.Sandstrom,2022,177,16,16.17606101,0.9096045197740112,0.17606101000000152,3.8648345066770204,4.66,0.78
8474596,Jake.Allen,2022,1111,107,82.82113084,0.9036903690369037,-24.178869160000005,-1.0250422966770216,3.94,0.66
8479973,Stuart.Skinner,2022,366,32,26.63488976,0.912568306010929,-5.36511024,2.2625230921118016,3.9,0.65
8475660,Cam.Talbot,2022,1507,136,101.56221652,0.9097544790975448,-34.43778347999999,-3.0311074376708014,3.7,0.62
8475920,Michael.Houser,2022,77,4,5.55633494,0.948051948051948,1.5563349400000002,3.1610556136956527,3.5,0.58
8480313,Logan.Thompson,2022,569,49,38.0988846,0.9138840070298769,-10.901115400000002,0.9571451627639735,3.5,0.58
8480193,Daniil.Tarasov,2022,111,7,7.10305789,0.9369369369369369,0.10305788999999965,2.4163565235093163,2.91,0.49
8480373,Josef.Korenar,2022,35,3,4.62941052,0.9142857142857143,1.6294105200000004,2.358829008043479,2.52,0.42
8475839,Louis.Domingue,2022,270,23,18.41465752,0.9148148148148149,-4.585342480000001,1.0416001420496883,2.25,0.38
8476412,Jordan.Binnington,2022,1300,120,89.13859103,0.9076923076923077,-30.86140897,-3.768722271242236,2.04,0.34
8470860,Jaroslav.Halak,2022,399,39,30.79227939,0.9022556390977443,-8.207720609999999,0.10765015369565312,1.89,0.32
8480045,Ukko.Pekka.Luukkonen,2022,278,23,17.50373637,0.9172661870503597,-5.496263630000001,0.29740321788819735,1.54,0.26
8477457,Zach.Fucale,2022,66,5,4.85080044,0.9242424242424242,-0.14919955999999956,1.2262753031677023,1.52,0.25
8476904,Chris.Driedger,2022,724,73,56.09740101,0.899171270718232,-16.90259899,-1.8140565516149074,1.42,0.24
8479313,Zach.Sawchenko,2022,151,15,12.42888118,0.9006622516556292,-2.5711188200000006,0.5758009427018629,1.25,0.21
8473541,Jonathan.Bernier,2022,264,26,20.143340470000002,0.9015151515151515,-5.856659529999998,-0.3547600773291908,0.82,0.14
8476343,Garret.Sparks,2022,47,3,2.63158285,0.9361702127659575,-0.36841714999999997,0.6110876768012423,0.82,0.14
8478971,Connor.Ingram,2022,253,25,19.37558372,0.9011857707509882,-5.624416279999998,-0.35176263785714124,0.78,0.13
8475234,J.F..Berube,2022,209,21,16.39041263,0.8995215311004785,-4.60958737,-0.25391696996894364,0.68,0.11
8476234,Keith.Kinkaid,2022,31,2,1.68820949,0.9354838709677419,-0.31179051,0.3342658651242236,0.47,0.08
8475156,Mikko.Koskinen,2022,1455,142,105.51938732,0.902405498281787,-36.48061267999999,-6.1576441056211095,0.34,0.06
8481544,Mads.Sogaard,2022,54,6,5.0015914200000005,0.8888888888888888,-0.9984085799999995,0.12697994440993843,0.37,0.06
8479312,Alex.Lyon,2022,65,6,4.62218638,0.9076923076923077,-1.3778136200000004,-0.023179285062112198,0.27,0.05
8471239,Cory.Schneider,2022,30,3,2.4971038,0.9,-0.5028961999999999,0.1223196468944101,0.26,0.04
8479361,Joseph.Woll,2022,123,11,7.90735958,0.9105691056910569,-3.0926404200000004,-0.5292554477329197,0.02,0.0
8478903,Adam.Huska,2022,26,2,1.26346499,0.9230769230769231,-0.7365350100000001,-0.19468127602484486,-0.08,-0.01
8476433,Magnus.Hellberg,2022,23,3,2.15907632,0.8695652173913043,-0.84092368,-0.3615915307142856,-0.26,-0.04
8480843,Lukas.Dostal,2022,108,10,6.94982433,0.9074074074074074,-3.05017567,-0.7993986211801238,-0.32,-0.05
8478499,Adin.Hill,2022,648,61,44.25768442,0.9058641975308642,-16.742315580000003,-3.2376532870807484,-0.34,-0.06
8480022,Michael.Dipietro,2022,17,3,2.15064792,0.8235294117647058,-0.8493520800000001,-0.4950631000931678,-0.42,-0.07
8480591,Thomas.Hodges,2022,3,1,0.2745308,0.6666666666666666,-0.7254692,-0.662947615310559,-0.65,-0.11
8474636,Michael.Hutchinson,2022,42,6,3.57134398,0.8571428571428571,-2.42865602,-1.5533538343478261,-1.37,-0.23
8477180,Aaron.Dell,2022,355,38,27.61375321,0.8929577464788733,-10.386246790000001,-2.98785926841615,-1.4,-0.23
8480981,Joel.Hofer,2022,50,6,3.25829155,0.88,-2.74170845,-1.6996820385093168,-1.48,-0.25
8477831,Pheonix.Copley,2022,41,5,2.32280913,0.8780487804878049,-2.67719087,-1.8227292125776398,-1.64,-0.27
8477970,Vitek.Vanecek,2022,1169,110,78.77975174,0.9059024807527801,-31.220248260000005,-6.85767075934783,-1.64,-0.27
8478435,Dan.Vladar,2022,612,56,38.83362654,0.9084967320261438,-17.166373460000003,-4.41197018335404,-1.68,-0.28
8481597,Hugo.Alnefelt,2022,11,3,1.05734518,0.7272727272727273,-1.94265482,-1.7134090094720498,-1.66,-0.28
8478933,Michael.McNiven,2022,7,3,0.8845402600000001,0.5714285714285714,-2.11545974,-1.9695760423913042,-1.94,-0.32
8475717,Calvin.Pickard,2022,72,9,4.94284128,0.875,-4.05715872,-2.5566406874534167,-2.24,-0.37
8481020,Justus.Annunen,2022,51,7,3.39769621,0.8627450980392157,-3.60230379,-2.539436850279503,-2.31,-0.38
8481031,Ivan.Prosvetov,2022,104,13,7.49688632,0.875,-5.50311368,-3.3356987440993793,-2.87,-0.48
8474682,Dustin.Tokarski,2022,860,88,63.26057468,0.8976744186046511,-24.739425320000002,-6.816571042360252,-2.98,-0.5
8476509,Maxime.Lagace,2022,58,10,5.55436597,0.8275862068965517,-4.44563403,-3.2368833926708076,-2.98,-0.5
8480420,Collin.Delia,2022,218,22,13.50957287,0.8990825688073395,-8.49042713,-3.9471919759006218,-2.97,-0.5
8481611,Pyotr.Kochetkov,2022,145,17,10.21842629,0.8827586206896552,-6.78157371,-3.7596971166770183,-3.11,-0.52
8471774,Alex.Stalock,2022,28,6,1.9289256399999999,0.7857142857142857,-4.07107436,-3.487539569565217,-3.36,-0.56
8474667,Harri.Sateri,2022,157,21,13.67862747,0.8662420382165605,-7.32137253,-4.049409597919254,-3.35,-0.56
8476316,Laurent.Brossoit,2022,589,62,43.59747975,0.8947368421052632,-18.402520250000002,-6.127449122639753,-3.5,-0.58
8467950,Craig.Anderson,2022,944,96,68.35001734,0.8983050847457628,-27.649982660000006,-7.976524011055908,-3.76,-0.63
8470594,Marc.Andre.Fleury,2022,1889,174,122.43777105,0.9078877713075701,-51.562228950000005,-12.19447112388199,-3.76,-0.63
8471695,Tuukka.Rask,2022,90,14,7.82311488,0.8444444444444444,-6.17688512,-4.30123757931677,-3.9,-0.65
8478902,Erik.Kallgren,2022,388,42,28.22460369,0.8917525773195877,-13.775396310000001,-5.689271356832299,-3.96,-0.66
8480382,Alexandar.Georgiev,2022,862,87,61.18407948,0.8990719257540604,-25.81592052,-7.851385185900618,-4.0,-0.67
8471679,Carey.Price,2022,148,18,10.07147067,0.8783783783783784,-7.92852933,-4.844131151987577,-4.18,-0.7
8476876,Malcolm.Subban,2022,132,17,9.42126369,0.8712121212121212,-7.57873631,-4.827786583664596,-4.24,-0.71
8479406,Filip.Gustavsson,2022,574,62,43.10637324,0.89198606271777,-18.893626759999997,-6.931163556086952,-4.37,-0.73
8474889,Martin.Jones,2022,1141,114,80.64152912,0.9000876424189308,-33.35847088,-9.579428169782606,-4.48,-0.75
8478916,Joey.Daccord,2022,139,20,11.83720424,0.8561151079136691,-8.16279576,-5.2659623360559005,-4.65,-0.78
8482821,Arvid.Soderblom,2022,94,13,5.96044135,0.8617021276595744,-7.03955865,-5.080548996397516,-4.66,-0.78
8479581,Jack.LaFontaine,2022,41,9,2.9248960999999998,0.7804878048780488,-6.0751039,-5.2206422425776395,-5.04,-0.84
8477361,Calvin.Petersen,2022,1021,109,76.99373075,0.8932419196865817,-32.00626925,-10.728089927360251,-6.17,-1.03
8478492,Ilya.Samsonov,2022,1270,128,89.3703071,0.8992125984251969,-38.629692899999995,-12.162222048136641,-6.49,-1.08
8471418,Anton.Khudobin,2022,232,28,15.52364878,0.8793103448275862,-12.47635122,-7.64134867068323,-6.61,-1.1
8477202,Andrew.Hammond,2022,314,38,23.31668433,0.8789808917197452,-14.683315669999999,-8.139389805838508,-6.74,-1.12
8482076,Nico.Daws,2022,616,66,43.43694405,0.8928571428571429,-22.56305595,-9.72529056043478,-6.97,-1.16
8478406,Mackenzie.Blackwood,2022,733,79,52.92714975,0.8922237380627558,-26.072850250000002,-10.796743057546585,-7.52,-1.25
8475852,Petr.Mrazek,2022,520,58,36.62388795,0.8884615384615384,-21.376112050000003,-10.539037370496898,-8.22,-1.37
8476434,John.Gibson,2022,1787,172,118.4168699,0.9037493005036373,-53.583130100000005,-16.341106153322983,-8.36,-1.39
8481033,Akira.Schmid,2022,114,19,7.72072384,0.8333333333333334,-11.27927616,-8.903455941801242,-8.39,-1.4
8476914,Joonas.Korpisalo,2022,634,78,53.36743039,0.8769716088328076,-24.632569609999997,-11.419674712298134,-8.59,-1.43
8479496,David.Rittich,2022,446,54,33.70239417,0.8789237668161435,-20.297605830000002,-11.002730239503107,-9.01,-1.5
8475622,Carter.Hutton,2022,58,15,4.4029149,0.7413793103448276,-10.597085100000001,-9.388334462670809,-9.13,-1.52
8476903,Jon.Gillies,2022,549,61,37.08109476,0.8888888888888888,-23.91890524,-12.477455241832299,-10.03,-1.67
8471306,Thomas.Greiss,2022,843,92,60.34544951,0.8908659549228944,-31.65455049,-14.085985192267078,-10.32,-1.72
8478872,Karel.Vejmelka,2022,1671,170,116.35720028,0.8982645122681029,-53.64279972,-18.81827704798137,-11.36,-1.89
8480051,Cayden.Primeau,2022,303,40,20.99160407,0.8679867986798679,-19.00839593,-12.693715876366458,-11.34,-1.89
8478470,Sam.Montembeault,2022,1124,121,80.76171656,0.8923487544483986,-40.238283440000004,-16.813529709689444,-11.79,-1.96
8477992,Jonas.Johansson,2022,265,39,19.44173188,0.8528301886792453,-19.55826812,-14.03552813909938,-12.85,-2.14
8480947,Kevin.Lankinen,2022,972,106,61.27907424,0.8909465020576132,-44.72092576,-24.46393232062112,-20.12,-3.35
8475831,Philipp.Grubauer,2022,1477,164,102.19859163,0.8889641164522681,-61.801408370000004,-31.019948174565222,-24.42,-4.07
8476999,Linus.Ullmark,2023,1614,109,118.40650082,0.9324659231722429,9.406500820000005,43.08061134440565,50.29,8.38
8477424,Juuse.Saros,2023,2024,163,160.88246312,0.9194664031620553,-2.1175368799999887,40.110715723096064,49.15,8.19
8478009,Ilya.Sorokin,2023,1990,150,144.97832149,0.9246231155778895,-5.021678509999987,36.497206213399785,45.38,7.56
8478048,Igor.Shesterkin,2023,1870,152,144.22432135,0.9187165775401069,-7.775678650000003,31.239554733295265,39.59,6.6
8476945,Connor.Hellebuyck,2023,2086,170,151.91147794,0.9185043144774688,-18.088522060000003,25.43328373548338,34.75,5.79
8475683,Sergei.Bobrovsky,2023,2098,194,170.46109973,0.9075309818875119,-23.53890027,20.233270659493833,29.6,4.93
8480382,Alexandar.Georgiev,2023,2040,170,147.73062382,0.9166666666666666,-22.269376179999995,20.29269660177666,29.4,4.9
8476883,Andrei.Vasilevskiy,2023,2045,181,157.68162876,0.9114914425427872,-23.318371240000005,19.348020347614337,28.48,4.75
8479406,Filip.Gustavsson,2023,1260,89,84.9547952,0.9293650793650794,-4.045204799999993,22.24313427109735,27.87,4.65
8478492,Ilya.Samsonov,2023,1412,118,101.97008546,0.9164305949008499,-16.029914539999993,13.429716228563063,19.73,3.29
8480280,Jeremy.Swayman,2023,953,78,72.76469783,0.9181532004197271,-5.235302169999997,14.647862222663314,18.9,3.15
8476914,Joonas.Korpisalo,2023,1328,120,102.84233788,0.9096385542168675,-17.157662119999998,10.549412710489904,16.48,2.75
8479973,Stuart.Skinner,2023,1760,157,125.76968784,0.9107954545454545,-31.230312159999997,5.489907494866138,13.35,2.22
8475311,Darcy.Kuemper,2023,1653,151,120.45797312,0.9086509376890503,-30.542026879999995,3.94577032993962,11.33,1.89
8478470,Sam.Montembeault,2023,1337,131,108.02513588,0.9020194465220643,-22.974864120000007,4.919984560997733,10.89,1.82
8481033,Akira.Schmid,2023,628,49,43.09140243,0.9219745222929936,-5.908597569999998,7.1938444432135995,10.0,1.67
8479394,Carter.Hart,2023,1639,152,120.35707932,0.9072605247101891,-31.642920680000003,2.5527838735940804,9.87,1.64
8478499,Adin.Hill,2023,1116,89,70.53250075,0.9202508960573477,-18.467499250000003,4.816458212971931,9.8,1.63
8476341,Anton.Forsberg,2023,817,79,67.60770281,0.9033047735618115,-11.392297189999994,5.653395683878205,9.3,1.55
8479193,Casey.Desmith,2023,1090,103,84.3841551,0.9055045871559633,-18.6158449,4.12565477261596,8.99,1.5
8470594,Marc.Andre.Fleury,2023,1332,129,103.45351618,0.9031531531531531,-25.546483820000006,2.2440460551600445,8.19,1.36
8478872,Karel.Vejmelka,2023,1601,160,127.63645229,0.9000624609618988,-32.363547710000006,1.0393339192276514,8.19,1.36
8480947,Kevin.Lankinen,2023,566,49,42.77889149,0.9134275618374559,-6.2211085100000005,5.5877803108262665,8.12,1.35
8480313,Logan.Thompson,2023,1114,95,74.77179194,0.914721723518851,-20.22820806,3.014021880636861,7.99,1.33
8479979,Jake.Oettinger,2023,2242,194,145.02215851,0.9134701159678859,-48.97784149,-2.2012889523807573,7.81,1.3
8467950,Craig.Anderson,2023,807,71,57.7692973,0.9120198265179678,-13.230702700000002,3.6063525622028223,7.21,1.2
8477465,Tristan.Jarry,2023,1392,124,95.85528322,0.9109195402298851,-28.144716779999996,0.8976387652123101,7.11,1.18
8479361,Joseph.Woll,2023,274,20,19.50401296,0.927007299270073,-0.49598703999999927,5.220683519905297,6.44,1.07
8476316,Laurent.Brossoit,2023,464,40,34.36204675,0.9137931034482759,-5.6379532500000025,4.042831931737432,6.11,1.02
8473575,Semyon.Varlamov,2023,688,60,48.36849247,0.9127906976744186,-11.63150753,2.7227601532658525,5.79,0.96
8479312,Alex.Lyon,2023,595,55,44.87154596,0.907563025210084,-10.128454040000001,2.2854838546848555,4.94,0.82
8478971,Connor.Ingram,2023,873,82,64.27285027,0.9060710194730813,-17.727149729999994,0.48691376926030827,4.38,0.73
8471774,Alex.Stalock,2023,791,71,55.0633889,0.9102402022756005,-15.9366111,0.5666239835222235,4.1,0.68
8481611,Pyotr.Kochetkov,2023,649,61,48.51151267,0.9060092449922958,-12.488487329999998,1.0520936677318886,3.95,0.66
8477992,Jonas.Johansson,2023,63,5,7.1317934,0.9206349206349206,2.1317934000000003,3.446210353554868,3.73,0.62
8475883,Frederik.Andersen,2023,1093,100,75.88620943,0.9085086916742909,-24.113790570000006,-1.3096996138814347,3.57,0.6
8477293,Antti.Raanta,2023,806,72,54.91260276,0.9106699751861043,-17.08739724,-0.2712057389647171,3.33,0.56
8480867,Kevin.Mandolese,2023,120,10,10.30338659,0.9166666666666666,0.30338659000000057,2.8070379301045096,3.34,0.56
8477831,Pheonix.Copley,2023,757,72,56.03681115,0.904887714663144,-15.963188850000002,-0.16932164617405654,3.21,0.54
8470860,Jaroslav.Halak,2023,670,65,51.02872924,0.9029850746268657,-13.971270760000003,0.007449222250173193,3.0,0.5
8476434,John.Gibson,2023,1842,183,139.35592776000001,0.9006514657980456,-43.644072239999986,-5.213024169395773,3.01,0.5
8482221,Devon.Levi,2023,222,21,18.23766899,0.9054054054054054,-2.7623310100000005,1.869423969193341,2.86,0.48
8480263,Dylan.Ferguson,2023,83,5,5.59769726,0.9397590361445783,0.5976972600000003,2.329389436905619,2.7,0.45
8482982,Jet.Greaves,2023,49,3,4.45551126,0.9387755102040817,1.4555112599999998,2.4778355572093407,2.7,0.45
8481031,Ivan.Prosvetov,2023,183,19,16.92857803,0.8961748633879781,-2.0714219699999994,1.7466463236593768,2.56,0.43
8480238,Jiri.Patera,2023,70,5,5.6133731000000004,0.9285714285714286,0.6133731000000004,2.073836381727631,2.39,0.4
8474682,Dustin.Tokarski,2023,101,9,8.65911633,0.9108910891089109,-0.3408836700000002,1.7663562079212949,2.22,0.37
8477180,Aaron.Dell,2023,85,8,7.88753296,0.9058823529411765,-0.1124670400000003,1.6609526592406936,2.04,0.34
8476899,Matt.Murray,2023,819,82,63.2235054,0.8998778998778999,-18.7764946,-1.6890742037867241,1.97,0.33
8475809,Scott.Wedgewood,2023,600,55,41.4783841,0.9083333333333333,-13.5216159,-1.0033591994774547,1.68,0.28
8476234,Keith.Kinkaid,2023,40,2,2.66044584,0.95,0.66044584,1.494996286701503,1.67,0.28
8480925,Pavel.Francouz,2023,487,42,31.13993878,0.9137577002053389,-10.860061219999999,-0.6994095314091986,1.48,0.25
8481692,Dustin.Wolf,2023,25,1,1.37982345,0.96,0.37982344999999995,0.9014174791884393,1.01,0.17
8480981,Joel.Hofer,2023,179,17,13.3869843,0.9050279329608939,-3.6130157,0.12159754898922603,0.92,0.15
8483530,Jaxson.Stauber,2023,179,17,13.350353909999999,0.9050279329608939,-3.649646090000001,0.08496715898922513,0.88,0.15
8475831,Philipp.Grubauer,2023,1253,127,96.10906994,0.8986432561851556,-30.890930060000002,-4.748637317075421,0.85,0.14
8479380,Dylan.Wells,2023,13,1,1.11101648,0.9230769230769231,0.11101647999999997,0.38224537517798846,0.44,0.07
8480199,Eetu.Makiniemi,2023,32,3,2.36142755,0.90625,-0.6385724499999998,0.029067907361202572,0.17,0.03
8475660,Cam.Talbot,2023,937,95,71.31960755,0.8986125933831377,-23.68039245,-4.131048236017293,0.05,0.01
8478916,Joey.Daccord,2023,130,13,9.46168261,0.9,-3.5383173899999996,-0.8260284382201148,-0.25,-0.04
8477970,Vitek.Vanecek,2023,1440,137,100.25595486,0.9048611111111111,-36.74404514,-6.70022905874589,-0.27,-0.05
8482137,Yaroslav.Askarov,2023,35,4,2.4575131,0.8857142857142857,-1.5424869,-0.8122552591361849,-0.66,-0.11
8482447,Leevi.Merilainen,2023,49,6,4.00376001,0.8775510204081632,-1.9962399900000003,-0.9739156927906591,-0.76,-0.13
8478902,Erik.Kallgren,2023,246,25,17.95208777,0.8983739837398373,-7.047912230000001,-1.9154269827857577,-0.82,-0.14
8480843,Lukas.Dostal,2023,604,59,42.84299128,0.902317880794702,-16.15700872,-3.5552969748073053,-0.86,-0.14
8481519,Spencer.Knight,2023,625,61,44.29494909,0.9024,-16.705050909999997,-3.6652001802890126,-0.87,-0.14
8481035,Samuel.Ersson,2023,317,32,23.03915121,0.8990536277602523,-8.96084879,-2.3470364998905886,-0.93,-0.16
8476932,Anthony.Stolarz,2023,471,51,37.9265528,0.89171974522293,-13.073447199999997,-3.246615690089799,-1.14,-0.19
8471306,Thomas.Greiss,2023,605,63,46.15129087,0.8958677685950414,-16.848709130000003,-4.22613362363977,-1.52,-0.25
8480051,Cayden.Primeau,2023,54,8,5.04880199,0.8518518518518519,-2.9511980099999997,-1.8245549069529705,-1.58,-0.26
8482821,Arvid.Soderblom,2023,453,48,34.81327178,0.8940397350993378,-13.18672822,-3.735444411105478,-1.71,-0.28
8481020,Justus.Annunen,2023,48,7,4.00109436,0.8541666666666666,-2.9989056400000003,-1.9974451039581966,-1.78,-0.3
8474596,Jake.Allen,2023,1285,142,107.54921556,0.8894941634241245,-34.45078444000001,-7.640851339714221,-1.9,-0.32
8479292,Charlie.Lindgren,2023,846,85,61.15915722,0.8995271867612293,-23.840842780000003,-6.190100832263212,-2.41,-0.4
8476903,Jon.Gillies,2023,66,9,4.71094191,0.8636363636363636,-4.28905809,-2.9120498529425203,-2.62,-0.44
8481668,Arturs.Silovs,2023,110,12,6.55732565,0.8909090909090909,-5.44267435,-3.1476606215708665,-2.66,-0.44
8474593,Jacob.Markstrom,2023,1484,156,115.70499644,0.894878706199461,-40.29500356,-9.333181987374235,-2.71,-0.45
8477967,Thatcher.Demko,2023,925,93,66.67125405,0.8994594594594595,-26.32874595,-7.029766870027739,-2.9,-0.48
8471418,Anton.Khudobin,2023,28,6,2.16142527,0.7857142857142857,-3.83857473,-3.254389417308948,-3.13,-0.52
8480045,Ukko.Pekka.Luukkonen,2023,1032,114,84.42306104,0.8895348837209303,-29.576938960000007,-8.045537435101227,-3.44,-0.57
8480420,Collin.Delia,2023,470,56,40.49571805,0.8808510638297873,-15.50428195,-5.69831420125734,-3.6,-0.6
8470880,Brian.Elliott,2023,681,75,53.87974235,0.8898678414096917,-21.12025765,-6.91203629490691,-3.87,-0.64
8479496,David.Rittich,2023,505,50,33.3810281,0.900990099009901,-16.6189719,-6.082772510393523,-3.83,-0.64
8478406,Mackenzie.Blackwood,2023,532,57,39.5567238,0.8928571428571429,-17.4432762,-6.34375525887001,-3.97,-0.66
8481544,Mads.Sogaard,2023,501,56,39.21458879,0.8882235528942116,-16.78541121,-6.332666865063674,-4.1,-0.68
8477968,Alex.Nedeljkovic,2023,466,48,31.37135338,0.8969957081545065,-16.62864662,-6.906133915927491,-4.83,-0.8
8476433,Magnus.Hellberg,2023,447,50,33.78966556,0.8881431767337807,-16.210334439999997,-6.884233198110701,-4.89,-0.82
8480193,Daniil.Tarasov,2023,504,53,35.16662755,0.8948412698412699,-17.83337245,-7.31803682156106,-5.07,-0.85
8477480,Eric.Comrie,2023,584,68,47.79536576,0.8835616438356164,-20.204634239999997,-8.020197718158053,-5.41,-0.9
8475852,Petr.Mrazek,2023,1160,126,90.60264802,0.8913793103448275,-35.397351979999996,-11.195389025656407,-6.02,-1.0
8478435,Dan.Vladar,2023,626,68,46.04816109,0.8913738019169329,-21.95183891,-8.891124419121477,-6.1,-1.02
8477361,Calvin.Petersen,2023,257,34,19.45018441,0.867704280155642,-14.549815590000001,-9.187828969942846,-8.04,-1.34
8473503,James.Reimer,2023,1130,120,83.27062913,0.8938053097345132,-36.72937087,-13.153320750682536,-8.11,-1.35
8474636,Michael.Hutchinson,2023,412,52,32.950974,0.8737864077669902,-19.049025999999998,-10.453156398974517,-8.61,-1.43
8476412,Jordan.Binnington,2023,1772,189,135.34731989,0.8933408577878104,-53.652680110000006,-16.68209532112342,-8.77,-1.46
8475789,Jack.Campbell,2023,980,109,73.77572811,0.8887755102040816,-35.22427189,-14.777785945813172,-10.4,-1.73
8478024,Ville.Husso,2023,1541,160,110.59482859,0.8961713173264114,-49.405171409999994,-17.254115450824592,-10.37,-1.73
8471734,Jonathan.Quick,2023,1000,114,77.9499037,0.886,-36.05009630000001,-15.186335132462432,-10.72,-1.79
8474889,Martin.Jones,2023,1111,126,85.75921924,0.8865886588658866,-40.24078076000001,-17.06114210286576,-12.1,-2.02
8478433,Felix.Sandstrom,2023,575,69,42.15344486,0.88,-26.84655514,-14.849892468665894,-12.28,-2.05
8478039,Kaapo.Kahkonen,2023,966,114,68.32887352,0.8819875776397516,-45.67112648,-25.5167331921587,-21.2,-3.53
8477484,Spencer.Martin,2023,816,106,63.1054506,0.8700980392156863,-42.8945494,-25.86972028728934,-22.23,-3.7
8478007,Elvis.Merzlikins,2023,884,109,64.17913283,0.8766968325791855,-44.82086717,-26.377302297896783,-22.43,-3.74
