season,team,GP,roster_EV_O,roster_EV_D,roster_PP,roster_PK,roster_PEN,goalie_GA_G,team_strength,actual_GD,actual_wins,win_pct
2015,NYI,82,0.0004465771774645157,0.0005699797908575033,0.14542507145876404,0.3124558825712925,0.0002802751276361915,0.2187658536585366,0.1532158536585366,-21,41,0.5
2015,NSH,82,-0.0001759720148181383,0.0005831105974684656,0.11958843027181128,0.31837882635322867,4.389839707788471e-05,0.08582073170731708,0.15179512195121952,9,45,0.5487804878048781
2015,ANA,82,8.246872282611665e-05,0.0006190546242536364,0.1810984370498358,0.20380168139574473,-0.0007440936130182035,0.11856951219512196,0.14906097560975612,-5,40,0.4878048780487805
2015,WSH,82,0.0008587524141189032,0.0006353184971272574,0.34972450894174906,-0.11502732597565807,0.00048361980444611337,0.06743170731707318,0.11032073170731709,-21,38,0.4634146341463415
2015,BOS,82,0.0006342880417278126,6.58375080928898e-05,0.22554552552402862,0.03864501674235986,-0.0014941069689194686,0.11081219512195123,0.09699146341463415,6,43,0.524390243902439
2015,DAL,82,0.0009752957557319782,0.00038834470318096424,0.3546989734604528,-0.170850152149724,0.00027965472285491503,0.11438902439024391,0.08580243902439025,-18,40,0.4878048780487805
2015,MIN,82,0.0004850616725567498,0.0007289558829670928,0.12621847278198756,0.02309343526958715,0.001578337974756656,0.15698658536585366,0.07885487804878048,21,46,0.5609756097560976
2015,CAR,81,0.0003859165474152835,0.0006458025522760243,-0.007249416195345759,0.19413612561532054,0.0017352369268661127,0.1681074074074074,0.06800493827160493,-6,37,0.4567901234567901
2015,BUF,80,0.00016249891739025362,-6.866231996801094e-05,0.11015534903439232,0.02602259276894182,0.00188599725094687,0.11086875,0.06137875,-8,35,0.4375
2015,PIT,82,0.0005863442797841936,0.000371341203502529,0.14226490197351838,0.009201400966187738,-0.0002700605936348285,0.3099280487804878,0.0583,3,41,0.5
2015,SJS,82,0.00031093566198303683,0.0011662042048654322,0.22105778759202865,-0.14875836831287237,0.0001420337942006644,0.21315121951219512,0.05735975609756098,14,40,0.4878048780487805
2015,STL,81,0.00016085506536835822,0.0003968947116183015,0.15606404345460284,0.038477803239975156,-0.0009080982880384597,0.33595802469135805,0.054481481481481485,-2,44,0.5432098765432098
2015,NYR,82,0.00039287077381328116,0.0007967098209981492,0.0013914923093629303,0.1530190266595532,-0.0003710043108408023,0.2883329268292683,0.05079756097560976,5,39,0.47560975609756095
2015,CHI,81,0.0006455648446466785,0.0003884531895408392,0.10424952909974816,0.021436378384616313,0.0011809273875671553,0.1801925925925926,0.05064444444444444,-2,44,0.5432098765432098
2015,TOR,82,0.000296369941712499,-6.320494721709674e-06,0.0617607537421503,0.08158909788595058,-0.00028818014226095705,0.17069268292682926,0.04937195121951219,23,46,0.5609756097560976
2015,EDM,82,0.0006839029898518983,-9.152500998060396e-05,0.1563865934022075,-0.08125043714958735,0.00043016682431593024,0.31963780487804877,0.04444268292682926,8,43,0.524390243902439
2015,MTL,81,0.0002545025996526638,0.0002840368630691162,0.033953538401890075,0.044805604046317025,0.0003098181810563515,0.25573703703703704,0.03511975308641975,17,42,0.5185185185185185
2015,PHI,81,0.00048632063515486744,0.00011191335847464847,0.16990441565277478,-0.14561542307398603,0.00016668600741145818,0.16810987654320989,0.027980246913580246,1,43,0.5308641975308642
2015,ARI,82,2.8687283609260322e-05,-0.0003577123963636264,-0.02706192320347048,0.11323361134266935,-0.00011555981152147077,0.17799756097560976,0.02304878048780488,-9,42,0.5121951219512195
2015,DET,81,0.00017267955338534142,-0.0002056014687126631,0.040187250532599555,0.013291876782822487,8.533117200864946e-05,0.16541111111111112,0.02256543209876543,0,35,0.43209876543209874
2015,NJD,82,0.00024409387174045334,0.0003849690841052289,-0.007554789182411412,0.028126194500411768,6.645114571927071e-05,0.12948536585365855,0.01279512195121951,-34,39,0.47560975609756095
2015,CBJ,82,0.0008045587189487106,-0.00017016504912108126,0.11363444835524415,-0.11637718307828125,-0.0003530474890664314,0.07351463414634146,0.006812195121951219,-26,31,0.3780487804878049
2015,TBL,82,0.00013356256067833925,0.00046380113268253034,-0.054083551819999125,0.05697615746637389,0.0003528194204556561,0.06465853658536586,5.365853658536773e-05,8,43,0.524390243902439
2015,VAN,82,0.00016748517078493303,-6.329407438928734e-05,-0.0766333016060985,0.04980594606265929,8.872405271020298e-06,0.17042317073170735,-0.010252439024390244,-10,37,0.45121951219512196
2015,LAK,81,0.0004705646587381069,0.0006252731040711104,0.13879553788801816,-0.20559496466827004,-0.0013051984925346088,0.17638765432098766,-0.02000246913580247,30,41,0.5061728395061729
2015,OTT,81,0.00036120504485698604,-7.410503557594319e-05,0.0527259250374526,-0.15564207997015336,5.0542191114929897e-05,0.0916641975308642,-0.020027160493827165,3,42,0.5185185185185185
2015,FLA,80,0.001013383749837895,-0.00015428343501268374,-0.09517929440344738,-0.001676002488862706,0.00037435139600343445,0.021640000000000006,-0.03344,9,41,0.5125
2015,COL,82,0.0003166571307881834,-6.846773760124471e-05,0.023670472334662362,-0.2139625451728876,0.0003159374822540031,0.12367926829268293,-0.05885731707317073,-7,39,0.47560975609756095
2015,CGY,82,5.229970320542387e-05,0.0005273513448645281,-0.09996538543734096,-0.18287275262641217,0.00160815384275698,0.24107682926829269,-0.0875780487804878,-2,44,0.5365853658536586
2015,WPG,82,0.0006320253455957318,7.067950667805272e-05,0.01782806721447685,-0.31512459638352774,-0.0017892139194849944,0.29608658536585364,-0.12171463414634147,14,43,0.524390243902439
2016,PHI,82,0.0005912598219639454,0.00037815840541175627,0.398398779296597,0.21661359470275188,0.0026331040360159886,0.05296951219512196,0.25889268292682927,15,45,0.5487804878048781
2016,ANA,82,0.000554697129652876,0.0012311991055406145,0.2838298689183435,0.34762633844392377,-0.0028934581776539525,0.06392926829268292,0.22889634146341464,-15,36,0.43902439024390244
2016,CAR,82,0.0014422020370283234,0.0006526917926886424,0.1540270578352519,0.5167118943487217,0.00363062533345218,-0.05057804878048781,0.22237073170731708,-4,42,0.5121951219512195
2016,BOS,82,0.0014685575251180856,0.00037029975949516585,0.23431216134712451,0.3250161688080378,-0.002525535748217193,0.03940853658536584,0.18627439024390244,6,41,0.5
2016,WSH,81,0.0017369243983637742,0.0015512787401622038,0.11654015573376443,0.3459596760706065,-0.0006175602296162664,0.007877777777777768,0.18545432098765433,13,43,0.5308641975308642
2016,TBL,82,0.0011322402365268485,0.00010765401119669323,0.24368241037157476,0.1452535513293851,-0.00031359570068477784,0.04586707317073171,0.14873048780487805,58,55,0.6707317073170732
2016,CBJ,81,0.0020034737111240416,0.0002490351263040242,0.3203554864860966,0.0017001012451595152,0.0014525675860767933,0.011901234567901228,0.13577283950617283,9,39,0.48148148148148145
2016,PIT,81,0.0021406696996057913,0.0006818620221360698,0.23686474680881656,0.0995242481845363,-0.00033252652270807293,0.027382716049382715,0.1332246913580247,-36,30,0.37037037037037035
2016,EDM,81,0.0017833284760264553,0.0006356046103510795,0.3452014518589313,-0.11836980625041398,0.0017970341995634377,0.08091111111111111,0.12437530864197532,-29,38,0.4691358024691358
2016,STL,82,0.0008652308061898622,0.0004058214712950415,0.12706385112478488,0.19814398138850248,-0.0016811001035290422,-0.06480975609756097,0.12118414634146342,-8,38,0.4634146341463415
2016,NSH,82,0.0011794172734182942,0.0006307224074103053,0.03260747810084997,0.23262102031807508,-4.1101407051743364e-05,-0.056171951219512205,0.09671585365853658,14,43,0.524390243902439
2016,TOR,82,0.0012412377712332004,-0.0004975326844693421,0.33533495221766807,-0.10273254454771928,0.0005276490645892586,0.058626829268292685,0.09121463414634147,-18,37,0.45121951219512196
2016,NYR,81,0.0014731479961523494,0.0008187244562927005,0.09422027205162312,0.08972648271581599,0.0018420939889263743,0.06549135802469136,0.08823827160493826,-27,37,0.4567901234567901
2016,LAK,82,0.0007146879427028264,0.0012997681978320242,0.0644934501928821,0.11600932473333544,-0.001003563091755678,-0.024939024390243907,0.0624609756097561,2,38,0.4634146341463415
2016,MIN,82,0.0020364154558119556,0.0008495568320288177,0.08065555362705709,-0.04726422310467538,0.0035605671581735118,0.0236,0.04951829268292683,20,43,0.524390243902439
2016,OTT,82,0.0004797853006713193,0.0007107226730954131,-0.06909328792776041,0.1460097085721005,-0.0002571662805360546,-0.016163414634146358,0.027845121951219513,-14,34,0.4146341463414634
2016,FLA,81,0.0017168864362210488,-0.00012521379776234758,0.018655239747465073,0.02540606500282675,-0.0009168004197200374,0.06168024691358024,0.01307901234567901,33,46,0.5679012345679012
2016,DAL,82,0.0008146244624305406,0.0005505266816545702,0.23420564296935445,-0.3194101112017327,0.0005674210523969023,0.010345121951219519,0.01027317073170732,-16,36,0.43902439024390244
2016,NYI,82,0.0010049680732306938,0.0004477770385362466,-0.0008456259971946225,0.032467607365962846,0.00019979473088424055,0.11599512195121951,0.010198780487804877,5,41,0.5
2016,BUF,82,0.0010945972069461274,-0.00024298939802466318,0.2770733575653,-0.36805684927515564,0.0030695582639181413,0.2263292682926829,0.0013353658536585354,-25,39,0.47560975609756095
2016,SJS,81,0.00038515693521821043,0.002471451009021667,-0.05075047294525595,-0.030335710001362686,0.001415838662378895,0.002481481481481486,-0.01746172839506173,-27,39,0.48148148148148145
2016,CHI,82,0.000670227545591553,0.0006162738447843264,0.017651351624343843,-0.1518064680799168,0.0017014824704274748,0.09041829268292682,-0.01883170731707317,28,44,0.5365853658536586
2016,NJD,82,0.0011673148895554961,-4.1187464938131374e-05,-0.03725519191017612,-0.01686932078241314,-0.00018779404891838293,-0.08569024390243901,-0.02461463414634146,-31,38,0.4634146341463415
2016,CGY,82,0.0007739637845833694,0.0008190154388525518,0.10682616100476333,-0.26368290446532955,-0.0008296063587324592,-0.09154146341463415,-0.03197560975609756,-16,39,0.47560975609756095
2016,MTL,82,0.0005252807933775114,0.0007149902879484359,-0.07098383720594956,-0.045538786919118696,-0.0021955606943625315,0.04241219512195122,-0.04492560975609756,11,50,0.6097560975609756
2016,DET,82,0.0008979581522232899,-0.00024174512747943908,-0.287005207798841,0.04290735251084613,0.0008292381511553612,0.03136097560975611,-0.09806463414634146,28,46,0.5609756097560976
2016,VAN,82,0.00030099997377673523,-0.0004656273391017891,-0.30818943852172326,-0.06849095853703115,0.0018656532691964814,-0.11524756097560976,-0.13853658536585364,13,46,0.5609756097560976
2016,WPG,82,0.0014210549949076516,0.00020223084461506503,-0.029469748201466844,-0.397108438347212,-0.0006096513927934665,0.21562195121951222,-0.14354268292682926,14,42,0.5121951219512195
2016,COL,81,0.0006410353894330678,-0.0007565340812748798,-0.1922806429406057,-0.24013154309627455,0.0006858028073585848,-0.035140740740740736,-0.14896049382716048,20,41,0.5061728395061729
2016,ARI,80,0.0003728527435959885,-0.0008115483455017572,-0.1965183634459593,-0.23008290765168202,-0.0013730911863982123,-0.024302499999999998,-0.154215,-23,39,0.4875
2017,BOS,79,0.0015117376200234837,0.0009940296754556552,0.33479244580411366,0.3522267682338908,-0.0005384520496808428,-0.18483797468354432,0.2546936708860759,-8,44,0.5569620253164557
2017,WSH,80,0.0017606890152867063,0.0009079927195537416,0.3398684890733827,0.26458815619229054,-0.0013668062973356924,-0.041378750000000006,0.23587875,8,42,0.525
2017,TBL,79,0.0021045586471864415,0.00015707314878808039,0.41828021867130866,0.10230893404292608,0.0006647910634741882,0.1832417721518987,0.23154177215189872,15,42,0.5316455696202531
2017,TOR,80,0.0018262366584043388,-0.0003139874730142254,0.6181907133837213,-0.04501212354549763,0.0010667334986753144,-0.11116999999999999,0.19664874999999998,17,42,0.525
2017,PIT,80,0.003155017308396009,-0.000206951615838378,0.33722962809366763,0.18203804266662815,-0.00012548996788737512,0.04820874999999999,0.1961375,-19,42,0.525
2017,CAR,80,0.0025004364472787956,0.001243243653176343,0.18088033908264017,0.2853258178517304,0.0041273741059800135,0.024307499999999992,0.18401499999999998,-20,36,0.45
2017,MIN,79,0.003006592700383482,0.0006002410855368371,0.15745677179110043,0.245604362804356,0.0004238960252054075,0.00439493670886076,0.16709493670886075,-10,37,0.46835443037974683
2017,PHI,80,0.0014234094306663806,0.0005932870825760285,0.16835040080393643,0.15666805442282072,0.00235708162036909,0.05477875,0.12799375,-20,34,0.425
2017,STL,79,0.0016114994552460663,0.001268559848314926,-0.01327858219675921,0.27910838739808763,0.0011742083535597788,-0.07114177215189872,0.10027848101265822,54,48,0.6075949367088608
2017,ANA,79,0.0015285414031122597,0.0013120198484711317,0.010297492161495437,0.26933912103200897,-0.004559755112026847,0.16381518987341773,0.09599493670886075,10,43,0.5443037974683544
2017,NYI,80,0.0019407435452609896,-0.00043872952800114043,0.07363199294877809,0.05373216564974055,0.0020023200657108163,0.16828,0.05815374999999999,10,38,0.475
2017,VAN,79,0.0008488969617843398,-0.0008016808706528551,0.060830596958106546,0.0948830834578225,0.00028598406362821666,0.016499999999999997,0.05068101265822785,-19,36,0.45569620253164556
2017,NYR,80,0.001848523900202002,0.00044087023701012236,-0.020237855412268378,0.05994442598500319,0.0014508816500218278,0.11992875,0.03398875,9,44,0.55
2017,LAK,80,0.0012192335591711847,0.0013186204709492652,0.03839923905485819,-0.007748600032588632,-0.0001720184578622357,0.07865249999999999,0.028632499999999998,-10,34,0.425
2017,NJD,80,0.0017976673929060052,-0.00040650321401360784,0.06188663876389995,0.012978276920605433,-0.00026640465323462463,0.08337125,0.022614999999999996,-8,39,0.4875
2017,DAL,78,0.0013627362641571914,0.0009720376982462797,0.2697732199711383,-0.244247247889585,-0.0013646235753682259,-0.08178974358974359,0.015417948717948717,-19,34,0.4358974358974359
2017,FLA,78,0.0023190416323566644,-0.0003992458029738437,0.11597152089854952,-0.15453984821003763,0.0006737343340280449,0.007483333333333332,0.0132025641025641,2,38,0.48717948717948717
2017,COL,78,0.001128666582393417,-0.0002939058822618314,-0.08057737319940864,0.09421302389924416,0.003530334352521537,0.011139743589743602,0.008007692307692308,25,40,0.5128205128205128
2017,SJS,79,0.0006679800746533267,0.002725314845886726,0.028795769474177255,-0.0873775515129228,0.0026503727955855083,0.037422784810126584,0.007941772151898731,11,40,0.5063291139240507
2017,CGY,79,0.0017943904596602468,0.0010232008192298725,0.17583292026541902,-0.22999897963262272,-0.0005666123334094224,0.06308987341772151,0.003265822784810126,3,40,0.5063291139240507
2017,VGK,79,0.0010403029417483715,0.0008020697869928605,0.028279331908357786,-0.018359832496879405,-0.0006329617714239453,0.0358759493670886,0.0024481012658227838,-9,39,0.4936708860759494
2017,BUF,79,0.0012489425856099176,-0.0010241200090405967,0.06463602755511973,-0.29445338075880256,0.005009043645360839,-0.03664050632911392,-0.03487215189873418,-10,38,0.4810126582278481
2017,NSH,79,0.0017176242904546521,0.0008806083004563492,-0.05897337427786475,-0.027515821490126696,-0.0013926526719729938,0.09374430379746836,-0.037,20,42,0.5316455696202531
2017,MTL,79,0.0012122438110131184,0.0011013837903992131,-0.04624345573351876,-0.06846601630792479,0.0010815020818556122,0.03373544303797468,-0.03755189873417721,20,43,0.5443037974683544
2017,DET,78,0.0012299275591261428,-0.0005671974030942374,-0.24586185910709185,0.03831387956490271,0.00022193679848917015,0.11607307692307692,-0.0769423076923077,42,45,0.5769230769230769
2017,WPG,79,0.0021856972109394867,0.0004219386761130561,0.1215246148454206,-0.3392997119205932,-0.001712799777502525,-0.06270506329113924,-0.08240632911392405,12,41,0.5189873417721519
2017,EDM,79,0.0029667007871947526,0.0008750180979215902,-0.010580676722669949,-0.3401105378935296,-0.00018579166542214643,-0.24177594936708863,-0.08998607594936708,1,41,0.5189873417721519
2017,CBJ,79,0.002970232835498431,0.00017872454532043497,-0.23745514623087458,-0.05724895558025232,0.0022284759230598757,-0.15627721518987342,-0.09183291139240507,-17,38,0.4810126582278481
2017,ARI,79,0.000645814810998867,-0.0005730813576042844,-0.020152896671540525,-0.3827823651288408,-0.0004823434817913104,-0.017292405063291126,-0.1299873417721519,-27,37,0.46835443037974683
2017,CHI,79,0.0012705979894004021,-0.00011008703366005469,-0.24682591566616813,-0.09558917542262349,0.001587411568783547,-0.13675063291139242,-0.1459886075949367,-5,38,0.4810126582278481
2017,OTT,79,0.0012208416640212742,0.0008676363123135195,-0.31362224785140136,-0.25236288140979124,0.003641521433553614,-0.02791012658227849,-0.17988101265822784,-58,32,0.4050632911392405
2018,TBL,82,0.0032028734572697904,-0.00020933272366824892,0.5759520777634486,0.09436446232560824,0.0012819962939030177,0.04564146341463413,0.27444878048780486,21,46,0.5609756097560976
2018,BOS,82,0.0017233953204342204,0.0009388574500518268,0.5100051335651157,0.20070318726820632,-0.00030267497816651817,-0.1820390243902439,0.2542024390243902,5,41,0.5
2018,TOR,82,0.0027358030380057173,-0.0005939417420235719,0.6018536105497851,-0.0016527152963208256,0.004785112209742808,-0.17348536585365856,0.24626219512195122,-1,38,0.4634146341463415
2018,FLA,82,0.002988980201898391,-1.522482524965471e-05,0.1836854127954188,0.35676603623849007,0.004199793075021436,-0.15218780487804878,0.20268536585365854,2,41,0.5
2018,PIT,82,0.003607793485211512,-0.00045026862217955487,0.4542539565997105,-0.0014034811320681219,0.00040463283901153054,0.05080609756097559,0.17205487804878047,20,47,0.573170731707317
2018,CAR,82,0.0031912404313871865,0.0017453380836407522,0.189819382724712,0.2799314627686174,-0.0008071752029088062,-0.046280487804878055,0.16919024390243903,25,43,0.524390243902439
2018,CGY,82,0.002402012405447411,0.0007459710565678848,0.23335883562126356,0.08023991390487405,0.004220897043739795,0.08312439024390245,0.15770243902439024,-11,41,0.5
2018,COL,82,0.002115251123961917,-0.0005337455563452029,0.24912743353110145,0.03627072337159836,0.003141964441933388,-0.07774512195121952,0.15551341463414634,28,41,0.5
2018,WSH,82,0.002597906058124787,0.0007598456879996883,0.2293640223306547,0.16899582919103506,-0.001587356320689391,-0.07221829268292684,0.14906463414634147,5,37,0.45121951219512196
2018,EDM,81,0.003499378249724855,0.00013380120912856908,0.27333763023668284,0.07892770620160261,0.0009085910033949175,-0.0760283950617284,0.13742962962962962,-9,43,0.5308641975308642
2018,PHI,81,0.0028832456578955085,0.00040163088122069666,0.237632280472005,0.0069134762433797885,0.0027640016447288817,-0.262658024691358,0.1307753086419753,-10,40,0.49382716049382713
2018,STL,82,0.002107515535969948,0.0011870857119175042,0.1471926704398401,0.08922987167841082,0.002743916836004218,-0.1144609756097561,0.11477560975609756,-9,44,0.5365853658536586
2018,DAL,82,0.0019914758467459315,0.0010611136414813232,0.1903458809258288,0.08864379010766488,-0.003530331230653951,-0.09461829268292685,0.08636829268292683,-6,38,0.4634146341463415
2018,SJS,82,0.001957947114351048,0.0028367044581135885,0.17646746277269673,0.004191855780295127,0.0006803633872993293,-0.052573170731707315,0.0822951219512195,61,51,0.6219512195121951
2018,VGK,82,0.0020511235019142838,0.000599408024242937,0.013270718237848093,0.2232943375556986,-0.0018406811112391319,-0.185290243902439,0.0682878048780488,10,47,0.573170731707317
2018,WPG,82,0.002643024181610767,0.0003616171971112401,0.3565851657081519,-0.2450943548750979,0.0001267337181268996,-0.010039024390243909,0.06348780487804878,-25,36,0.43902439024390244
2018,ANA,82,0.0017569430862787994,0.0013604578112099094,-0.06161491683686021,0.21150996678003028,-0.0030092014752172215,0.12859146341463415,0.0465609756097561,-4,37,0.45121951219512196
2018,MIN,82,0.003407016011400275,0.001444110148248918,-0.06956320821017456,0.09390834467386686,0.0007486249429174893,-0.015018292682926837,0.021303658536585366,17,42,0.5121951219512195
2018,VAN,82,0.0007977026425078263,-0.0004209421641699744,-0.10443544432509971,0.1651036169247866,0.0014281906861703137,0.04588780487804878,0.01971463414634146,-46,37,0.45121951219512196
2018,BUF,82,0.0026752660923774875,-0.0014296184476389993,0.06488574817998462,-0.24629992091347275,0.007474249201554223,-0.09938048780487806,-0.010056097560975611,14,47,0.573170731707317
2018,NJD,82,0.003151553862399383,-0.00035900923125298733,-0.13445643022708134,0.08144117973079375,0.0006897133611558103,0.07805121951219512,-0.017996341463414632,-4,36,0.43902439024390244
2018,OTT,82,0.002256425489705523,-0.0009128335417972459,-0.0038196937313819054,-0.116840929742565,0.003899494383574299,0.005354878048780473,-0.01882439024390244,15,40,0.4878048780487805
2018,CBJ,82,0.003562178715312135,-0.0003882371123598601,-0.22589641550088155,0.11512005784172355,0.0032249589473729748,0.14820853658536584,-0.031280487804878056,-8,38,0.4634146341463415
2018,NSH,81,0.0029706668785642117,0.0009237476049116203,-0.1861957559472176,0.08379063172165027,0.0017303957608251228,-0.014111111111111128,-0.03361481481481481,-27,41,0.5061728395061729
2018,NYI,82,0.001880680190380078,-0.0002627441851691404,0.017303737593553987,-0.37256115730110323,0.0010595230639178427,-0.02860243902439024,-0.07153536585365854,2,45,0.5487804878048781
2018,NYR,81,0.0018817198255403186,-0.00020449278035399732,0.13777331476618918,-0.3545093945843526,-0.001953930364558855,0.09215679012345679,-0.0732320987654321,-24,41,0.5061728395061729
2018,ARI,82,0.0006568545904963864,0.0003312627498214899,-0.09423857349976628,-0.16251646841887005,0.0019324053517529173,-0.09297560975609757,-0.07541219512195121,28,51,0.6219512195121951
2018,DET,82,0.0017155890564156287,-0.0006717925091095944,-0.11482991222118794,-0.23804885974768072,-0.0013796721612042873,-0.0072780487804878025,-0.11867804878048781,-6,36,0.43902439024390244
2018,LAK,82,0.001409229853700802,0.0011707825265464419,-0.0970051301705638,-0.316856949784911,-0.0011357072565358283,-0.05967560975609756,-0.12205853658536586,-11,35,0.4268292682926829
2018,CHI,82,0.0017646950214864957,-0.0012604210195506945,-0.13059498146393672,-0.3697654608976003,0.00014153796423402936,-0.008754878048780494,-0.15646219512195123,-67,30,0.36585365853658536
2018,MTL,82,0.0022020753820961303,0.0006492992340256811,-0.22612105012859343,-0.2717818156071479,0.000984435348398809,0.11082439024390242,-0.15967560975609757,15,39,0.47560975609756095
2019,BOS,70,0.0024897643452314903,0.001495585469664322,0.5227167792576708,0.24631500411267396,0.0011368899577683816,-0.3281757142857143,0.31373,25,40,0.5714285714285714
2019,EDM,71,0.002945834565843762,-0.0007396923901264328,0.8204851930233369,0.02427413585803157,0.0032824558566147332,-0.13372816901408452,0.3043943661971831,-1,32,0.4507042253521127
2019,WSH,69,0.0031669711195215114,0.00034149678773025667,0.13873749185414774,0.5316859147715597,-0.0005528420518536517,0.14426811594202898,0.2560101449275362,27,37,0.5362318840579711
2019,TOR,70,0.003069338733125152,-0.0008293192960610541,0.3466189595973856,0.2718299903334357,0.003269626138270899,-0.09147857142857144,0.22346000000000002,-59,26,0.37142857142857144
2019,STL,71,0.0021705286347338953,0.0017264667344716435,0.319684806011228,0.20650702449735178,0.0021829027652474973,0.10538028169014084,0.20980704225352112,-3,36,0.5070422535211268
2019,TBL,70,0.0033067140803248007,-0.00045658427930262335,0.40645451804060145,0.05549101042317184,-0.0007653879005895509,-0.13556714285714286,0.18386142857142856,-8,32,0.45714285714285713
2019,DAL,69,0.0024549612277932815,0.0021731850014463593,0.20148086939089782,0.2563048856153187,-0.0009527759148021569,-0.09014057971014493,0.18232463768115945,-5,34,0.4927536231884058
2019,CAR,67,0.0035137037807319964,0.0013542285678333917,0.26317485277337666,0.12004281267786196,-0.002211567266902599,-0.0776223880597015,0.16053432835820894,-10,30,0.44776119402985076
2019,FLA,68,0.0035358099249836643,0.00012510573068631175,0.2939953195326609,0.020040409862339223,0.003273089915628977,-0.06771323529411764,0.15208235294117647,-5,31,0.45588235294117646
2019,VAN,69,0.0017907468591480786,0.00015691510258165572,0.2361514002160808,0.08857408593032202,0.0010090655409709364,0.052124637681159415,0.14922028985507246,6,36,0.5217391304347826
2019,PIT,69,0.003141185541008458,0.000288044810177178,0.14793147200568169,0.18591190655117948,0.001587251456821115,-0.02951884057971015,0.14384057971014494,-15,34,0.4927536231884058
2019,SJS,70,0.0015485439714267581,0.0012276991310997687,0.15415569994998413,0.238960815303092,-0.0021029329946128956,0.05446285714285713,0.14166142857142858,-40,31,0.44285714285714284
2019,PHI,69,0.0034632635764346815,0.00011038245552731686,0.01953842597195926,0.19064500007563465,0.002644877561050432,-0.006962318840579701,0.10601159420289855,-1,34,0.4927536231884058
2019,ARI,70,0.0016912467366295345,0.00038805332169662026,-0.005331702589961018,0.1390011057563799,0.0027933273381182517,-0.08172857142857141,0.06269714285714285,-6,36,0.5142857142857142
2019,WPG,71,0.0019677051290570165,-0.0011767565255389274,0.2743323650662841,-0.3526896323465081,0.00403364727572003,-0.2853281690140845,0.03322394366197184,5,39,0.5492957746478874
2019,CGY,70,0.0027307350086735473,0.0009090161038969624,0.07097797493819077,-0.07924418670720842,0.002055742117659507,0.12090428571428571,0.020582857142857142,-10,32,0.45714285714285713
2019,NYR,70,0.0027743729292029396,-0.0004884108573374156,0.2623521102106527,-0.2838074740915864,-0.0016733408504421429,-0.07375000000000001,0.018111428571428573,25,39,0.5571428571428572
2019,VGK,71,0.0035846773949222044,0.0004553005341790818,0.08250430378712323,-0.09745386449545257,-0.001433482106818353,0.026929577464788735,0.013592957746478875,18,37,0.5211267605633803
2019,CBJ,70,0.003023337568357869,0.0010576327143807182,-0.3252512127846023,0.3974830029375251,0.001711708655174916,0.20846571428571428,0.012824285714285712,8,36,0.5142857142857142
2019,BUF,69,0.0026686844765721014,-0.0014239603894246225,0.03389709338186025,-0.19826702546905556,0.006058477164411212,-0.2759391304347826,-0.00414782608695652,9,33,0.4782608695652174
2019,NJD,68,0.002834276050940071,-0.0005801985313667704,-0.12959739004343454,0.10673720716246703,-6.01689469295045e-05,0.0299985294117647,-0.022433823529411766,27,38,0.5588235294117647
2019,COL,70,0.002347508498126443,0.0003500582227220046,0.038936584412209665,-0.2462274375944439,0.006209356101818845,-0.03845285714285713,-0.02497571428571429,-27,30,0.42857142857142855
2019,MIN,69,0.0029490333229752774,0.0002766867722694147,-0.07585693118967902,-0.0657368123873432,0.0015674659747274959,-0.40380579710144926,-0.03404492753623188,21,38,0.5507246376811594
2019,NSH,68,0.0034886795423664458,0.0007754044700340369,-0.17995115372481207,0.03042732983907915,0.0020508283098310547,-0.18846176470588236,-0.03485,-44,25,0.36764705882352944
2019,ANA,71,0.0014893631567369908,0.0006446861525570987,-0.17868740486024193,0.04964028691219017,-0.00330092396277176,-0.0959098591549296,-0.05967887323943662,2,39,0.5492957746478874
2019,LAK,70,0.0017270637474041382,0.00023526603865352228,-0.19912742787697615,0.029645466026317235,0.00021127124504206982,-0.01922285714285715,-0.06459,1,34,0.4857142857142857
2019,NYI,68,0.0023522181798475324,0.0005700586045101131,-0.07289643428694063,-0.2078459604793499,0.0012250241154082404,-0.11565147058823531,-0.06977058823529411,15,38,0.5588235294117647
2019,OTT,71,0.002467818203161465,-0.0006087517490656406,-0.2956634798357961,0.09492954602894554,0.001702065686584007,-0.15299859154929576,-0.07104507042253522,-9,35,0.49295774647887325
2019,CHI,70,0.0023628662928613167,-0.0011017324393345147,-0.19651954344705835,-0.16850091546515716,0.0006598225742095619,-0.03087428571428571,-0.1268357142857143,15,38,0.5428571428571428
2019,MTL,71,0.003333525972326249,0.0007896782370944733,-0.11988728590979114,-0.36586014485889706,-0.0006064428864974762,0.008367605633802814,-0.14630422535211268,9,39,0.5492957746478874
2019,DET,71,0.0014720629034691293,-0.0010945286332566977,-0.28885611088529584,-0.5003082758667153,0.0010252369709367016,0.04980845070422535,-0.29488591549295773,30,41,0.5774647887323944
2020,CAR,52,0.003797468675582396,0.0007595053753693717,0.4876708411095064,0.5007737842870668,-0.0026559881472666648,-0.1863692307692308,0.3504288461538462,-4,25,0.4807692307692308
2020,EDM,44,0.0034068359499507903,-0.001088043360770572,0.8472027009955105,-0.25111898994651244,0.00350241331072393,-0.15865909090909092,0.2979727272727273,11,23,0.5227272727272727
2020,COL,47,0.002931675119040651,0.000902620131875461,0.26089681730773484,0.15357534322305472,0.01083317572377246,-0.2801042553191489,0.2553659574468085,14,27,0.574468085106383
2020,BOS,40,0.003138828327572196,0.0012145163148717358,0.2777101446691307,0.3704557361748392,-0.002272534408079397,0.02224999999999999,0.2250625,15,22,0.55
2020,TOR,49,0.004606029504170983,0.0006935347959720145,0.38864256710694944,0.21351819501421748,0.003051863266904242,-0.03281020408163266,0.22347551020408163,12,30,0.6122448979591837
2020,FLA,44,0.0028159269198233835,-8.79410130818086e-05,0.4108524086797416,-0.01151551442483721,0.002642942885180594,-0.10827954545454545,0.1879068181818182,32,28,0.6363636363636364
2020,PIT,48,0.0032688177402007365,0.00016966073725645746,0.11597204223217839,0.38586091376273024,0.003190700945589401,-0.09326458333333336,0.17859166666666668,-34,20,0.4166666666666667
2020,WSH,48,0.003442071099656791,0.00021657212480288192,-0.030099370697897063,0.478224571726278,-0.002717634669151424,-0.02527708333333333,0.1544125,1,24,0.5
2020,SJS,47,0.0023406009468820324,0.00034877598517082833,0.09210413611521992,0.3302423963707889,-0.0021585085036155043,-0.11999148936170212,0.1475404255319149,-17,20,0.425531914893617
2020,DAL,50,0.001644459836180572,0.0028698167142538517,0.3123230769756299,-0.01908021676039764,0.00124491385137779,-0.272616,0.136442,24,29,0.58
2020,VGK,46,0.0033332660108003217,0.0012962005984903614,0.07289857469643514,0.1892505660175769,0.0014580256543547177,-0.009200000000000003,0.11410869565217391,-4,24,0.5217391304347826
2020,LAK,41,0.0015192262411068173,-0.0002085514881807344,0.1108126697085487,0.10807392171022687,0.0014603970653109628,0.042075609756097546,0.09357560975609755,12,24,0.5853658536585366
2020,CGY,44,0.0030435576971414996,0.0007579363254847939,0.1851853668396347,-0.06393788659695222,0.0032593541740564684,-0.08486136363636365,0.08997045454545455,15,21,0.4772727272727273
2020,WPG,49,0.0033874389571388564,-0.00036357396531155797,0.27134235029038006,-0.16127752417924998,0.0035986785603882546,-0.07607346938775511,0.08862040816326532,-17,20,0.40816326530612246
2020,TBL,47,0.0032928314817750586,-7.986610554093038e-05,0.3923230785368786,-0.20864242953507373,-0.0013649222959155704,-0.09818936170212765,0.0875531914893617,23,26,0.5531914893617021
2020,PHI,54,0.0033370220846420254,-0.00022341951807963077,0.0968703533759632,0.017012587614216576,0.0037656439478361264,-0.07360370370370371,0.07236111111111111,-39,17,0.3148148148148148
2020,NYR,51,0.0025164475322886682,0.00029222279443407974,0.2722457533557832,-0.19094455482605277,0.0008927626746459455,-0.3022666666666667,0.06123725490196078,11,28,0.5490196078431373
2020,BUF,45,0.0015645109217661765,-0.0018941904331155539,0.17876182357972792,-0.11267289860662187,0.005134491702732928,0.13916888888888887,0.054384444444444444,48,30,0.6666666666666666
2020,VAN,44,0.002000476918849984,-0.00015138927549586376,0.12851610345524603,0.0030768298877343085,-0.001504443255833722,-0.1963318181818182,0.04275681818181818,-8,24,0.5454545454545454
2020,NYI,51,0.003034534055548768,0.001771431274945469,-0.024856075110360514,0.037554547581511,0.003467698675940936,0.0561627450980392,0.03964509803921569,-4,26,0.5098039215686274
2020,STL,46,0.0021141625019040185,0.0005655479684276902,0.2518629111718489,-0.21285330916779857,0.0002037184496420715,-0.021889130434782626,0.02926521739130435,-15,23,0.5
2020,NSH,42,0.0024647620897178062,3.86331641620873e-06,-0.029186624763954255,-0.06399621629188534,0.002956004517820584,-0.09770238095238096,-0.010390476190476191,-5,21,0.5
2020,MIN,46,0.0033896054298323207,0.0007223776599512774,-0.2729722780843507,0.22221878770346895,-0.0003279482696163177,0.0649108695652174,-0.035976086956521734,-37,14,0.30434782608695654
2020,CBJ,48,0.0024864328223628365,0.00014365430616417564,-0.332453788843974,0.20397866111249033,0.0010296828939618374,0.03672291666666667,-0.039608333333333336,6,27,0.5625
2020,ANA,47,0.001148787620219412,0.00048631048548415293,-0.2618491337547951,0.13624637405101928,-0.003537284406371105,0.009795744680851053,-0.04610212765957447,20,26,0.5531914893617021
2020,CHI,47,0.0011835588416933406,-0.0008438496992731296,0.08104019437853435,-0.2604377801390615,0.0010371752337358605,0.09019148936170211,-0.049617021276595744,-38,17,0.3617021276595745
2020,NJD,47,0.0018694269906241246,-0.0008796075845153719,-0.20227628236330927,-0.1128060720564206,-0.0004547444927590972,-0.021212765957446835,-0.11440638297872341,2,25,0.5319148936170213
2020,OTT,48,0.0017807885398937486,-0.0009711829471516664,-0.16896426171266274,-0.1908426882928473,0.0007214090125463963,-0.1890645833333333,-0.12507708333333334,8,27,0.5625
2020,ARI,46,0.0012510042066201713,-0.000258018696467189,-0.13071048279172928,-0.27909387771158634,0.0005672066532731015,-0.08720217391304348,-0.1506782608695652,27,25,0.5434782608695652
2020,MTL,42,0.0031662156111492237,0.0007216539394485908,-0.0438746053364094,-0.6095199381674914,-0.004167914152317584,-0.09964285714285716,-0.1895238095238095,-21,15,0.35714285714285715
2020,DET,50,0.0012002933419290034,-0.0008766185015363609,-0.3691515344191365,-0.8282245517679903,-0.0014895780255159868,-0.17408600000000005,-0.381804,-38,17,0.34
2021,CAR,53,0.004214592440254151,0.0008234567103403685,0.27355715993616153,0.8091187068130603,-0.003745350357220806,-0.2109245283018868,0.41609056603773587,-3,27,0.5094339622641509
2021,EDM,54,0.004810458489390217,-0.001612534564722702,0.9120164962119646,-0.0016953288614383994,0.0042192928408688515,-0.23824444444444445,0.35710000000000003,3,26,0.48148148148148145
2021,DAL,53,0.0028504669554819035,0.0019046382761321228,0.6179235923252276,0.06886471527272893,0.0005990767173306204,-0.14922264150943396,0.2874867924528302,26,28,0.5283018867924528
2021,TOR,54,0.004752333789195684,0.001264389581139057,0.2779543515675696,0.35668750109365593,0.0037331622637437724,-0.27209629629629634,0.23704814814814815,-3,29,0.5370370370370371
2021,STL,53,0.0026402141533359647,0.00030123916766202,0.41296963277151527,0.13984956512623023,0.002246247639594978,-0.37856603773584907,0.2315132075471698,-48,18,0.33962264150943394
2021,PIT,55,0.0034730671931596387,-0.0003488704996796263,0.26411346892709864,0.3750791622556555,0.003083188907763565,-0.3629909090909091,0.22298363636363636,5,31,0.5636363636363636
2021,CGY,54,0.004035899937494229,0.0007308031610969554,0.19581743099400922,0.043469662468620565,0.0015747054270598502,-0.18349444444444443,0.12800185185185184,-27,22,0.4074074074074074
2021,BOS,52,0.00479318940392512,0.0013242787267273193,0.10502507305143192,0.22464986344568375,-0.000997088683117786,-0.3659173076923077,0.1221076923076923,-29,21,0.40384615384615385
2021,NYR,55,0.0027102960865150066,0.0006763845402338191,0.47416784075971496,-0.16671342207524154,-0.002115754395916465,-0.36312727272727274,0.10912363636363637,-13,23,0.41818181818181815
2021,NYI,54,0.0027773191852553006,0.0016345868056908898,-0.04165378868647423,0.2741189631530263,0.003440378728781694,-0.318075925925926,0.08937037037037036,-23,23,0.42592592592592593
2021,COL,54,0.002986018161766425,0.0004731834944291014,0.3037894758907545,-0.26789406290869694,0.008413390599585919,-0.2773407407407407,0.08788888888888889,8,30,0.5555555555555556
2021,WSH,55,0.002721089587001612,0.0003034820586683712,-0.09960336864240332,0.41694609758145257,0.0006173058494241906,-0.16426181818181818,0.08687454545454545,-8,27,0.4909090909090909
2021,SJS,53,0.0025271893340053104,0.0008578914606987935,-0.10903742083423305,0.3842439167906639,-0.0004220494316388075,-0.21314528301886795,0.08619622641509433,2,31,0.5849056603773585
2021,TBL,53,0.002758084248940001,-0.00036419651576795553,0.024618342606815103,0.12967987658240326,-1.3064295555245834e-06,-0.39854716981132077,0.05797924528301887,10,31,0.5849056603773585
2021,NSH,55,0.002546322123761863,-2.7825787754470903e-05,0.20464638358252146,-0.10260141806799859,-0.0014025883027456024,-0.20269818181818183,0.043085454545454545,-13,22,0.4
2021,CHI,55,0.0006425479052225513,-0.00017366723311028578,-0.0312552164511003,0.04770008272858153,0.003099665567992998,-0.3548709090909091,0.015383636363636367,16,30,0.5454545454545454
2021,SEA,56,0.0024166942948613346,0.0007490899735243857,-0.0794193680140767,0.06122211966356818,0.004815407846453602,-0.18293392857142857,0.013448214285714289,-14,27,0.48214285714285715
2021,VGK,53,0.002840291939185611,0.0009264572216601925,-0.1330364441602354,0.08482857234701585,0.002487603661409022,-0.1963245283018868,0.0019301886792452833,34,30,0.5660377358490566
2021,WPG,54,0.003251541136112773,-0.000276286862820634,0.12746134825549074,-0.29941997090389955,0.0008392933945883754,0.15307592592592592,-0.022653703703703704,-7,24,0.4444444444444444
2021,ANA,55,0.0016430854967708038,0.00021127530361159124,-0.2061710536487337,0.23063331418006633,-0.005553663726337323,-0.42312363636363637,-0.027914545454545456,24,32,0.5818181818181818
2021,PHI,53,0.003360719844969534,-0.0012180277177614987,-0.11049435818232978,0.029775831120218803,-0.0004668452275946954,-0.2976471698113207,-0.028537735849056608,-8,28,0.5283018867924528
2021,OTT,55,0.0016913346214095033,-0.00030489450395684555,-0.023325140431722912,-0.07994977673614093,0.0015625159994259194,-0.14892181818181818,-0.029787272727272728,-7,26,0.4727272727272727
2021,NJD,54,0.0030110276060836467,-0.0007289236244756865,-0.2206899664463608,0.2065000482609587,-0.0020178670606409714,-0.15917407407407408,-0.034724074074074074,-3,24,0.4444444444444444
2021,DET,55,0.0016482022479166018,-0.0012802969214193232,-0.18039362863464098,0.06689733351990482,0.0006207897230043553,0.05332,-0.04192181818181818,33,34,0.6181818181818182
2021,VAN,57,0.0018345596368580176,-0.0008934358717199387,0.08871100539936391,-0.28121559626600334,0.0008808476356503884,-0.2719122807017544,-0.060485964912280706,-6,26,0.45614035087719296
2021,FLA,54,0.0041511827260722264,-4.055852352202183e-05,-0.013723695641888379,-0.20585945871611994,0.000661583513284533,-0.2624574074074074,-0.06677962962962963,9,29,0.5370370370370371
2021,CBJ,54,0.003145587196162702,-0.0012346863997961116,-0.1387728456088833,-0.20322075712490195,0.0028403248995388067,-0.32182592592592596,-0.08699814814814814,43,34,0.6296296296296297
2021,LAK,55,0.002872181302196985,0.00033263675539011844,-0.0658332255804482,-0.3098930580050816,0.001796744517678088,-0.07929454545454546,-0.10006545454545454,0,25,0.45454545454545453
2021,BUF,53,0.0016333492709425805,-0.0017978619025326627,-0.28060473961018734,-0.15151141604120952,0.0017779012349814407,-0.1590566037735849,-0.1393867924528302,3,26,0.49056603773584906
2021,MIN,52,0.0029788148524451403,0.0005943326501156274,-0.11591893840684281,-0.32399946583899286,-0.0015907187997387657,-0.3183365384615385,-0.15897884615384614,-2,28,0.5384615384615384
2021,ARI,52,0.0012515066359073655,-0.0007380110438065658,-0.28862525501453673,-0.22435403428149786,0.0019118572807523301,-0.2619403846153846,-0.1765903846153846,6,26,0.5
2021,MTL,56,0.0016357965795946552,-0.00032313959501896196,-0.18916056764410386,-0.4305588117646046,-0.003066565870303178,0.10352499999999998,-0.2310125,-8,27,0.48214285714285715
2022,EDM,82,0.005505813217876024,-0.0017371746683834247,1.1752622117741822,-0.08765427158878948,0.003551561498487445,-0.2905390243902439,0.4465280487804878,-8,40,0.4878048780487805
2022,TOR,82,0.005424740818135807,0.0010534606994928976,0.4743196206758559,0.46217014175625803,0.004241800739855342,-0.06538048780487805,0.3822890243902439,0,42,0.5121951219512195
2022,CAR,82,0.004091526924751258,0.001122401396289643,0.11379597676440685,0.9245964319259657,-0.0029667103382780423,-0.24527926829268293,0.3579731707317073,-11,40,0.4878048780487805
2022,DAL,82,0.0032973407614544695,0.0009033908591663549,0.551980161632483,0.32205311412511745,0.0007252224499768427,-0.35221463414634147,0.33799268292682927,-1,41,0.5
2022,BOS,82,0.006162530638724244,0.001772692910338996,0.25393508645305035,0.3854490701538281,-0.0003899956706945639,-0.19269268292682928,0.26949024390243903,-16,34,0.4146341463414634
2022,OTT,82,0.002927031771323342,-0.0014147723323666406,0.37822564376358664,0.03399816847890688,0.0028992765224430607,-0.15279634146341464,0.2133682926829268,-21,40,0.4878048780487805
2022,NYR,82,0.0035138179672264173,0.00043487112981232596,0.43167919362780127,0.020890988226574946,0.002776574095005625,-0.22681341463414637,0.2044329268292683,-21,37,0.45121951219512196
2022,CGY,82,0.004491543008780558,0.00039157984529247493,0.0753460773335498,0.37742239857721427,-0.002699033241362759,-0.2263829268292683,0.17688902439024393,35,45,0.5487804878048781
2022,FLA,82,0.005204004700319038,-0.0013393517482763009,0.41330283675215745,-0.1638911121864742,-0.0006578239246667005,-0.22354268292682927,0.1369378048780488,33,46,0.5609756097560976
2022,TBL,82,0.0042695425023860705,-0.0010910248898593539,0.46789042649262746,-0.13378493879373043,-0.00244059750603687,-0.1572219512195122,0.13523170731707318,0,37,0.45121951219512196
2022,PIT,82,0.004776691950736394,-0.0016246011381357204,0.18784362894186085,0.07783777024947516,0.00277030611717356,-0.025059756097560986,0.13107073170731706,-5,43,0.524390243902439
2022,NYI,82,0.0030107673606176314,0.000644600291265493,0.08719975488345945,0.19061782984480397,0.0029333027464073427,-0.12801585365853657,0.12212560975609757,-3,38,0.4634146341463415
2022,STL,82,0.0030571784137872686,-0.0010304533063966099,0.09293214874713823,0.07498237765415128,0.003989194641712253,-0.12449756097560975,0.08325365853658537,44,50,0.6097560975609756
2022,VGK,82,0.004001167207775798,0.0010004003079215837,-0.00016317980328637576,0.11943279091584999,0.0031073521984939212,-0.1291280487804878,0.0640390243902439,-39,37,0.45121951219512196
2022,WSH,82,0.002981440455187614,-0.00021495045375452852,-0.12097160473237419,0.28510755875243565,0.0033425258372611344,-0.12326951219512196,0.05187682926829268,-11,38,0.4634146341463415
2022,COL,82,0.00402402814638412,-0.00028865622430352046,0.13682420623190936,-0.20046525121456607,0.008317640649390287,-0.2746207317073171,0.042724390243902434,-8,42,0.5121951219512195
2022,WPG,82,0.0039016826148679847,-0.0007622454076990577,0.13191953995910966,-0.09498637221320617,0.0020262290370669242,-0.15121707317073171,0.039690243902439026,-18,35,0.4268292682926829
2022,SJS,82,0.00386442213829395,-7.220791407065712e-05,-0.17694744912873772,0.23770159038728667,0.0020187247945941717,-0.29651829268292684,0.038785365853658535,39,47,0.573170731707317
2022,VAN,82,0.0030308827353474083,-0.0013162370411541771,0.2521660609301308,-0.28333448532088373,0.0018381670983737474,-0.12922317073170733,0.038582926829268296,-5,39,0.47560975609756095
2022,NJD,82,0.00503111523221898,-0.00029695693310652994,-0.06138435911844484,0.12477776511197794,0.0010730232389014982,-0.24865853658536585,0.03692682926829268,-7,41,0.5
2022,SEA,82,0.003355549426286407,0.00041501137284592066,-0.01953461434502267,0.015963404844005578,0.0007021513123481132,-0.15415853658536585,0.02080975609756098,15,46,0.5609756097560976
2022,MIN,82,0.002873826018214373,0.0006764215933173633,0.17567319221152922,-0.19548264746763802,0.000264900911800074,-0.16350243902439024,0.011410975609756097,-59,34,0.4146341463414634
2022,LAK,81,0.0038485300088534928,0.0003648578202677365,-0.023171131538327033,-0.018938219248972717,-0.0001504877983247728,-0.2576246913580247,0.00019753086419753,13,42,0.5185185185185185
2022,BUF,82,0.0029969159188896386,-0.0027253752128085893,0.11619741969006234,-0.3731689243582002,0.0045665550223151575,-0.08705853658536586,-0.03266341463414634,12,42,0.5121951219512195
2022,NSH,82,0.0025800521287146763,-0.0002808905518663898,0.04899990032616237,-0.3354683143672959,-0.0007757553915445531,-0.42505609756097557,-0.10496341463414635,-7,40,0.4878048780487805
2022,DET,82,0.002142963499621361,-0.001517998059733099,0.07616572353094042,-0.4651144753773587,0.00023928917674220904,-0.1110280487804878,-0.11164756097560974,28,49,0.5975609756097561
2022,CBJ,82,0.002482253046277329,-0.0021606234729209858,-0.10349431525390947,-0.3055795686252649,0.0012801164354934046,-0.3024280487804878,-0.1273670731707317,36,46,0.5609756097560976
2022,CHI,82,0.0009474556930900055,-0.0013056190117689576,-0.319239964433311,-0.06334285439955983,0.0009797951153360423,-0.15160609756097562,-0.14811585365853658,-19,41,0.5
2022,PHI,82,0.003136784772412793,-0.001096129074790947,-0.3500128012623146,-0.16623001188890274,-0.0009024151543263334,-0.18190365853658536,-0.19083780487804877,-1,35,0.4268292682926829
2022,ARI,82,0.001763460944464015,-0.0016365040294512108,-0.2669652330550077,-0.507068095832777,-0.0002734803921196012,-0.22625731707317073,-0.30250731707317075,2,42,0.5121951219512195
2022,ANA,81,0.0025984477447295257,-0.0017757907022839642,-0.2625837317445896,-0.5452432423830521,-0.004662706806849064,-0.33752345679012347,-0.3069,9,41,0.5061728395061729
2022,MTL,82,0.0024652863103578762,-0.0008559853142207836,-0.4058432070186691,-0.5370267963199669,-0.00040834463156952416,-0.19059268292682927,-0.35042560975609754,-6,41,0.5
2023,CAR,82,0.0036119211181520625,0.0008724330622862755,0.30925740958092096,0.8874463208091269,-0.0023861796113876857,-0.18670731707317073,0.40738536585365853,-16,41,0.5
2023,EDM,82,0.006248600268646441,-0.0013235954299808058,0.9527819595582001,0.14426337794975932,-0.0003237349516009089,-0.24873170731707317,0.3972634146341464,4,40,0.4878048780487805
2023,FLA,82,0.0042411795848492605,-0.0010988584685399437,0.7717754272909804,-0.030150942798887043,-0.0006667745908697842,-0.2522341463414634,0.32098536585365856,10,47,0.573170731707317
2023,DAL,82,0.004041925997317941,0.0014649066065327088,0.498221025078271,0.308411049133779,0.003000511987895137,-0.06184512195121952,0.3128682926829268,15,44,0.5365853658536586
2023,TOR,82,0.004511109643539645,0.00032335493566022403,0.5628708587237748,0.2500030363343829,0.0039929133121811245,-0.29286463414634145,0.3092756097560976,-29,37,0.45121951219512196
2023,TBL,82,0.0026673793596354357,-0.0011066083562133759,0.7311333878620815,-0.07965562374267444,0.006281593545347797,-0.15952195121951218,0.27838536585365853,25,46,0.5609756097560976
2023,BOS,82,0.005195162770378582,0.0005982163854187898,0.18999825378852703,0.501284004860577,-0.0014825131571870392,-0.23337804878048782,0.2532329268292683,-20,38,0.4634146341463415
2023,NYR,81,0.0040323337740417395,0.0006393701099180404,0.48043165868514875,0.038364444348744454,0.0015276949050070504,-0.2945506172839506,0.21458271604938273,-11,39,0.48148148148148145
2023,NJD,82,0.004213024091815688,-0.000568046844758812,0.19621106197534355,0.3095368662033595,0.0043920031773605804,-0.24475853658536584,0.2067890243902439,51,47,0.573170731707317
2023,VAN,82,0.0028895543991348457,-0.0006949909223320852,0.3029781558819449,0.060866608675586804,0.0003275410069083312,-0.19145365853658536,0.155990243902439,29,45,0.5487804878048781
2023,LAK,81,0.004053920199554555,0.00044198839428432387,0.18383854818978543,0.14971695790884293,-0.0001642500415156825,-0.25936543209876545,0.141520987654321,1,41,0.5061728395061729
2023,PIT,81,0.004712991868949936,-0.0009929037818431868,0.025714512850190267,0.367125077026554,4.229438231580389e-05,-0.38485555555555556,0.1378604938271605,-9,41,0.5061728395061729
2023,COL,82,0.00478908284020191,-0.0008449687633217971,0.23914739185798162,-0.05445301687781529,0.004323779892438078,-0.28337439024390243,0.1273670731707317,12,43,0.524390243902439
2023,CGY,82,0.003724316166948611,0.0007765652553815077,-0.25553386831225006,0.5078638225331422,0.0029600991448834857,-0.24495853658536587,0.07583536585365855,-20,34,0.4146341463414634
2023,SEA,82,0.0029814029530806103,6.987253914311207e-05,-0.0971826079741509,0.2630807911424009,0.0018611654174564482,-0.3046439024390244,0.05991829268292684,44,46,0.5609756097560976
2023,MIN,81,0.002863652656035759,0.00042425087246078476,0.2803918781320358,-0.24976142490608785,0.00030754058186070727,-0.2819716049382716,0.05063209876543209,-10,39,0.48148148148148145
2023,NSH,82,0.002584218039151272,-0.00010836642152282112,0.06564279005741723,-0.10624829083744441,0.0006015391875919451,-0.2070292682926829,-0.002117073170731709,22,46,0.5609756097560976
2023,VGK,82,0.0034268722780478283,0.0011303943065563238,-0.08202885610618425,-0.038658127210626315,0.004040127191936541,-0.25939268292682927,-0.00770121951219512,-12,37,0.45121951219512196
2023,NYI,82,0.003368486530523827,0.0007020081980119216,-0.050880841644981044,-0.053687211922532854,0.0020996587932599017,-0.21589146341463414,-0.013041463414634143,2,38,0.4634146341463415
2023,BUF,82,0.003823644212644546,-0.002102928518633906,-0.17856028542706825,0.09579539619659097,0.0027606113403516883,-0.08410975609756097,-0.013339024390243905,-25,38,0.4634146341463415
2023,OTT,82,0.0029035078291496062,-0.0011930383546665416,-0.07022981189256099,-0.10472596951103423,0.0034035383665183727,-0.19133414634146342,-0.03850365853658537,10,45,0.5487804878048781
2023,ARI,82,0.003053078165500278,-0.001013920804903655,0.03879578009800858,-0.27250799822339694,0.0003853075823787589,-0.041080487804878066,-0.07604512195121951,31,45,0.5487804878048781
2023,PHI,82,0.003684013842940767,-2.4217625013287387e-05,-0.52627447449087,0.3168048126272283,0.002906259885728235,-0.2348182926829268,-0.09474756097560975,13,38,0.4634146341463415
2023,CHI,82,0.0009619883643510023,-0.0006911823689943345,-0.3387264038299501,0.041886576566102,0.0024489851534132963,-0.2722817073170732,-0.11678170731707317,-8,42,0.5121951219512195
2023,WSH,82,0.002065004478293976,-0.0006148416454005113,-0.10851578501146156,-0.26312503644963603,-0.0004426194076126388,-0.1647048780487805,-0.12327560975609757,0,43,0.524390243902439
2023,STL,81,0.0029765540357281433,-0.0016116332911117605,-0.2049839040540394,-0.22972520023104612,0.003553737714792366,-0.14661604938271605,-0.1274358024691358,5,43,0.5308641975308642
2023,DET,82,0.0028389319718222263,-0.0012345154492851315,0.07924013196057113,-0.6630784827206013,0.0047685466810371184,-0.22510000000000002,-0.13069512195121952,-35,38,0.4634146341463415
2023,WPG,82,0.00437430514760259,-0.00010199903965483109,-0.286178574906694,-0.14006516616488637,0.003387746577357111,-0.17710243902439024,-0.13548170731707315,-38,33,0.4024390243902439
2023,CBJ,82,0.002495681120039036,-0.0017495666532532457,-0.34380440674532736,-0.14227008505376418,-0.00015554559413725298,-0.22620853658536585,-0.16110975609756098,-30,43,0.524390243902439
2023,SJS,82,0.0016612859014849854,-0.0020289589515771825,-0.16731949873613766,-0.31349172117281265,-0.0013060463232091595,-0.351990243902439,-0.16515365853658537,-38,34,0.4146341463414634
2023,ANA,82,0.002528175503460308,-0.0017867485505229518,-0.23254883208849975,-0.3377032614367045,-0.0057362757181671125,-0.2321817073170732,-0.2431317073170732,21,41,0.5
2023,MTL,81,0.0024956374672730464,-0.0009763649056289783,-0.24504428181704707,-0.54045587985377,0.0009837139519436981,-0.21610864197530863,-0.2776024691358025,6,37,0.4567901234567901
2024,CAR,82,0.002734503033259328,0.0018589576948146779,0.10869461750673914,0.8551157016495328,-0.00023700557258230222,0.30210365853658544,0.3165658536585366,36,47,0.573170731707317
2024,DAL,82,0.0034965224590636046,0.0014913835786624413,0.3437972592294082,0.3707745755956638,0.002885339511397187,-0.07625609756097557,0.2825951219512195,53,50,0.6097560975609756
2024,FLA,82,0.0034696439408347635,0.0010950626498607804,0.5871060233674079,0.14482557707062638,-7.654067013193414e-05,-0.29393902439024394,0.2787926829268293,23,47,0.573170731707317
2024,NYR,81,0.0032392537998684055,0.0003684130008617143,0.403766342654178,0.2940586490461534,0.00102201850480328,0.20659506172839504,0.25781234567901234,0,38,0.4691358024691358
2024,TBL,82,0.003899336023359652,-0.00010743929141464839,0.480118352575178,0.08099128345457503,0.007658804721559237,-1.7424048780487804,0.2541524390243903,76,47,0.573170731707317
2024,EDM,82,0.00528792859004339,0.00010714058041144542,0.4533760194940173,0.08866654227281348,0.0033853821161142442,-0.024370731707317083,0.20436341463414634,24,48,0.5853658536585366
2024,VGK,82,0.003077882947830561,0.002052417018314416,0.46487595275091625,-0.0013487360689641132,0.003748750646897911,-0.25812804878048784,0.1732048780487805,60,50,0.6097560975609756
2024,NJD,82,0.004076147583460778,0.0008272794927839145,0.31558265490376425,0.10292900573871906,0.0034822337838549644,0.1957951219512195,0.16908170731707317,20,42,0.5121951219512195
2024,TOR,82,0.0035091608429792063,0.0008238658911266332,0.4002935623095212,-0.014646228762718575,-0.0010193386886167945,0.6851768292682927,0.14106219512195123,38,52,0.6341463414634146
2024,WSH,82,0.002525797871795407,0.0011707013759910516,0.08361374234006713,0.3092143788262383,-0.0029743475656290484,-0.27175487804878046,0.1205109756097561,57,51,0.6219512195121951
2024,UTA,82,0.0023740111635550546,0.0009436276250088144,0.1721533825077849,0.1602397551741062,-0.0024269095418280083,0.025771951219512198,0.10771341463414634,-7,38,0.4634146341463415
2024,WPG,82,0.0036721514685665985,0.0008907405229095195,0.24618092332073088,-0.11192706082019879,0.005305397170604467,0.3094975609756097,0.09363536585365853,85,56,0.6829268292682927
2024,NSH,82,0.002510275950587347,-0.0005604745768707313,0.19754958905823702,0.03551658445091188,-0.0004677855793637615,0.2858939024390244,0.08637073170731707,-62,30,0.36585365853658536
2024,VAN,82,0.002358375786326612,0.000774149048333587,0.06713660982327495,0.16287010317044934,0.001720049531256628,-0.6816158536585366,0.0826,-18,38,0.4634146341463415
2024,CHI,82,0.002225530189182774,0.0002714162131637922,0.027968409605842164,0.15790743493195183,0.0022729132668769,0.10498780487804878,0.0779951219512195,-68,25,0.3048780487804878
2024,COL,82,0.003325966525507843,0.0009016234750752086,0.13817521978869463,-0.15289599394103076,0.008933017059038893,-0.02962682926829268,0.07403170731707316,42,49,0.5975609756097561
2024,PIT,82,0.003410039814072772,-0.001039615878945277,-0.01754901477639373,0.15180788996719072,0.001433759517108186,-0.6116012195121951,0.05444878048780488,-45,34,0.4146341463414634
2024,CGY,82,0.0022364032453275843,0.0009803972518090194,-0.05665651959341124,0.1984691911863888,0.0004726740433953864,-0.5258256097560976,0.04937195121951219,-16,41,0.5
2024,LAK,82,0.00351665846528392,0.0020255765298309125,-0.06881030920803731,0.14554607913804105,-0.0017559994380354053,-0.25995975609756095,0.040745121951219515,46,48,0.5853658536585366
2024,MIN,82,0.0026107764720490114,0.0017542598081277262,0.11319552338248035,-0.21922492464929094,0.001282619008756854,-0.33487073170731707,0.0022609756097560964,-11,45,0.5487804878048781
2024,BOS,82,0.00194470370463092,0.0009746325194310115,-0.22409822532720353,0.2338156321511735,-0.0006861020277847927,-0.07856829268292688,-0.0005865853658536643,-49,33,0.4024390243902439
2024,STL,82,0.0023696747967271777,0.000340989456875942,0.006295520203873055,-0.0833911748897041,-0.00036477925070551237,-0.5313560975609757,-0.011829268292682927,19,44,0.5365853658536586
2024,BUF,82,0.002791282962282352,-0.001073460600202378,-0.1695257248332799,0.1397381319837138,-0.0011234291597608155,-0.736209756097561,-0.0205780487804878,-22,36,0.43902439024390244
2024,SEA,82,0.001285972209880249,0.00040466754830127954,-0.20973103884016708,0.11546157664148374,0.0031899370479171814,-0.3409085365853659,-0.023395121951219514,-17,35,0.4268292682926829
2024,CBJ,81,0.002341410685227016,-0.0005777982684421672,-0.16218341201461595,0.05659526923208836,-0.005330635916353085,-1.1355185185185186,-0.05820493827160494,0,40,0.49382716049382713
2024,SJS,82,0.0014998090570667577,-0.0011966081672124848,-0.1372008133845599,-0.12826601086158854,-0.0011080251407833677,-0.4169134146341464,-0.10325121951219512,-102,20,0.24390243902439024
2024,PHI,82,0.0024452481870140884,0.001233502691496038,-0.43700695927914385,0.04958730351608728,0.0037859573791941,-0.21356951219512194,-0.10820243902439025,-51,33,0.4024390243902439
2024,DET,82,0.0022059036020540376,-0.00033577971174232184,0.2981081220316963,-1.0227916954552136,0.00517402559558665,-0.15597804878048782,-0.11896585365853658,-24,39,0.47560975609756095
2024,OTT,82,0.0022317519863386207,4.486394810788349e-05,-0.03352928556743859,-0.49456726920059396,0.005329151082867738,-0.15119999999999997,-0.1295439024390244,10,45,0.5487804878048781
2024,MTL,82,0.0025450237379933036,-0.00022690517921867772,-0.18206938825376004,-0.29590276566016954,5.517519008289113e-05,1.3380170731707317,-0.14898292682926828,-18,40,0.4878048780487805
2024,NYI,82,0.0027170255894123176,0.0015455825806246157,-0.40136830019199454,-0.16603068815445912,0.0029218747996682557,0.5306487804878048,-0.1673609756097561,-35,35,0.4268292682926829
2024,ANA,82,0.0019127108932177328,-0.000807840520402738,-0.3645442847485946,-0.3033477444841295,-0.004057669960514717,0.5044646341463415,-0.24586951219512196,-44,35,0.4268292682926829
2025,DAL,66,0.002844086694264911,0.0025104059134697437,0.6040855896538498,0.23579806517388843,0.0024029408851111798,-0.1971454545454545,0.3325257575757576,54,42,0.6363636363636364
2025,PIT,66,0.0023313930540171694,0.0003822805231928513,0.40577589801829544,0.4620706121394348,0.001490827349432068,-0.381339393939394,0.3238742424242424,30,33,0.5
2025,VGK,67,0.0027227898935789216,0.0031876620043497553,0.5351680110849909,0.23029091433870685,0.003554675128892928,-0.5641626865671642,0.28611044776119404,16,31,0.4626865671641791
2025,FLA,65,0.0026144234723123176,0.0010448071443824466,0.34152490006937514,0.3289659240891773,-0.003069299113048569,-0.6180507692307692,0.2736292307692308,-20,33,0.5076923076923077
2025,EDM,67,0.00443120514885043,0.001162876830251343,0.7832450246761842,-0.25323110772410407,0.002636287944830539,-0.09665074626865675,0.21461940298507462,7,32,0.47761194029850745
2025,CAR,66,0.0023026658864978363,0.002076488220705307,0.09491904517177815,0.5269398126777352,0.0009292471241715245,0.3897924242424243,0.20978939393939394,40,42,0.6363636363636364
2025,NJD,66,0.0025507666192529244,0.00110350362607805,0.3906884944609019,0.1389153670361321,0.002575329317803583,0.2654712121212121,0.20506060606060608,-29,33,0.5
2025,NSH,65,0.001967235525342301,-0.00015703001708301844,0.13582088543567944,0.40876466309667575,0.0007646291392298665,0.30546307692307695,0.1967492307692308,-30,29,0.4461538461538462
2025,OTT,65,0.002707000164302686,0.001458665609245491,0.1527380551085621,0.06320377287744905,0.006120833916667561,0.0012661538461538457,0.12675076923076922,14,33,0.5076923076923077
2025,MIN,67,0.0026385184330250796,0.0023971114413067715,0.17895632504346604,-0.08340866112899747,0.006289302946299918,-0.07898805970149252,0.11698208955223881,33,38,0.5671641791044776
2025,COL,65,0.0033145025404876217,0.002457404128042283,-0.09716571909401073,0.25467893329639363,0.00688915080177817,-0.09259076923076923,0.09635384615384615,86,44,0.676923076923077
2025,BOS,66,0.0013871945354298801,0.0009480994199763843,0.10591235133622648,0.16083222700768549,-0.004702718294671464,-0.11176666666666672,0.09406818181818181,12,37,0.5606060606060606
2025,TBL,65,0.0035109635203817552,0.0004370083528160648,0.18541182691600383,-0.1348683360893038,0.007270300910496555,-1.758576923076923,0.07775692307692307,47,40,0.6153846153846154
2025,CHI,66,0.0013721665398378,3.506366315307618e-05,0.17298401066345592,-0.0015975043901161542,0.0020208709319486946,0.2286530303030303,0.0689121212121212,-36,25,0.3787878787878788
2025,WPG,65,0.0032088184515622446,0.0013213459235781777,0.03496943120681128,0.060239942261629965,0.0023599591214906253,0.22830461538461536,0.060296923076923074,-14,27,0.4153846153846154
2025,LAK,66,0.002378335236510034,0.0028617693651602264,-0.06842598199547399,0.1882089637704702,0.0003403514770275099,-0.5658757575757576,0.0474,-22,27,0.4090909090909091
2025,NYR,66,0.001803423263785762,0.0014314264424757815,0.1512787834700681,-0.042932373532131016,-0.0005726107261892446,0.1257151515151515,0.03974545454545454,-19,28,0.42424242424242425
2025,DET,67,0.0026899834019083507,0.0009807709439038073,0.3808465148606884,-0.5463899691713893,0.004592746880295692,0.49073880597014924,0.03632089552238806,-5,36,0.5373134328358209
2025,BUF,67,0.003295982774260677,0.0001504039822966851,-0.0012207341904588193,0.10862354059716103,-0.0005251211605701085,-0.6852089552238806,0.035199999999999995,31,41,0.6119402985074627
2025,VAN,66,0.0017100868975779891,0.00026981923932860617,0.12419037256722207,-0.140019861325342,0.0007628881039802258,-0.4135666666666667,0.030254545454545458,-78,20,0.30303030303030304
2025,CGY,66,0.002050276376210465,0.0015855023242531776,-0.2735224730625441,0.3346522217512656,0.0014102747452916613,-0.9427666666666668,0.008142424242424241,-41,26,0.3939393939393939
2025,UTA,67,0.0027740079052081036,0.0022595861801595184,-0.03340773882221039,-0.01684343215974951,-0.0011013569307141197,-0.5881626865671642,-0.012695522388059701,20,34,0.5074626865671642
2025,STL,66,0.00224058751318693,0.0016124066141891007,-0.12007355343684402,0.010095161633386128,0.001185387873434266,-0.39511515151515153,-0.022193939393939394,-42,27,0.4090909090909091
2025,TOR,67,0.002997810308642216,0.00104087645013285,0.05393590562115016,-0.14732515980786834,-0.0040202133544919045,0.6740671641791045,-0.02895970149253731,-22,28,0.417910447761194
2025,WSH,68,0.002165814329264582,0.0017474106919988612,-0.040335005810568945,-0.11607466353198397,-0.0029371982745557417,-0.2886426470588235,-0.05853088235294118,14,33,0.4852941176470588
2025,MTL,65,0.0018296365010325862,0.0018024063718099738,0.12191957539984107,-0.3727887309013591,-0.0012088292320871982,0.36968615384615383,-0.06833076923076924,17,36,0.5538461538461539
2025,SEA,64,0.0002224913026410113,0.0014237263214649395,-0.09085366078995505,-0.1699607132485353,0.00026393052698916693,-0.500290625,-0.0736078125,-9,30,0.46875
2025,PHI,66,0.0016895268955284637,0.001628034627925715,-0.3815964079560715,0.08519268919195162,0.0019191594284453952,0.4057454545454545,-0.09932575757575757,-18,31,0.4696969696969697
2025,ANA,66,0.0018486477326067198,0.0006090187209943752,-0.24490493695466595,-0.05947443525956079,-0.003133997333481181,0.11995,-0.11962878787878786,-19,36,0.5454545454545454
2025,SJS,64,0.0010810918778343577,0.0003799603251562477,-0.08055006632147704,-0.3268680850469741,0.0016531097699934761,-0.48686875,-0.128875,-23,32,0.5
2025,NYI,66,0.0022358440949492545,0.0020116790725086815,-0.34241742527850993,-0.2297711654068008,0.002893185949844424,0.45990000000000003,-0.16569242424242425,7,37,0.5606060606060606
2025,CBJ,66,0.002876437662477457,0.00037781039265139714,-0.26738581596183103,-0.2850924794377505,-0.003086642796434327,-0.39904545454545454,-0.17456060606060608,-1,34,0.5151515151515151
