player_id,player_name,total_surplus,total_war,total_cap,seasons,avg_surplus_pct
8476979,Erik Gustafsson,18912177.12146339,0.45,9825000.0,7,3.1863683818505697
8477950,Tony DeAngelo,18641715.557354033,-0.2,14175000.0,6,3.584630760237
8476454,Ryan Nugent Hopkins,16643835.022706341,1.3,25625000.0,5,3.8440353892598425
8476474,Stefan Noesen,14539565.48125092,0.91,8375000.0,7,2.4603736182104696
8478427,Sebastian Aho,14248708.148381786,6.08,21259000.0,6,2.742891028678627
8475786,Zach Hyman,13248575.133885555,3.59,22000000.0,4,3.784664230110654
8478493,Joel Eriksson Ek,13234234.772559771,2.34,23975000.0,6,2.5818422904232747
8476905,Chandler Stephenson,13024925.298312547,-0.53,18300000.0,6,2.6161174976533776
8475149,Marcus Johansson,12370766.335556213,0.7000000000000001,15300000.0,6,2.3523022101596216
8474102,David Perron,11686778.503654307,1.66,29500000.0,7,2.0225606629262374
8470621,Corey Perry,11672851.195902137,1.4700000000000002,9175000.0,6,2.266992740643024
8477426,Nick Paul,11158923.891702358,0.47000000000000003,13550000.0,7,1.89934325803125
8475343,Nic Dowd,10988433.484306296,1.0,9150000.0,7,1.8834310040897642
8480800,Quinn Hughes,10833042.381105814,3.38,34149998.0,7,1.8723327814297768
8478178,Darren Raddysh,10820173.850995697,0.32,3475000.0,4,3.0279671201835034
8477960,Adrian Kempe,10792217.41129912,2.6,22500000.0,6,2.14878654302381
8481546,Cam York,10623337.227632396,0.42,5842499.0,5,2.4196516591395323
8475810,Bryan Rust,10407834.992899746,1.9500000000000002,34500000.0,8,1.4958513272024647
8475760,Nick Bjugstad,10388967.29399485,-0.04000000000000001,6000000.0,4,3.0513760012256728
8476278,Colin Blackwell,10344650.02376145,0.8,4775000.0,6,2.0491815264109206
8480069,Cale Makar,10343624.044914197,3.82,37761666.0,6,2.107648607357336
8477933,Sam Reinhart,10226906.670677401,6.86,42750000.0,7,1.7468255805655346
8478047,Michael Bunting,10153174.108445698,1.93,11637500.0,5,2.45174805370472
8480014,Gabriel Vilardi,9986916.531852933,1.5,8594167.0,4,2.8271600812461
8477501,Valeri Nichushkin,9679469.391033506,0.9,27175000.0,7,1.6707357318012146
8474567,Zach Bogosian,9656828.659768905,0.43000000000000005,6500000.0,6,1.8904524771084352
8476994,Vinnie Hinostroza,9619897.969698515,0.8400000000000001,8300000.0,7,1.6163416402157762
8476331,Dylan DeMelo,9498942.331268698,0.97,20600000.0,7,1.6340775012747504
8477018,Ben Hutton,9291609.310154498,0.7,6100000.0,6,1.8152269477816054
8478542,Evan Rodrigues,9068897.741853325,1.09,11700000.0,6,1.7994056822324715
8477451,Ryan Hartman,9026636.562865091,0.88,15875000.0,7,1.5402372789917897
8475798,Mikael Granlund,8922362.476946045,0.69,23750000.0,5,2.0698294053703434
8475163,Alex Chiasson,8601906.056618791,1.81,5700000.0,4,2.6245509934697244
8477947,Sonny Milano,8553251.205465589,0.48,9974125.0,6,1.6996160821101969
8478038,Devon Toews,8349197.216650131,-0.27,28200000.0,7,1.5159357131776863
8482624,Daniil Miromanov,8338991.818639859,0.1,2775000.0,3,3.1300323121661733
8477479,Tyler Bertuzzi,8027239.158474578,2.85,26800000.0,7,1.3728111889900594
8477446,Michael McCarron,7954856.954449246,0.5900000000000001,4025000.0,5,1.8024836132502453
8474589,Tyler Ennis,7852094.694721747,0.39,2450000.0,3,3.2114906726878316
8475179,Dmitry Kulikov,7763617.963596988,-0.54,7800000.0,5,1.7807708615834383
8481523,Kirby Dach,7732224.625595971,-0.87,12862500.0,6,1.570131459317057
8477505,Alexander Wennberg,7632583.89471514,0.06999999999999995,20750000.0,5,1.761446701674736
8479542,Brandon Hagel,7618912.502295118,0.36,16880833.0,5,1.8555279429572225
8477346,MacKenzie Weegar,7599090.938570801,2.0100000000000002,27750000.0,7,1.3281109433011047
8478136,Jacob Middleton,7546034.314671097,1.12,10700000.0,5,1.813484379260877
8477494,Jonathan Drouin,7513519.967353952,-0.2,3325000.0,2,4.138857910327058
8478851,Alexandre Carrier,7396640.200216296,0.74,8449999.0,5,1.7819436513695481
8476393,Nick Cousins,7308046.693512578,0.46,7025000.0,6,1.4257252458825063
8481605,Jackson LaCombe,7183747.236258198,0.020000000000000018,2775000.0,3,2.5916121286104468
8473544,Derick Brassard,7173504.461999342,-0.23,3025000.0,3,2.92210786843612
8481604,Pavel Dorofeyev,7109694.755409837,1.5499999999999998,4510000.0,4,1.9285961984988178
8478401,Pavel Zacha,7092897.0025183875,1.4100000000000001,21000000.0,6,1.397052097666962
8474040,Sam Gagner,7066636.565798876,0.14,2450000.0,3,2.8563476957913547
8477508,Curtis Lazar,7035246.75273975,0.22,5300000.0,6,1.3708791887155762
8476329,Travis Boyd,7024713.942279963,-0.25,5800000.0,5,1.7149049585860312
8475188,Brayden McNabb,6797295.317643175,1.05,22200000.0,8,1.0084613120404815
8475184,Chris Kreider,6766900.379473582,5.91,39000000.0,6,1.3075718000391068
8478873,Troy Terry,6719238.099966302,0.93,18350000.0,5,1.6898833106300628
8471677,Jack Johnson,6691540.439088321,-0.19,10125000.0,6,1.3390399347797304
8482684,Luke Hughes,6688697.765792777,0.36,2775000.0,3,2.4991864068812966
8474031,Kevin Shattenkirk,6652915.661503543,-0.12,13450000.0,4,2.0327493854766647
8480043,Timothy Liljegren,6623793.178745625,0.16999999999999998,8800000.0,4,1.9375720208043399
8477952,Robby Fabbri,6608466.37527665,-0.19999999999999996,16775000.0,6,1.3459618570522986
8475151,Kyle Palmieri,6585731.005031448,0.9199999999999999,19750000.0,4,1.8616769085751446
8477380,Jonny Brodzinski,6572071.847478073,0.1,4550000.0,6,1.2682940196909007
8478440,Dylan Strome,6557773.415868493,1.33,21000000.0,5,1.516197488471023
8475287,Erik Haula,6556796.778514332,0.61,13575000.0,5,1.5335272050472966
8480849,Barrett Hayton,6522926.670766275,0.51,7988334.0,5,1.4760261243466914
8476927,Teddy Blueger,6500879.267232623,1.28,8350000.0,6,1.2645073826615034
8478055,Gustav Forsling,6470311.36007897,0.15,17533334.0,5,1.5868518160544884
8475718,Justin Holl,6437832.5205619065,1.46,13475000.0,6,1.3415208972620951
8476372,Nick Seeler,6416888.688708781,2.05,7675000.0,5,1.4942449661183015
8477938,Haydn Fleury,6396506.838538257,0.78,5925000.0,6,1.2201403546989025
8475772,Riley Sheahan,6373523.384831211,0.29000000000000004,4550000.0,4,1.9477838282907212
8476873,Mark Jankowski,6350413.791960036,0.32,6375000.0,6,1.2247289957914373
8478397,Rasmus Andersson,6315927.621790381,1.91,27300000.0,6,1.2014439278009175
8475842,Sam Carrick,6184109.734212099,0.04,4100000.0,5,1.4894767105581075
8478466,Daniel Sprong,6142292.372627924,0.39999999999999997,5700000.0,6,1.2357559846118749
8479390,Taylor Raddysh,6055991.7265240885,0.09000000000000001,3274999.0,4,1.7733903267265552
8478020,Michael Amadio,5979705.323108432,0.53,5525000.0,5,1.4106728224988676
8480009,Eeli Tolvanen,5977514.530946155,-0.009999999999999995,7825000.0,4,1.7433227303123755
8476867,Brendan Gaunce,5956707.2034557145,0.08,2300000.0,3,2.2686036216158363
8484144,Connor Bedard,5948046.679422295,0.6499999999999999,1900000.0,2,3.2095800263268286
8477409,Carter Verhaeghe,5945691.041441768,1.24,21200001.0,6,1.2446159430861405
8482667,William Eklund,5879417.902015055,0.3,2589999.0,3,2.3025401053613415
8482142,Jamie Drysdale,5865308.964530257,-0.35000000000000003,7375000.0,5,1.3254239859255628
8476422,Mike Reilly,5857652.8551702015,6.938893903907228e-18,11250000.0,6,1.1268888991569783
8474034,Patrick Maroon,5807954.499977901,-0.29000000000000004,5550000.0,5,1.4158421189656438
8480028,Morgan Frost,5803163.949097636,0.07,5000000.0,3,2.1922751730485026
8480039,Martin Necas,5733588.784652285,0.99,12500000.0,3,2.1538346399659574
8475825,Jani Hakanpaa,5720298.848720998,0.95,5250000.0,4,1.7336861401078578
8474584,Michael Del Zotto,5576581.883565564,0.12000000000000001,1450000.0,2,3.4212158794880763
8477407,Anthony Duclair,5509601.575225073,0.55,15850000.0,6,1.1138305116210423
8477034,Jaycob Megna,5503441.838049048,0.59,2300000.0,3,2.174775883981978
8475158,Ryan O'Reilly,5437813.427259015,1.26,9000000.0,2,2.9489205665945115
8478859,Niko Mikkola,5384023.644885902,1.87,8475000.0,5,1.2218325567597745
8482222,Alexander Barabanov,5360557.377119485,-0.07,6000000.0,3,2.1757189149325966
8476988,Matt Benning,5355325.300983287,0.39,9550000.0,7,0.8894963994756255
8476872,Scott Laughton,5251129.985166861,0.21000000000000002,17300000.0,6,1.035309593897433
8478454,Noah Juulsen,5217451.996468728,0.45,3000000.0,4,1.5438082940701872
8479351,Sam Steel,5199155.374819836,0.49,4999125.0,4,1.4858962195313996
8477497,Sean Monahan,5194139.222557418,0.23,7485000.0,2,3.050977976792336
8478013,Jake Walman,5063653.165620189,-0.29000000000000004,11650000.0,5,1.1751474966246236
8475762,Derek Forbort,5061888.140970839,0.66,17050000.0,7,0.8488353104766136
8476879,Cody Ceci,5042020.761588261,2.34,23050000.0,7,0.8303057798286062
8476432,Boone Jenner,5037366.561795065,0.55,26250000.0,7,0.8530698089900921
8475797,Jarred Tinordi,5030819.773635881,0.27,2850000.0,3,2.038189342599352
8477476,Artturi Lehkonen,5028182.062973887,-0.22,20600000.0,6,0.9662535050828659
8479420,Tage Thompson,5025076.234122587,1.22,24228571.0,5,1.241612214497439
8474628,Michael Stone,5003877.083402762,0.24000000000000002,2150000.0,3,2.0412376796544165
8473533,Jordan Staal,4957125.400230181,1.05,8700000.0,3,1.8235879913103705
8479976,Juuso Valimaki,4941204.666588275,0.19,4550000.0,3,1.969499881503829
8479977,Kailer Yamamoto,4891527.645087243,0.52,6550000.0,4,1.368559641691058
8478891,Mason Appleton,4849560.218924327,0.85,8300001.0,5,1.158969976271297
8478854,Ryan Shea,4767598.034419652,0.52,1675000.0,2,2.571070612429065
8474568,Luke Schenn,4765903.402855095,0.22,9500000.0,7,0.8555141332572014
8478109,Victor Olofsson,4760405.364913875,0.6,17442500.0,6,0.8922951355353191
8479362,Riley Tufte,4738423.316602938,0.0,2300000.0,3,1.7225085950641905
8474090,Brendan Smith,4718330.106230194,0.84,4000000.0,4,1.392918167872069
8477392,Hudson Fasching,4611201.598506418,0.18,3037500.0,4,1.3702590506734942
8479378,Logan Stanley,4587602.6236675605,0.12,4050000.0,4,1.2712344097415103
8480748,Kiefer Sherwood,4573922.2767987205,0.18000000000000002,4700000.0,5,1.029206123891202
8475204,Brandon Pirri,4567626.023888633,0.11,1425000.0,2,2.842114060206899
8476884,Derrick Pouliot,4555164.975636562,0.06999999999999999,2600000.0,3,1.8540652984187924
8477464,Nic Petan,4543635.649743276,-0.01,3062500.0,4,1.376590384640921
8477955,Jared McCann,4503571.361959452,2.36,25440000.0,7,0.7669422248718236
8480817,K'Andre Miller,4439455.023483076,1.19,9594000.0,4,1.287862924753794
8476967,Brett Kulak,4407489.022812996,1.25,13800000.0,6,0.8326616574701934
8475750,Jon Merrill,4373153.477053992,-0.009999999999999981,7275000.0,6,0.8903798676588042
8477015,Connor Brown,4367210.32181684,0.35,12575000.0,5,0.9378064192794755
8476483,Rickard Rakell,4365419.222598939,0.85,15000000.0,3,1.5775212284810898
8481524,Bowen Byram,4324334.564071656,0.06,9488334.0,4,1.2230812077642914
8476480,Vladislav Namestnikov,4261838.130913397,-0.12000000000000002,19500000.0,7,0.6907148912667562
8477353,Tyler Motte,4194029.4047402,0.99,5575000.0,5,1.0060100102472327
8476479,Phillip Danault,4171382.0013691178,-0.39,31249999.0,7,0.7357670736241282
8477949,Alex Tuch,4147814.190098545,1.25,33250000.0,7,0.6617082506158901
8477987,Ryan Donato,4137953.17252899,1.0999999999999999,11750000.0,6,0.8170462223989952
8476389,Vincent Trocheck,4133306.2468232983,2.1799999999999997,16875000.0,3,1.5658628912194148
8480865,Noah Dobson,4088849.9563008184,0.96,19288334.0,5,1.074630039269232
8477941,Nick Ritchie,4080224.7193325385,0.35000000000000003,7137850.0,4,1.2498330639509847
8475726,Tyler Toffoli,4034502.7545470367,2.13,23000000.0,5,0.9736072289132116
8478450,Parker Wotherspoon,3943732.6176597523,0.36,1550000.0,2,2.2894632608425782
8473512,Claude Giroux,3898252.412968849,-0.11000000000000001,15000000.0,3,1.3828927341723745
8482475,Yegor Chinakhov,3879126.16336975,-0.12,5925000.0,4,1.1203406492072867
8483431,Logan Cooley,3850494.0338973925,0.49,1900000.0,2,2.0977634630237283
8474683,Derek Grant,3806918.693985545,0.32,3700000.0,3,1.5500483909677525
8478399,Jonas Siegenthaler,3801971.4728729026,1.78,12125000.0,5,0.9226762298411003
8475324,Nick Jensen,3767992.836175655,2.82,22150000.0,7,0.6716031952178978
8476875,Michael Matheson,3764880.8848586907,0.5800000000000001,39000000.0,8,0.49864508370557714
8476410,Josh Leivo,3758470.3310394078,0.22,4050000.0,4,1.159493065356004
8476469,Joel Armia,3752069.9073656285,-0.03999999999999998,20650000.0,7,0.6355984337392775
8473415,Alex Biega,3747025.3550312575,0.27,2525000.0,3,1.5519702774256812
8476429,Scott Mayfield,3700795.274533501,0.74,14250000.0,7,0.6816077848437209
8480049,Dylan Samberg,3693595.624552599,1.09,3725000.0,3,1.2977154672041207
8483565,Nick Blankenburg,3682846.068394728,0.43000000000000005,3288452.0,3,1.3289128730698028
8480058,Pierre Olivier Joseph,3671691.901819724,0.29000000000000004,2600000.0,3,1.3732587519343242
8480188,Fabian Zetterlund,3664906.8813363584,0.49,6475000.0,3,1.5032733527353168
8480208,Drake Batherson,3643631.7686397033,3.04,19900000.0,4,1.017168628373596
8478133,Jake Evans,3623185.565256387,-1.38,8700000.0,5,0.8517841871368358
8474141,Patrick Kane,3619370.2725820793,0.23,3000000.0,1,3.789916515792753
8479514,Rem Pitlick,3583371.2874508635,-0.28,2891956.0,3,1.443408839990642
8480459,Pius Suter,3553866.873269754,0.77,10625000.0,5,0.7765219892027734
8479371,Dante Fabbro,3540679.6124247336,0.67,14300000.0,7,0.6159908376308024
8477335,Kyle Burroughs,3532252.78799334,0.18,3300000.0,4,1.0742232209604166
8476851,Alex Galchenyuk,3493873.0074828463,0.0,1800000.0,2,2.1329508956838996
8475197,Tyson Barrie,3478881.5200959556,0.71,17250000.0,4,1.0585213680645866
8477573,Nathan Walker,3464886.876075029,0.16999999999999998,3700000.0,5,0.8067056711183493
8482740,Wyatt Johnston,3461405.879730819,2.54,10188334.0,3,1.3657311992682615
8469455,Jason Spezza,3421815.3515021103,0.24,1450000.0,2,2.099273221780436
8482745,Mason McTavish,3331966.4731550496,0.06,2682501.0,3,1.2995347309923488
8479968,Vinni Lettieri,3331351.9277431574,0.030000000000000002,3025000.0,4,0.9883590036936035
8478452,Caleb Jones,3316977.0459312554,0.24,3825000.0,4,0.9244831352308416
8476906,Shayne Gostisbehere,3295631.723478638,0.03,7325000.0,2,1.7713177406189489
8477851,Jordan Oesterle,3278700.59149552,0.53,6425000.0,5,0.7897300323574242
8484153,Leo Carlsson,3278118.0426871916,-0.04,1900000.0,2,1.752386738854687
8474000,Steven Kampfer,3270669.4921415253,0.09,1600000.0,2,2.0065457007003222
8477936,Michael Dal Colle,3260952.628993588,0.02,1400000.0,2,2.000584434965391
8477541,Dakota Mermis,3251816.1082364316,0.13,4400000.0,6,0.6589121951041665
8470610,Zach Parise,3244008.1022715205,0.35,750000.0,1,3.932131033056389
8477496,Elias Lindholm,3229421.5756228715,2.25,36850000.0,7,0.5910076791777242
8476918,Jimmy Vesey,3210773.5194553575,1.05,7850000.0,6,0.6318351596392032
8479941,Justin Danforth,3201196.2033851524,0.13,3050000.0,3,1.2697855944310283
8479395,Dennis Cholowski,3193222.433317153,0.019999999999999997,1675000.0,2,1.7751064528630138
8479423,Alexander Nylander,3178623.337293173,0.04,775000.0,1,3.806734535680447
8477506,Ryan Pulock,3173466.4558780873,1.77,33600000.0,7,0.5809627873968799
8483515,Juraj Slafkovsky,3170118.3753896,0.12,1900000.0,2,1.8414711432660273
8480839,Rasmus Dahlin,3149288.9288795767,2.07,36775000.0,7,0.6843456546551259
8476457,Adam Larsson,3147730.024118959,0.22999999999999998,17250000.0,4,0.9366935075568674
8474579,Luca Sbisa,3133335.4518191824,0.04,2250000.0,2,1.9222916882326273
8479353,Brett Howden,3105671.1120975353,-0.17,6785000.0,4,0.8780100293543427
8481577,Philip Tomasino,3091524.96137656,0.16999999999999998,1688334.0,2,1.7258843443082768
8476858,Phillip Di Giuseppe,3055817.9014732484,0.17,3000000.0,4,0.9049873042491074
8482665,Matty Beniers,3044302.612013867,0.76,9835357.0,4,0.9589850123736245
8473994,Jamie Benn,3025241.2676059157,0.12,1000000.0,1,3.167791903252268
8475795,Dylan McIlrath,3023200.2565479116,-0.030000000000000002,2250000.0,3,1.1773743549615492
8480803,Evan Bouchard,3004196.9450089294,0.13,15263334.0,3,1.2613372671190923
8481557,Matt Boldy,2982148.3852649275,2.12,21880833.0,4,0.8874966847032009
8475461,Andrew Agozzino,2921995.5241503683,0.0,2200000.0,3,1.1852871744741627
8478498,Jake DeBrusk,2914046.890504455,2.55,17175000.0,4,0.8344118143647277
8481601,Simon Holmstrom,2902456.4324591295,-0.1,850000.0,1,3.0392213952451614
8478131,Ondrej Kase,2890997.876759666,0.17,9050000.0,4,0.8745633101808553
8479639,Dylan Coghlan,2871571.1749379374,0.02,2300000.0,3,1.1159814812904263
8478458,Jack Roslovic,2842947.9640765637,-0.18,12734657.0,4,0.7578694306727247
8478856,Conor Garland,2832768.1148850615,1.49,21350000.0,6,0.5670068835413923
8482110,Dawson Mercer,2832254.5970654446,0.6799999999999999,5788334.0,3,1.1132525665874409
8476882,Teuvo Teravainen,2824869.589095545,3.55,32400000.0,6,0.5255303261340328
8478970,Jalen Chatfield,2812729.426829927,1.29,8225000.0,5,0.6540788817842168
8480216,Jacob Peterson,2812364.6165064867,-0.01,1617500.0,2,1.6951918367868282
8476374,Sean Kuraly,2770461.3305349713,0.65,13825000.0,7,0.48051317224992374
8480035,Henri Jokiharju,2763723.047593923,0.49000000000000005,12350000.0,6,0.5194018517054875
8479619,Michael Carcone,2739712.0120534636,0.2,2300000.0,3,1.0747718257235455
8480001,Urho Vaakanainen,2738949.295378793,0.32,5038334.0,5,0.6205690611527371
8479718,Alex Barre Boulet,2716467.4265506174,0.03,2274999.0,3,1.0576891479736712
8471215,Evgeni Malkin,2712554.564818606,0.99,18300000.0,3,0.9816592469184743
8478017,Mark Friedman,2680160.0204554633,0.22,3050000.0,4,0.7876377031969664
8481433,Taro Hirose,2661925.058931155,0.030000000000000002,3525000.0,4,0.8152395723949915
8484304,Uvis Balinskis,2657772.2881398057,0.51,1700000.0,2,1.4299757991100952
8479999,Casey Mittelstadt,2655512.5914518693,-0.2700000000000001,17374125.0,5,0.711069365036179
8475855,Jesper Fast,2646447.572654012,1.6,6000000.0,3,1.0713868743127082
8484166,Adam Fantilli,2638102.7666925564,-0.24,1900000.0,2,1.4159234425611567
8476442,Matt Nieto,2623472.1151437713,0.8200000000000001,6550000.0,5,0.6203312364636158
8477482,Zach Sanford,2620666.106883491,0.30000000000000004,5850000.0,4,0.7953871452600076
8480192,Johnathan Kovacevic,2620501.575609388,0.43000000000000005,6283334.0,4,0.8109617361817354
8479983,Mario Ferraro,2612293.656306364,-0.24,11600000.0,5,0.6473939949909754
8479675,Trevor Moore,2605174.626365067,1.38,16025000.0,6,0.5576336320068961
8477450,Jason Dickinson,2595060.1178169977,0.21,17675000.0,7,0.46974229941529677
8478211,Dryden Hunt,2567503.9734168733,0.16999999999999998,4590000.0,6,0.4987301686766324
8478462,Nicolas Roy,2566973.1124085165,0.9,10500000.0,5,0.6427504796188183
8470595,Eric Staal,2563974.4394754595,0.53,6500000.0,2,1.572990453665926
8482122,Brock Faber,2561859.6521486877,-0.32999999999999996,10350000.0,3,1.1241284867683186
8479415,Michael McLeod,2550704.7603602405,0.27,1950000.0,2,1.5315236050738514
8474189,Lars Eller,2513469.2751617944,1.85,22400000.0,7,0.43789130345846783
8476952,Dominic Toninato,2511568.429587205,-0.060000000000000005,3000000.0,4,0.7587023024916523
8482660,Kent Johnson,2510513.0287236404,-0.14,4575000.0,4,0.6953040001545887
8475869,Brandon Davidson,2498106.2686748737,0.05,1350000.0,2,1.5325805329293702
8476396,Steven Fogarty,2477446.845475567,0.0,2150000.0,3,1.0060399523980479
8478846,Christian Wolanin,2430346.3616360617,0.02,2550000.0,3,0.9869327635128768
8476470,Nathan Beaulieu,2408123.192599028,-0.25,3500000.0,3,0.9804113981046089
8475799,Nino Niederreiter,2407563.9890814535,0.34,12000000.0,3,0.8986623992422812
8480893,Kirill Marchenko,2400743.2877644487,0.31,4775000.0,2,1.3180313677385547
8475766,Austin Watson,2392779.9814742217,0.34,5276665.0,4,0.7093107217752199
8481596,Shane Pinto,2386119.1159565407,0.47000000000000003,6525000.0,4,0.706725970853086
8478463,Anthony Beauvillier,2377661.407177368,0.86,17900000.0,6,0.4266175277171935
8482078,Lucas Raymond,2372027.291401064,0.39,9925000.0,3,1.0169847319653025
8478029,Chase De Leo,2356565.692967448,0.0,1400000.0,2,1.4457458239064098
8478881,Brett Seney,2347120.0533048403,0.0,2282500.0,3,0.9402755748279498
8475796,Mark Pysyk,2334511.883242277,0.16,750000.0,1,2.8644317585794807
8480246,Nick Perbix,2333138.1377853835,0.41000000000000003,2250000.0,2,1.3590831297038364
8476368,Fredrik Claesson,2324306.448896519,0.04,2100000.0,3,0.9506365844157542
8476924,Martin Frk,2296234.408786185,0.01,2500000.0,3,0.9334170988359792
8471686,Marc Staal,2269621.595275458,0.13,2750000.0,2,1.3686136034680731
8473453,Trevor Lewis,2261493.4151335657,1.12,3125000.0,4,0.6806885792061699
8480157,Calle Rosen,2256207.8980197697,0.15,2275000.0,3,0.9098704681298652
8474098,Colton Sceviour,2251849.223484912,0.47000000000000003,3600000.0,3,0.9280897964053216
8478840,William Borgen,2216601.5196343004,1.42,8600000.0,4,0.6881241209507534
8470600,Ryan Suter,2191175.2326882575,0.9299999999999999,10950000.0,3,0.8628274308349223
8476886,Slater Koekkoek,2175842.2976642456,0.14,1775000.0,2,1.3348725752541384
8477320,Anton Blidh,2173688.069675752,0.07,2925000.0,4,0.6659098456495235
8478468,Jeremy Lauzon,2156787.47148358,0.8400000000000001,9700000.0,6,0.43065669510733323
8478438,Thomas Novak,2152920.1744002732,0.26,7800000.0,3,0.8591408453826498
8482259,Bobby McMann,2146224.8011441655,0.05,2112500.0,2,1.1570635784010546
8477365,Connor Clifton,2142247.9468563553,1.25,10391666.0,6,0.45606994413826185
8478474,Lawson Crouse,2141915.2582922643,-1.6099999999999999,17499999.0,6,0.4612364609163729
8475714,Calle Jarnkrok,2119028.088956154,0.19,6300000.0,3,0.8260637193797996
8477919,Frederick Gaudreau,2116909.778135909,-0.99,8200000.0,5,0.5308360656393483
8478866,Dominik Simon,2094049.9332794284,0.19,2200000.0,3,0.8635460522110301
8481567,Henry Thrun,2093514.7017424046,0.25,2825000.0,3,0.7754915429468364
8479576,Vincent Desharnais,2092184.6316048205,0.72,2762500.0,2,1.177429220078608
8478415,Jakub Zboril,2069967.0327099487,0.11,1862500.0,2,1.264085256728501
8478476,Kyle Capobianco,2068152.7719087997,0.14,2325000.0,3,0.7885761192882659
8479591,Michael Eyssimont,2065079.485435736,0.19,2350000.0,3,0.8261069584351352
8480068,Ryan Poehling,2051219.0948955093,1.0,6225000.0,5,0.4423870799453022
8477447,Shea Theodore,2046853.6721029666,1.34,38625000.0,7,0.3638801549692699
8477839,Conor Sheary,2035021.4494187683,0.6,7000000.0,4,0.6302147771026645
8476285,Matthew Peca,2032159.7441249718,0.01,3300000.0,3,0.8311491796012155
8475728,Johan Larsson,2024133.929957033,-0.12000000000000001,2950000.0,2,1.2417999570288545
8476458,Ryan Strome,2023364.7034474884,-0.87,30200000.0,7,0.3838064445844038
8475780,Chris Wagner,2013865.7558962218,0.22,5300000.0,4,0.6143896791833419
8471887,Patric Hornqvist,2007793.7994347317,2.44,26500000.0,5,0.49670789256973097
8479370,Tyson Jost,2002415.289103932,0.14,7649125.0,5,0.4227269533365849
8477504,Josh Morrissey,1988736.2519572077,-0.84,40650000.0,7,0.3151095929903772
8480801,Brady Tkachuk,1986905.747311518,5.6499999999999995,35669260.0,7,0.41145731412911907
8470755,Brad Richardson,1981392.933905539,0.28,3500000.0,3,0.8103856580390753
8482155,Alex Laferriere,1967648.9673335557,-0.02,1750000.0,2,1.0668782475397127
8482159,Tyson Foerster,1967135.0786017936,-0.07,4613334.0,2,1.1325853216239719
8479368,Max Jones,1941564.0268424044,0.09,4885000.0,4,0.5478372858740976
8475906,John Klingberg,1940639.2564024376,-0.28,12905056.0,3,0.587973418550329
8478911,Matt Roy,1940295.2847098317,1.78,15900000.0,5,0.5146819485390502
8480878,Nils Lundkvist,1923692.9147601728,0.12,3100000.0,3,0.6874826992046232
8476871,Tanner Pearson,1922194.1996017408,0.26,10525000.0,4,0.5355269541084112
8478430,Oliver Kylington,1911359.5609658335,0.2,787500.0,1,2.345226455172802
8476404,Andy Andreoff,1899679.119716713,0.0,2250000.0,3,0.7745605402255183
8476897,Oskar Sundqvist,1887531.4657474365,0.64,14700000.0,7,0.2824885874456771
8479996,Cody Glass,1884255.6102338615,0.039999999999999994,5874125.0,3,0.7496877781397732
8480913,Jordan Gross,1867598.9037072873,0.04,1500000.0,2,1.1295744772978988
8478831,Kevin Stenlund,1865352.3166206428,-0.01999999999999999,4800000.0,4,0.5160176918560796
8476941,Connor Carrick,1854413.7129245517,0.09000000000000001,2800000.0,2,1.1509074772791454
8476891,Matt Grzelcyk,1850536.6885563978,0.55,20300000.0,7,0.3155471330348037
8481542,Moritz Seider,1843039.962126674,-0.63,9413334.0,2,1.1862298166750427
8480798,Philipp Kurashev,1829749.843667362,0.47,6092500.0,4,0.5194644407294781
8481093,Rafael Harvey Pinard,1825870.7961160701,-0.12,1925000.0,2,1.0803653339656734
8480084,Nick DeSimone,1820379.0249254592,0.25,2337500.0,3,0.6844403759196341
8481591,Sam Poulin,1807823.7051493125,0.0,775000.0,1,1.893009115339594
8480073,Erik Brannstrom,1806968.0852800221,-0.07,2900000.0,2,1.0733742345323252
8479533,Joona Koppanen,1769857.8428179445,0.04,775000.0,1,1.8532542856732404
8477359,Tucker Poolman,1764999.9162859812,0.16,4050000.0,3,0.7251003911637537
8476966,Gemel Smith,1762918.8447505601,0.0,2120000.0,3,0.7210302023519674
8470794,Joe Pavelski,1762169.0438636066,3.54,23000000.0,4,0.5235284293786326
8478043,Sam Lafferty,1752160.1849023066,-0.01,5050000.0,4,0.5500452046589495
8475246,Kevin Connauton,1738895.3304125508,-0.049999999999999996,3575000.0,3,0.7181081251436513
8478447,Nicholas Merkley,1733742.867656339,0.01,874125.0,1,2.127291862155017
8480007,Jonas Rondbjerg,1733047.4147668763,0.05,2300001.0,3,0.629342966144098
8480823,Alexander Alexeyev,1731089.623196322,0.12,1650000.0,2,0.9937250002685021
8477369,Carson Soucy,1720024.9803931057,0.74,15500000.0,6,0.35387915644783735
8482117,Lukas Reichel,1716577.4723207075,-0.29000000000000004,4250000.0,4,0.48058250836827177
8478115,Pierre Engvall,1687267.2047310942,0.27,7750000.0,4,0.5199838301170587
8478870,Rudolfs Balcers,1683301.4406392463,0.16,2285000.0,2,1.0325910891371444
8480336,Sean Walker,1668531.9237918558,1.6300000000000001,15690000.0,7,0.27460115710078475
8475808,Michael Chaput,1662339.496632813,0.01,1375000.0,2,1.019840181983321
8475181,Nick Leddy,1659856.3610614464,-0.060000000000000005,12000000.0,3,0.6423180070970673
8479321,Lucas Johansen,1655212.821303718,0.02,1512500.0,2,0.994912722764866
8478874,Adam Gaudette,1650094.4911969102,-0.12,1725000.0,2,0.8730727829114315
8480776,Sheldon Rempal,1631672.5993492515,0.01,2212500.0,3,0.6584477866788639
8477474,Madison Bowey,1631247.370395789,-0.09,2725000.0,3,0.6671768386076846
8481553,Bobby Brink,1621866.2884469477,-0.26,2425000.0,2,0.8448511854316516
8476617,Tomas Hyka,1621177.3702815278,0.06,650000.0,1,2.039216817964186
8475834,Marcus Sorensen,1606525.6994863464,0.26,3000000.0,2,0.9855985886419303
8479402,Jake Bean,1595984.2382719296,0.33,8749999.0,4,0.4187075540723183
8478915,Sami Niku,1595922.3687404569,0.02,725000.0,1,1.9581869555097628
8476878,Zemgus Girgensons,1587759.7109792808,-0.05,5550000.0,3,0.5251513199306105
8474612,Travis Hamonic,1586428.4903722252,0.3,9450000.0,5,0.35262285533963883
8474586,Jordan Eberle,1584491.3235967346,1.27,37000000.0,7,0.22629635197365058
8478431,Evgeny Svechnikov,1565022.2790620464,0.06,1624125.0,2,0.9508045809567275
8481716,Dmitri Voronkov,1562569.762080083,0.25,925000.0,1,1.7756474569091851
8476915,Jujhar Khaira,1556956.4677647501,-0.010000000000000009,4350000.0,4,0.47364093986019923
8476870,Stefan Matteau,1542280.6237366784,0.01,1450000.0,2,0.9461844317402934
8482062,Cole Smith,1538022.4128910778,0.11,3525000.0,4,0.4264919336245041
8475755,Alex Petrovic,1537507.5597765916,0.13,775000.0,1,1.6099555599754884
8480821,Filip Zadina,1527057.8443871804,0.62,4507501.0,4,0.46697926652136823
8478864,Kirill Kaprizov,1522898.5529344226,5.98,36925000.0,5,0.3745447358031839
8475958,Michael Sgarbossa,1520724.1781455516,0.0,1450000.0,2,0.9329596184942035
8481592,Jakob Pelletier,1517916.2201306236,0.0,800000.0,1,1.5894410681996058
8479304,Kyle Criscuolo,1510432.9416949856,0.0,750000.0,1,1.8308278081151341
8477458,Valentin Zykov,1503509.2745240608,0.04,1350000.0,2,0.9291115904581653
8475868,Anthony Bitetto,1500144.1198115433,0.060000000000000005,1350000.0,2,0.9253389470078871
8477512,Frederik Gauthier,1496614.4908045293,0.08,2050000.0,3,0.6121122661777215
8478512,Austin Czarnik,1494888.790238566,0.08,4712500.0,5,0.3697033219942165
8480220,Noah Cates,1462335.9280444153,0.99,8475000.0,4,0.4427353630420792
8475902,Zach Trotman,1452004.9428669107,0.02,700000.0,1,1.7816011568919152
8477404,Jake Guentzel,1412267.7464595847,3.7199999999999998,39000000.0,6,0.29779145571924187
8480144,David Kampf,1393902.2648530111,1.17,10700000.0,6,0.2990851227340619
8479945,Gavin Bayreuther,1393570.332538351,0.21000000000000002,1460000.0,2,0.8463363337808014
8479328,Julien Gauthier,1385494.258225094,0.08,2362500.0,3,0.5411914196810149
8474717,Mark Barberio,1383059.705086789,0.16,2900000.0,2,0.8615752399564204
8474134,Yannick Weber,1375631.4887871416,0.16999999999999998,1350000.0,2,0.8471631804830619
8482713,Mackie Samoskevich,1353704.4954439078,0.65,1850000.0,2,0.7106660330368835
8478446,Glenn Gawdin,1339649.6782299518,0.0,2212500.0,3,0.5395575772785578
8478021,William Lagesson,1335980.622229959,0.08,1500000.0,2,0.7583530148073967
8482097,Jack Quinn,1335498.6303162267,0.0,5101668.0,3,0.5095734058229947
8483490,Pavel Mintyukov,1329273.3169004624,0.11,1836666.0,2,0.7212737288667028
8476428,Rocco Grimaldi,1323705.9808810898,0.23,4650000.0,3,0.5413930392151697
8474736,Zac Rinaldo,1316010.3912534076,0.01,1350000.0,2,0.8073683381922745
8477901,Daniel Carr,1306946.82640438,0.01,1450000.0,2,0.8018078689597423
8475175,Magnus Paajarvi,1303726.2079680949,0.16,900000.0,1,1.6399071798340816
8471804,Nathan Gerbe,1303513.3504834974,0.02,750000.0,1,1.599402884028831
8477337,John Gilmour,1299276.5551433493,0.01,650000.0,1,1.594204362139079
8481006,Tyler Tucker,1290586.6583973826,0.28,2525000.0,3,0.4674870054282076
8475738,Jordan Weal,1282650.7730355107,0.05,1400000.0,1,1.573804629491424
8476390,Joseph Cramarossa,1280725.2038428285,0.0,1450000.0,2,0.7801762432365098
8478106,Dylan Sikura,1267194.2408160327,0.01,1500000.0,2,0.7774197796417379
8482077,Dylan Holloway,1245914.2218583883,0.15000000000000002,3215457.0,2,0.5756868357850448
8479372,Josh Mahura,1211773.712756838,0.28,2582500.0,3,0.4201990849945931
8482093,Seth Jarvis,1211066.8878169777,1.27,9208421.0,3,0.5813579926593219
8478104,Sammy Blais,1210583.6089264646,-0.03,5525000.0,4,0.36823598730382223
8479344,Jesse Puljujarvi,1209506.8806455326,0.46,5350000.0,3,0.5083570745984957
8478506,Gabriel Carlsson,1203176.3689667142,0.05,1450000.0,2,0.7309156826447358
8475735,Greg McKegg,1196517.2412766432,0.07,2165000.0,3,0.48937310481662283
8478027,Lucas Wallmark,1180358.8249299265,0.14,1350000.0,2,0.724146518361918
8481028,Martin Pospisil,1178101.0352719263,0.09,2000000.0,2,0.6508696911084111
8475278,Byron Froese,1172219.4889462856,0.01,762500.0,1,1.403855675384773
8476293,Scott Wilson,1171984.9654040139,0.01,1050000.0,1,1.4380183624589127
8475413,Justin Dowling,1160027.3887754495,-0.01,2275000.0,3,0.49500684891750435
8477043,Christian Djoos,1156555.2984370831,-0.09,1000000.0,1,1.4190862557510222
8481581,Thomas Harley,1152990.316813243,0.4,4863334.0,2,0.5766443546134007
8482149,Cole Perfetti,1145965.4768154628,0.41,5038334.0,3,0.4272948743244189
8477993,Justin Kirkland,1136448.463073669,0.04,1650000.0,2,0.6133649761080866
8477406,Mattias Janmark,1135129.163705781,0.7000000000000001,9000000.0,5,0.2514192000753116
8480245,Olle Lycksell,1126385.6307611302,0.0,787500.0,1,1.179461393467152
8480944,Par Lindholm,1115910.4389735279,0.0,850000.0,1,1.3692152625442058
8475716,Martin Marincin,1113328.8936285968,0.1,700000.0,1,1.3660477222436769
8479933,Gerald Mayhew,1110505.185617165,0.0,700000.0,1,1.3625830498370122
8481618,Alex Newhook,1108596.5516548532,-0.25,8524999.0,5,0.267645929528877
8476779,Brad Hunt,1102888.7469139807,0.12,2200000.0,3,0.4556118470954426
8471426,Troy Brouwer,1089207.6315566353,0.02,850000.0,1,1.3364510816645832
8479985,Cale Fleury,1082189.3113194038,0.11,2390000.0,3,0.3606293132824249
8477937,Jake Virtanen,1077739.0570913893,0.17,2500000.0,2,0.6611896055775395
8480834,Ty Emberson,1068662.6641531487,0.54,2075000.0,2,0.5856789065741989
8470775,Nate Thompson,1065509.8318153536,-0.05,1750000.0,2,0.6536870133836525
8473419,Brad Marchand,1062221.7098750984,0.37,5250000.0,1,1.1122740417540298
8476391,TJ Tynan,1055301.6986969023,0.0,775000.0,1,1.1050279567506829
8480802,Ryan McLeod,1047086.4266619622,1.42,5832167.0,4,0.2373373354184178
8478409,Anthony Richard,1044951.7717974363,0.0,750000.0,1,1.2514392476616003
8477961,John Quenneville,1044894.5929059645,0.0,750000.0,1,1.282079255099343
8466139,Patrick Marleau,1040815.4958436157,0.05,700000.0,1,1.2770742280289764
8474009,Nick Bonino,1036260.0598076227,-0.05,4100000.0,2,0.6280871906617413
8482511,Mason Lohrei,1031331.100476908,0.18,4125000.0,2,0.6084461456171738
8477467,Gustav Olofsson,1003866.8717750779,0.0,775000.0,1,1.2022357745809316
8477384,Josh Brown,1002118.3272753691,-0.17999999999999997,5625000.0,5,0.23773284938514833
8479315,Joey Anderson,988993.3887188303,0.18000000000000002,2300000.0,3,0.3951397287337494
8479348,Kale Clague,985262.9427992218,0.05,1511250.0,2,0.5933657443822665
8476195,Cory Conacher,979616.7608380781,0.0,700000.0,1,1.2019837556295436
8475807,Joakim Nordstrom,974614.4684875766,0.37,2000000.0,2,0.5979229868021942
8478967,Lane Pederson,966976.4532163462,0.04,1485000.0,2,0.5876849262600574
8477433,Ben Harpur,962803.9741032051,0.19,1525000.0,2,0.5954654412785738
8475227,Chris Wideman,961797.416904552,-0.09,1762500.0,2,0.5935245272586562
8478408,Travis Dermott,948727.0936354311,0.71,4674125.0,4,0.27812650272270645
8479974,Nolan Patrick,944429.0976610933,-0.03,874125.0,1,1.1588087087866177
8480011,Klim Kostin,932703.7232390709,0.009999999999999998,2750000.0,2,0.5543930779897729
8479404,Henrik Borgstrom,928445.8592959914,0.0,1000000.0,1,1.1253889203587775
8479376,Victor Mete,927645.4784986757,0.12000000000000001,2685000.0,3,0.37309717523496816
8476439,Brett Ritchie,921294.5987606073,0.04,2600000.0,3,0.3759696634915626
8476415,Kyle Rau,918659.6743644355,0.0,1400000.0,2,0.5648292613461786
8478567,Dean Kukan,917793.7040988001,0.32,4750000.0,4,0.2832121930686968
8476874,Olli Maatta,915097.6434128409,0.73,6000000.0,2,0.513121727928435
8473560,Korbinian Holzer,906495.6017594341,0.11,850000.0,1,1.1122645420361155
8476344,Tyler Graovac,903762.7770293546,0.01,700000.0,1,1.1089113828581039
8478078,Rourke Chartier,903147.0170150895,0.12,750000.0,1,1.0816131940300473
8479547,Matthew Phillips,900672.5174409089,0.0,750000.0,1,1.0786497214861186
8481032,Paul Cotter,882119.2269908339,0.18,2325000.0,3,0.3388374019921206
8477366,Luke Johnson,871816.483085088,0.01,700000.0,1,1.069713476178022
8474027,Justin Braun,850973.6998719573,0.09,3600000.0,2,0.5241112076866288
8478491,Jacob Larsson,847385.1325860198,0.02,2400000.0,2,0.5192558818389625
8481606,Jordan Spence,844393.0373260513,0.09,2320000.0,2,0.3804306738966219
8479366,Logan Brown,836339.8640304573,-0.01,750000.0,1,1.0137452897338877
8474604,Aaron Ness,832916.4152323817,0.0,725000.0,1,1.0219833315734745
8474008,Paul Carey,829162.8264183619,0.0,700000.0,1,1.0173777011268244
8481059,Scott Perunovich,828518.0533829149,0.01,1150000.0,1,0.9414977879351305
8468674,Deryk Engelland,826645.9483783671,0.28,2500000.0,1,1.0398062243753046
8478467,Nicolas Meloche,822129.0348266939,0.17,750000.0,1,1.0087472819959435
8478147,Bokondji Imama,819495.9747019336,0.0,2275000.0,3,0.303533205292971
8474597,Cody Goloubef,817308.8785229053,0.03,800000.0,1,1.0028329797827058
8480441,Trey Fix Wolansky,816086.3411431196,0.0,775000.0,1,0.9773489115486462
8477503,Max Domi,802922.5081989983,-0.42,27400000.0,7,0.11840727896532512
8481056,Spencer Stastney,788968.2203960989,0.26,1750000.0,2,0.3866464007308269
8474697,Mark Borowiecki,786099.0342959274,0.52,5300000.0,4,0.2493705163333499
8480945,Juuso Riikola,783299.5133741496,0.060000000000000005,2000000.0,2,0.48055184869579737
8480259,Ben Jones,781826.1601424786,0.02,775000.0,1,0.8186661362748469
8479414,Nathan Bastian,770081.1300808856,0.039999999999999994,4350000.0,4,0.23657865943803635
8482113,Anton Lundell,768435.7750428765,-0.04999999999999999,6850000.0,3,0.310395085594331
8473449,Kyle Okposo,766457.3115065087,-0.02,2500000.0,1,0.9179129479119865
8481564,Ryan Johnson,761874.7858164167,0.0,925000.0,1,0.8657668020641098
8479550,Tanner Laczynski,756522.4061530156,0.01,1700000.0,2,0.3111702011149142
8476465,Ryan Murphy,750916.2283688501,0.0,650000.0,1,0.9445487149293712
8478056,Clark Bishop,747790.5270103349,0.01,1500000.0,2,0.4587671944848681
8482079,Marco Rossi,745896.0211599013,-0.049999999999999996,1726668.0,2,0.44433847225054357
8479987,Morgan Geekie,744510.3278400269,0.32,10413333.0,5,0.15682632315531952
8479994,Jaret Anderson Dolan,742456.7319605517,0.05,1525000.0,2,0.4247951538637913
8482070,Mitchell Chaffee,741035.086335999,0.0,800000.0,1,0.7759529699853392
8477810,Joel Hanley,736965.056844426,0.88,4475000.0,6,0.1353501136463669
8474610,Zac Dalpe,732023.5697895549,0.01,750000.0,1,0.887301296714612
8476443,Xavier Ouellet,728876.7066111835,0.04,700000.0,1,0.8943272473756853
8480727,Zach Whitecloud,723623.7631068141,1.51,9700000.0,5,0.17981557509175766
8477401,John Hayden,718670.6127079154,0.03,4525000.0,6,0.1156302553278812
8476323,Max McCormick,715719.7724459459,0.0,700000.0,1,0.8781837698723262
8475160,Kyle Clifford,708246.8167133462,0.02,1762500.0,2,0.4314333272573181
8480995,Pontus Holmberg,707443.0716471224,0.14,1600000.0,2,0.4091281719607592
8476447,Miikka Salomaki,702931.1604293408,0.0,750000.0,1,0.8624922213856943
8471724,Kris Letang,702649.9018720022,0.8300000000000001,18300000.0,3,0.27641893470422
8475968,Alex Belzile,700949.2697552948,-0.03,750000.0,1,0.8496354784912664
8471729,Kris Russell,696233.1156430903,0.1,1250000.0,1,0.8542737615252642
8481812,Nikolai Knyzhov,692067.3102571783,0.2,2046667.0,2,0.4099097905537879
8474131,Mario Kempe,683971.2813365489,0.06,700000.0,1,0.8603412343855961
8480873,Rasmus Sandin,674596.3563266224,0.45000000000000007,12388334.0,5,0.19422017839870218
8481617,Vasily Podkolzin,669014.3132664559,0.08,2850000.0,3,0.1647063183283918
8481441,Joe Snively,658589.746914096,0.01,1600000.0,2,0.3994765237312625
8475832,Tom Kuhnhackl,657534.6979933488,-0.03,850000.0,1,0.8067910404826366
8479345,Jakob Chychrun,657311.9974930687,1.24,36600000.0,7,0.12160963059587157
8476476,Joe Morrow,650931.7983383526,0.09,1000000.0,1,0.8187821362746575
8480032,Shane Bowers,650452.0455360834,0.0,775000.0,1,0.7789844856719561
8477046,Joakim Ryan,642880.7298774655,0.0,725000.0,1,0.7888107115060926
8478146,Matthew Highmore,640120.9034659769,0.16,2200000.0,3,0.2620885537449982
8484145,Zach Benson,637504.8117782092,0.27,1900000.0,2,0.3180750944048263
8477343,Tyler Lewington,625844.2776423368,0.01,1375000.0,2,0.3839535445658508
8474066,Thomas Hickey,616415.3901708305,0.0,2500000.0,1,0.7563379020500989
8476430,Tomas Jurco,615388.593732375,0.0,750000.0,1,0.7550780291194785
8482111,Justin Barron,615028.2200021928,0.09,3000000.0,3,0.22880771524724178
8479291,Kevin Rooney,606087.3670567647,0.5900000000000001,4200000.0,5,0.15044129990780528
8480147,Oscar Fantenberg,602183.0944045117,0.13,650000.0,1,0.7574630118295744
8479705,Jeffrey Viel,600415.4406634031,0.05,2275000.0,3,0.18034200724518687
8475752,Tyler Pitlick,579279.6783938493,0.11,4250000.0,3,0.2298506595693249
8474125,Carl Gunnarsson,575480.1835801553,0.27,3500000.0,2,0.3530553273497885
8478046,Danton Heinen,571521.1976666444,0.54,10725000.0,6,0.09477476154693325
8479359,Beck Malenstyn,563520.8506169587,0.13,2875000.0,3,0.23958909587570987
8474873,Brian Lashoff,563442.4915933742,0.02,700000.0,1,0.6913404804826676
8481533,Trevor Zegras,557993.8151921838,-0.53,13350000.0,4,0.24768581176926796
8480467,Austin Strand,552557.5790266423,0.03,1506750.0,2,0.3384935397652335
8478841,Colton White,546652.8541281639,0.13,1450000.0,2,0.33256841631502954
8481554,Kaapo Kakko,537491.9653670995,0.27,7275000.0,5,0.12197785468490911
8477402,Pavel Buchnevich,519814.76849138644,1.42,31900000.0,6,0.1788032728290577
8479356,Kieffer Bellows,519116.7023161811,0.03,750000.0,1,0.6292323664438558
8477502,Samuel Morin,495939.20522106165,0.03,2100000.0,3,0.2054454592770658
8479439,Jacob MacDonald,493886.60630936024,-0.01,1487500.0,2,0.2977459554105802
8479387,Keaton Middleton,491179.47509890835,0.0,775000.0,1,0.514324057695192
8476409,Alan Quine,486456.3376127619,0.0,735000.0,1,0.5968789418561495
8478432,Christian Fischer,481010.1263361057,0.29000000000000004,4250875.0,4,0.143114804796443
8477887,Patrick Brown,469444.1354468109,0.08,3700000.0,5,0.11843844643778785
8481527,Kaedan Korczak,458166.30564910744,0.26,1614167.0,2,0.17149811302126827
8478451,Ethan Bear,453467.2014350262,0.11,6200000.0,3,0.1839739650230309
8477850,Christian Folin,436981.11099238566,0.03,800000.0,1,0.5361731423219456
8474611,Cameron Gaunce,436664.64068923617,0.0,700000.0,1,0.5357848352015168
8479421,Jacob Moverare,432189.8783234981,0.06,2300000.0,3,0.15816127102875818
8471794,Darren Helm,427878.8124479536,-0.01,1000000.0,1,0.5186409847853983
8479268,Casey Nelson,416677.73655916995,0.09,812500.0,1,0.5241229390681383
8480292,Carson Meyer,409383.17342971213,0.01,775000.0,1,0.49027924961642166
8479644,Matt Luff,405162.20624275145,0.04,1450000.0,2,0.24522151202113895
8478904,Steven Lorentz,402169.60071673186,0.8099999999999999,4900000.0,5,0.08414946622711936
8477932,Aaron Ekblad,401237.73350569286,0.01,6100000.0,1,0.42014422356617054
8480965,Antti Suomela,400216.8635094338,0.0,700000.0,1,0.4910636362078943
8481704,Juuso Parssinen,399977.80811871355,0.03,2100833.0,2,0.241439852954361
8479393,Noah Gregor,391048.4710796187,0.35,4093333.0,5,0.07108707120965521
8476427,Ty Rattie,390290.75105127215,0.04,800000.0,1,0.4909317623286442
8480853,Liam Foudy,383726.3966289961,0.09,3313334.0,4,0.10988285292491418
8480883,Ty Smith,382206.9332548434,0.06,863334.0,1,0.4689655622758815
8476807,Matt Tennyson,374415.0499636171,0.07,1400000.0,2,0.2297024846402559
8480443,Kristian Reichel,374364.0495878117,0.0,775000.0,1,0.4537746055609838
8470601,Braydon Coburn,372061.7736789137,0.04,3400000.0,2,0.22825875685822927
8474774,Dalton Prout,371260.9400571885,0.03,800000.0,1,0.46699489315369624
8475186,John Moore,365372.2006609483,0.0,8250000.0,3,0.14943648288791334
8471392,Roman Polak,357305.72064908233,0.2,1750000.0,1,0.4384119271767881
8482089,Jake Neighbours,354380.0476824631,0.42,5421668.0,3,0.14258941563059446
8480252,Cole Guttman,351602.0942539844,-0.08,950000.0,1,0.4210803523999813
8481754,Nikita Nesterenko,351599.27573512413,0.04,1712500.0,2,0.1350683222094501
8481751,Lukas Rousek,341080.6672207851,0.02,775000.0,1,0.4084798409829762
8483524,Shane Wright,338733.2157744158,0.17,1773332.0,2,0.17478464428792528
8477979,Nicolas Aube Kubel,331905.9950927363,0.16,5575000.0,5,0.04186435892084015
8481638,Joakim Nygard,328209.1626430226,0.0,875000.0,1,0.40271062900984367
8480226,Marian Studenic,326878.78962607164,0.0,1500000.0,2,0.19712132548365807
8478449,Roope Hintz,322441.47518908157,4.48,31650000.0,5,0.14227386527134095
8475208,Brian Dumoulin,322389.2511364571,0.73,6300000.0,2,0.17173422709857822
8466138,Joe Thornton,319175.02820403443,0.09999999999999999,7700000.0,3,0.13054193382578103
8482623,Josh Dunne,310923.7033146824,0.02,775000.0,1,0.32557455844469363
8477240,Carter Rowney,298950.7685960223,0.41000000000000003,3399999.0,3,0.12227025300450804
8479992,Michael Rasmussen,291156.2712951612,0.1,9320000.0,4,0.14050881598917742
8475857,Kevin Gravel,290872.9356237093,0.0,700000.0,1,0.35689930751375376
8475172,Nazem Kadri,268127.0236217659,1.48,21000000.0,3,0.05630805212543925
8480780,Lukas Radil,266880.89924376796,0.01,700000.0,1,0.32746122606597294
8478495,Denis Gurianov,266739.0203390061,0.45,5450000.0,2,0.1680874244465238
8478040,Austin Poganski,263609.6353777335,0.01,700000.0,1,0.3234474053714521
8480879,Jacob Bernard Docker,260532.51651592227,0.17,4385000.0,5,0.014811471429021995
8481013,Jonatan Berggren,259625.9562570589,0.05,2750000.0,2,0.0900473514163107
8482241,Radim Zohorna,253902.7738145153,0.02,1500000.0,2,0.15264106152994578
8478528,Tanner Kero,253163.51300207837,0.02,750000.0,1,0.3106300773031636
8476983,Paul LaDue,251778.09370452017,0.0,825000.0,1,0.30893017632456465
8482067,Connor Mackey,251405.01408847078,0.0,1825000.0,2,0.15077463760541054
8477244,Chad Ruhwedel,246210.51023473567,1.04,3750000.0,5,0.06470846413906366
8479465,Drake Caggiula,239095.36170208274,0.15,4450000.0,4,0.07492014034166242
8482092,Ridly Greig,238332.13685137627,0.21,4113334.0,2,0.12741771526015677
8477472,Carl Dahlstrom,235015.75092777764,0.02,850000.0,1,0.2883628845739603
8480990,Declan Chisholm,234247.1586883448,0.06,1600000.0,1,0.24528498291973277
8479518,Fredrik Karlstrom,233845.89317942737,0.0,750000.0,1,0.283449567490215
8476440,Markus Granlund,233310.69682297818,-0.12,1475000.0,1,0.29347257462009835
8477448,Marko Dano,231791.76607739303,0.0,800000.0,1,0.28440707494158657
8482072,Jack Ahcan,229126.59760262704,0.04,1700000.0,2,0.10859332389457466
8478075,Anders Bjork,208584.44948648592,0.09,3200000.0,2,0.12331668562765108
8477974,Ryan MacInnis,208030.4542331777,0.02,1574125.0,2,0.12762604554182683
8478485,Zach Senyshyn,203896.15007203605,0.0,700000.0,1,0.250179325241762
8480021,Jack Studnicka,202805.7582013357,0.04,762500.0,1,0.2428811475465098
8481813,Gaetan Haas,200200.23888872756,0.09,915000.0,1,0.24564446489414427
8475233,David Savard,200030.30326028133,-0.57,10500000.0,3,0.09604004096198453
8477529,Colby Cave,198990.78807216644,0.01,675000.0,1,0.2441604761621674
8476326,Josh Archibald,192247.1966051886,-0.060000000000000005,3000000.0,2,0.1179430654019562
8478888,Cameron Hughes,185781.11834080477,0.0,792500.0,1,0.2279522924427052
8476449,Scott Harrington,185392.13576233014,0.06999999999999999,4899999.0,3,0.07311028521431966
8480946,Dominik Kahun,183643.21854924105,0.02,925000.0,1,0.2253291025144062
8479383,Boris Katchouk,180516.75573142048,0.17,1516666.0,2,0.10935127548758367
8482470,Ilya Solovyov,177596.14801079803,0.05,775000.0,1,0.18596455289088798
8479982,Conor Timmins,175881.15140166332,0.22000000000000003,2875000.0,3,0.056705222997824135
8471274,Alex Goligoski,174961.3688806838,0.060000000000000005,4000000.0,2,0.10852802420623964
8482133,Thomas Bordeleau,170888.75202182902,-0.060000000000000005,2750001.0,3,0.07230743122760923
8474145,Robert Bortuzzo,154165.15902510518,0.13,6025000.0,5,0.03564900585481534
8480796,Martin Fehervary,152832.22539726674,0.32,2675000.0,1,0.17367298340598492
8480326,Sheldon Dries,135628.39775915374,0.18000000000000002,3194250.0,4,0.037961104738291895
8480871,Adam Boqvist,135275.71680695092,-0.019999999999999997,7838334.0,5,0.01851512996068825
8470151,Jay Bouwmeester,129796.74659967152,0.26,3250000.0,1,0.15925981177873805
8476166,Taylor Fedun,123647.21147417581,0.06,737500.0,1,0.15171436990696419
8474089,Brad Malone,120536.74718898314,0.0,762500.0,1,0.14610514810785835
8478472,Mathieu Joseph,107886.5506242459,0.86,10325000.0,5,0.07471689687990235
8471685,Anze Kopitar,102827.52823971727,0.6,14000000.0,2,0.062005620633474035
8477996,Juho Lammikko,93558.57179109282,0.02,725000.0,1,0.11479579360870285
8480041,Dmitri Samorukov,92421.40564680658,0.0,775000.0,1,0.11202594623855344
8475765,Vladimir Tarasenko,91620.19772122102,0.36,9750000.0,2,0.026061493921101686
8482073,Braden Schneider,83696.80652062269,0.8500000000000001,4050000.0,3,-0.05908581732727858
8470966,Mark Giordano,81619.97559334175,0.8,1600000.0,2,0.05176537589982977
8480072,Lias Andersson,65031.89092748503,0.0,874125.0,1,0.0788265344575576
8481534,Raphael Lavoie,56901.02493580095,0.0,1649125.0,2,0.032187620717349874
8481070,Hugh McGing,51712.42804440018,0.0,750000.0,1,0.06193105155017986
8476423,Reid Boucher,51380.92388867928,0.0,725000.0,1,0.06463009294173494
8479516,Garrett Pilon,49355.00845356186,0.0,750000.0,1,0.06055829258105749
8484321,Nikolas Matinpalo,48470.98826071483,0.16,1650000.0,2,0.013842283432974889
8476453,Nikita Kucherov,37801.54482611315,6.83,47500000.0,5,-0.06025182389745254
8477986,Brandon Montour,34412.418840826955,-0.26,24767857.0,6,0.0602013607069171
8477210,Buddy Robinson,29643.24963344005,0.04,2150000.0,3,0.009344966775972297
8478436,David Kase,26568.4904477867,0.0,768333.0,1,0.032599374782560364
8479526,Otto Koivula,23037.71256178984,0.0,750000.0,1,0.027924500074896774
8482126,Emil Andrae,22610.627001070316,0.19,1806666.0,2,0.017098844538340985
8478996,Adam Brooks,13062.749222470942,0.03,1450000.0,2,0.00801395657820303
8479466,Patrick Russell,7539.253824584118,0.03,700000.0,1,0.009250618189673765
8478042,Viktor Arvidsson,6437.551054947241,0.18,4000000.0,1,0.006740891157012818
8480901,Karson Kuhlman,1825.9233106258907,0.16,2200000.0,3,-0.00031095351648576425
8478508,Yakov Trenin,899.9152080421336,0.75,8350000.0,5,0.05745619529844483
8478477,Mitchell Stephens,87.42128380163695,-0.01,737500.0,1,0.00010726537889771404
8481043,Cole Koepke,-10345.051669631794,0.04,1550000.0,2,-0.03528431341400495
8478062,Dysin Mayo,-24906.936403566717,-0.01,950000.0,1,-0.03019022594371723
8478058,CJ Suess,-30532.30976170362,0.0,725000.0,1,-0.03700886031721651
8469465,Dan Hamhuis,-37790.251670830745,0.06,1250000.0,1,-0.04636840695807454
8474679,Gustav Nyquist,-38509.92839102374,0.6,17370000.0,4,-0.03803103719019796
8478028,Fredrik Olofsson,-54667.15202495063,-0.07,775000.0,1,-0.06546964314365344
8479580,Dylan Gambrell,-57904.07187005307,0.33999999999999997,2350000.0,3,-0.02129184201434542
8477931,Tomas Nosek,-59214.19120109873,0.29000000000000004,8487500.0,7,-0.024621459337518026
8477478,William Carrier,-61327.890151377374,0.43,8325000.0,6,-0.019013565525794862
8479252,Dan Renouf,-69977.02687144105,0.0,1550000.0,2,-0.04105428450631826
8479419,Brett Murray,-79467.12942708313,0.03,775000.0,1,-0.0975056802786296
8479536,Axel Jonsson Fjallby,-81390.63789955706,0.03,750000.0,1,-0.09865531866612975
8481522,Peyton Krebs,-84680.85167161119,0.15,3176668.0,3,-0.07452764187860612
8477126,Jayson Megna,-86351.70475257142,0.0,2200000.0,3,-0.03255448901566327
8476207,Brian Gibbons,-101528.89513287198,0.02,1000000.0,1,-0.12457533145137667
8476922,Boo Nieves,-103650.98146733534,0.0,700000.0,1,-0.12717911836482865
8480789,Oliver Wahlstrom,-124306.13125671598,0.42000000000000004,2662459.0,3,-0.07282075566314732
8477964,Ivan Barbashev,-125410.22613394063,0.65,20200000.0,6,0.00843423963043477
8478057,Dakota Joshua,-136662.48048621463,0.51,8867500.0,5,-0.005397743349870953
8474602,Justin Schultz,-136712.76188014518,0.020000000000000018,11000000.0,3,-0.06057407033813315
8471260,Blake Comeau,-138114.5345128696,-0.1,5800000.0,3,-0.056488562172952804
8478407,Vince Dunn,-140683.4850770724,-0.17,24575000.0,5,0.07451325497384938
8477520,Jean Sebastien Dea,-146911.9191532606,0.02,1350000.0,2,-0.08544491534438253
8478561,Andreas Martinsen,-147799.6497286825,0.01,650000.0,1,-0.1859115090926824
8481517,Brett Leason,-153573.8615997805,0.07,2600000.0,3,-0.08895802608837648
8479333,Libor Hajek,-153721.7735887434,0.04,874125.0,1,-0.18632942253181017
8479546,Oskar Steen,-155079.19487438776,0.05,2409167.0,3,-0.0654155835638404
8481655,Cole Schwindt,-160363.6681736342,0.02,800000.0,1,-0.1679200713860044
8480205,Emil Bemstrom,-161852.93042321398,0.05,3650000.0,4,-0.07055515253333372
8476043,Ben Street,-167429.28002528806,0.0,750000.0,1,-0.20543469941753134
8481178,Egor Zamula,-169952.61563489772,0.19,3231667.0,3,-0.04746625173538651
8479602,Jeremy Davies,-181220.59267145992,0.0,750000.0,1,-0.21966132445025444
8478868,Christian Jaros,-182567.35644673195,0.02,750000.0,1,-0.22400902631500852
8480891,Michael Kesselring,-183841.59849374398,0.18,2325000.0,2,-0.12106118955649814
8476953,Trevor Carrick,-192142.57095412677,0.0,700000.0,1,-0.24168876849575693
8477009,Jake Dotchin,-197932.04513271325,0.03,812500.0,1,-0.24897112595309845
8480848,Ty Dellandrea,-199871.50794124522,-0.11,3063334.0,3,-0.14516823320029312
8475231,Casey Cizikas,-200180.7922569369,0.44,10000000.0,4,-0.054758575779795704
8477471,Dillon Heatherington,-200905.06659646553,0.0,750000.0,1,-0.24352129284420065
8482088,Justin Sourdif,-204251.0748988944,0.12,1672500.0,2,-0.17867878589980313
8478074,Anthony Angello,-204486.31434775275,0.0,725000.0,1,-0.2509034531874267
8483464,Marco Kasper,-207326.42236043085,0.0,886666.0,1,-0.21709573022034645
8479482,Michal Kempny,-218091.0672404652,0.25,5000000.0,2,-0.13313485661246638
8481206,John Ludvig,-223241.95375273342,0.02,775000.0,1,-0.2536840383553789
8482408,Jeff Malott,-231936.5578682436,0.03,775000.0,1,-0.24286550562119746
8479320,Maxime Lajoie,-232935.51504750527,0.01,1500000.0,2,-0.14447942413335363
8477435,Ryan Graves,-248239.46796251694,1.54,19885001.0,7,0.024736592952515783
8475209,Richard Panik,-251101.58667462785,0.04,5500000.0,2,-0.15405005317461828
8477963,Jayce Hawryluk,-261621.03185328588,0.03,874125.0,1,-0.32100740104697656
8473914,Mark Letestu,-262649.3336156824,0.0,750000.0,1,-0.32226912100083727
8474176,Carl Hagelin,-264875.8249076931,0.86,8250000.0,3,-0.10833367071889288
8483619,Filip Roos,-266322.3540950914,0.0,925000.0,1,-0.3189489270599897
8480887,Jordan Harris,-270137.3117424927,0.38,3642500.0,3,-0.08177196979508043
8477330,Dominik Kubalik,-273729.59627807565,0.30999999999999994,9900000.0,3,-0.1146854935515395
8475768,Jaden Schwartz,-275170.8143895448,1.63,22000000.0,4,-0.09266955897924012
8480281,Alexei Toropchenko,-308031.5394421503,0.39,3700000.0,3,-0.11307633455394601
8471675,Sidney Crosby,-311573.2966701785,0.84,8700000.0,1,-0.32625476091118166
8481708,Zac Jones,-320304.6377226813,0.1,3475000.0,4,-0.12600005791232888
8476545,Kurtis Gabriel,-320584.363296005,0.0,700000.0,1,-0.3933550469889632
8482762,Simon Edvinsson,-326648.39390956983,0.02,894167.0,1,-0.3911956813288262
8471284,Andrej Sekera,-327996.28134904825,0.19,3000000.0,2,-0.2012247124840787
8482705,Cole Sillinger,-328677.46325887257,-0.29,5025000.0,4,-0.12372109968568268
8477473,Justin Bailey,-344126.1047540994,0.01,2215000.0,3,-0.1407468731100611
8475268,Gabriel Bourque,-350923.4780155076,0.22,950000.0,1,-0.4414131798937202
8476466,Sven Baertschi,-361775.89030586835,0.03,3366667.0,1,-0.44389679792131087
8480448,Parker Kelly,-365660.0725334933,0.35,2350000.0,3,-0.19198077233715352
8476459,Mika Zibanejad,-366175.08013974875,4.53,34000000.0,4,-0.14287517524028193
8478949,Kole Sherwood,-372831.12430365704,0.0,735000.0,1,-0.45746150221307613
8474685,Matt Calvert,-377446.88189465646,-0.02,5700000.0,2,-0.23156250422985059
8480015,Owen Tippett,-401924.2554098603,-0.27999999999999997,13900000.0,3,-0.06065380921033444
8479369,Andrew Peeke,-404291.66774857946,-0.39999999999999997,10870832.0,6,-0.07148171223367876
8479578,Casey Fitzgerald,-408163.88917085796,0.07,750000.0,1,-0.4947441080858884
8475729,Mark Alt,-420238.9567866474,0.0,725000.0,1,-0.5286024613668521
8483630,Pavol Regenda,-428166.21790683456,0.0,855000.0,1,-0.5127739136608798
8482101,Danil Gushchin,-430056.85652840463,0.01,828334.0,1,-0.5150381515310235
8478882,Vladislav Gavrikov,-437982.2751173035,0.24000000000000002,18275000.0,5,-0.08230751209693858
8470047,Valtteri Filppula,-446763.79147975845,-0.72,5750000.0,2,-0.2740882156317537
8479972,Mason Shaw,-457097.9776187941,0.16,1500000.0,2,-0.2747526731077892
8478373,Nikita Soshnikov,-457368.97730201454,0.0,800000.0,1,-0.5753068896880686
8481560,Arthur Kaliyev,-460375.9997076532,0.31,2613334.0,3,-0.2542305033572663
8471699,Andrew Cogliano,-467379.3983984133,1.05,12000000.0,5,-0.12467727484402258
8480980,Connor Dewar,-469202.45247950393,1.01,2780000.0,3,-0.23640093521194397
8481122,Simon Benoit,-471467.4130948556,0.08000000000000002,4259166.0,4,-0.14609198592064931
8476907,Mackenzie MacEachern,-475118.48140185885,0.06,2550000.0,3,-0.19432248728092386
8475754,Brock Nelson,-475719.5334979526,1.61,43500000.0,7,-0.07864403833328648
8480844,Grigori Denisenko,-476358.9947919219,0.01,2775000.0,3,-0.18902025238159914
8480813,Joe Veleno,-476533.8976155354,0.13,3994167.0,3,-0.1883710486323175
8480935,Lawrence Pilut,-477602.54295425396,0.04,925000.0,1,-0.586015390127919
8481598,Philip Broberg,-482487.14357270906,0.67,5444251.0,2,-0.383353516925952
8474581,Jake Gardiner,-487854.4319776179,0.11,4050000.0,1,-0.5985943950645618
8480874,Adam Ginning,-487859.25216498366,0.03,1671250.0,2,-0.3348733988267617
8482055,Drew O'Connor,-488709.91686882696,0.33999999999999997,5100000.0,4,-0.15465277481715625
8482146,Luke Evangelista,-490245.93197890423,-0.21,797500.0,1,-0.5871208766214422
8480762,Eric Robinson,-497571.86315493385,0.38,7724125.0,6,-0.08526516426431023
8475236,Cody Eakin,-504285.29183291766,0.13,2250000.0,1,-0.6187549593041934
8476392,Adam Lowry,-505531.1694661543,0.5800000000000001,22083332.0,7,-0.10730190191138275
8482105,Jake Sanderson,-511995.9164055125,-0.53,17025000.0,3,-0.09867012727013158
8476356,Tobias Rieder,-513510.1550820585,0.16,2700000.0,2,-0.315036904958318
8481626,Arttu Ruotsalainen,-526296.065375324,-0.01,925000.0,1,-0.6457620434053055
8482679,Matt Coronato,-526296.7161944201,0.07,8350000.0,3,-0.12778994102626395
8480267,Samuel Walker,-530053.9043180448,0.0,855000.0,1,-0.6347950949916703
8474613,Derek Stepan,-531231.6803048786,0.1,1350000.0,1,-0.6439171882483377
8481572,Ville Heinola,-536301.9605600664,0.05,3390002.0,4,-0.23860691186382138
8474884,Mike Hoffman,-540935.8846021176,0.54,13000000.0,3,-0.2074413345598026
8475758,Devante Smith Pelly,-546444.1989830834,-0.13,1000000.0,1,-0.687351193689413
8478434,Keegan Kolesar,-548813.8615119373,0.47000000000000003,6750000.0,5,-0.11044898101802406
8480196,Jacob Bryson,-552779.1059488024,0.61,5489166.0,4,-0.15409458705657222
8478424,Jansen Harkins,-554900.8915392541,0.39999999999999997,3937500.0,5,-0.1607616672737328
8476399,Blake Coleman,-561092.4133275163,1.43,25000000.0,7,-0.08062089127336725
8480880,Jakub Lauko,-572128.6688256618,0.04,787500.0,1,-0.6501462145746156
8473546,Michael Grabner,-588472.0759999524,0.29,3350000.0,1,-0.7220516269938067
8481481,Blake Lizotte,-596120.9972008469,1.56,7850000.0,6,-0.1372389446785851
8482699,Dylan Guenther,-596763.6410988851,0.45,8037051.0,2,-0.2163357049686473
8476460,Mark Scheifele,-596831.0705285629,0.9199999999999999,17000000.0,2,-0.3508011814960703
8481186,Logan O'Connor,-599891.195539168,0.65,5725000.0,6,-0.12967141953765604
8480806,Isac Lundestrom,-604887.3627254346,0.020000000000000018,5449125.0,5,-0.15092216336806122
8477846,Ryan Carpenter,-609056.8021757575,-0.11,3750000.0,4,-0.18194170445948243
8474573,Josh Bailey,-614855.2296813554,1.07,25000000.0,5,-0.14751207450119708
8480037,Aleksi Heponiemi,-624410.2727274848,0.0,925000.0,1,-0.7661475738987544
8481641,Joel Kiviranta,-630020.7335327312,0.4,3800000.0,4,-0.20355233040375637
8482516,Matthew Kessel,-638869.0213025697,0.15,1683750.0,2,-0.37324584839615
8481568,Alex Vlasic,-642882.4966690672,0.5700000000000001,11033334.0,4,-0.14755958252798895
8478173,Hayden Hodgson,-643322.6539084427,0.0,1525000.0,2,-0.3855952507331261
8481532,Alex Turcotte,-653824.0490923133,0.11,1669167.0,2,-0.46952555308981603
8481556,John Beecher,-661928.594443016,0.04,1825000.0,2,-0.3985876868174178
8479347,Tyler Benson,-662735.4922654192,0.0,750000.0,1,-0.8033157482005081
8475176,Ryan Ellis,-673527.4891084095,0.56,18750000.0,3,-0.27547136568851105
8478465,Guillaume Brisebois,-694678.9302051497,0.06,1450000.0,2,-0.43224888400421796
8476288,Ryan Dzingel,-701629.6142956937,0.06,6750000.0,2,-0.4304476161323274
8475764,Cam Fowler,-713498.7562502064,-1.13,52000000.0,8,-0.13292172409169656
8482634,Alex Steeves,-719607.5388473847,0.07,2443334.0,3,-0.34167283297479684
8482730,Brandt Clarke,-723601.563713258,0.06,863334.0,1,-0.866588699057794
8477971,Andreas Englund,-723899.7140526345,0.21000000000000002,3225000.0,4,-0.21066760610201984
8477213,Tim Schaller,-732896.7482899075,0.35,1900000.0,1,-0.8992598138526473
8481477,Nico Sturm,-738601.1670490688,0.5700000000000001,9249125.0,7,-0.09720820310949471
8480884,Calen Addison,-757738.4771021676,0.02,795000.0,1,-0.929740462702046
8480831,Alec Regula,-781462.028935406,0.04,1733334.0,2,-0.47799213850803424
8481105,Otto Leskinen,-786493.0084468055,0.0,925000.0,1,-0.9650220962537492
8475820,Joonas Donskoi,-801776.4151584527,0.22999999999999998,7800000.0,2,-0.4918873712628544
8479316,Luke Kunin,-810690.9768584452,-0.56,10100000.0,4,-0.2342670449605191
8482124,Quinton Byfield,-817175.1185054575,0.5700000000000001,8932501.0,4,-0.21594223177241467
8481167,Brayden Pachal,-820484.7022963369,0.37,3502500.0,4,-0.23554208196702553
8481521,Ronnie Attard,-820629.9569344815,0.03,1767500.0,2,-0.49168433498286335
8481077,John Leonard,-820646.4765276548,0.01,1675000.0,2,-0.49969751770041115
8482712,Oskar Olausson,-859159.4653920261,0.0,863334.0,1,-1.0289334914874564
8481599,Victor Soderstrom,-859468.963667138,0.1,1726668.0,2,-0.5250376381946011
8474688,Greg Pateryn,-867131.3963923471,0.08,6750000.0,3,-0.3546549678496307
8479525,Ross Colton,-875056.1585723879,0.33999999999999997,10950000.0,5,-0.13584215558959017
8479335,Rasmus Asplund,-876148.6901933673,0.06,1670000.0,2,-0.537395465853369
8480814,Nicolas Beaudin,-876334.0842668241,0.0,863334.0,1,-1.0752565451126677
8473504,Cal Clutterbuck,-879153.5161785113,0.38,3500000.0,2,-0.528192418517502
8477455,Jacob De La Rose,-879508.7036141292,-0.12000000000000001,1800000.0,2,-0.5395758917878093
8477454,Adam Erne,-883222.6989447273,0.029999999999999992,7047500.0,5,-0.20505417485785532
8479338,Markus Niemelainen,-889306.3495824642,0.02,762500.0,1,-1.0779470904029869
8479388,Riley Stillman,-893640.2761991787,0.26,5021666.0,5,-0.24714169619790538
8475170,Brayden Schenn,-898212.4005274315,2.27,39000000.0,6,-0.1857788055734324
8470604,Jeff Carter,-899967.7809706707,0.13,6250000.0,2,-0.5402015106760458
8475745,Charlie Coyle,-903525.2990551232,1.41,31500000.0,6,-0.21460031774406074
8479367,William Lockwood,-903756.2583553558,0.03,1592500.0,2,-0.5515057058520546
8481711,Matias Maccelli,-915193.3675502338,0.12,7703333.0,3,-0.3271804158445948
8480008,Adam Ruzicka,-916174.2667302671,0.02,1564166.0,2,-0.5678328493274017
8475191,Reilly Smith,-916803.9739247549,0.83,12000000.0,3,-0.38311522383118435
8482451,Mikael Pyyhtia,-923809.4652169195,0.04,897500.0,1,-1.1063586409783468
8480314,Max Veronneau,-933825.8007387969,0.0,925000.0,1,-1.1457985285138612
8483505,Matthew Poitras,-945913.9108767387,0.02,1740000.0,2,-0.5326632938104459
8483482,Tristan Luneau,-952431.2336084837,0.02,865000.0,1,-1.0823082200096406
8474564,Steven Stamkos,-969252.7536606848,-0.13,8000000.0,1,-1.014924349382916
8482176,Wyatt Kaiser,-972061.7385789226,0.48000000000000004,2750001.0,3,-0.4017507280690369
8479322,Wade Allison,-974920.1827378308,0.0,925000.0,1,-1.1962210831139028
8472382,Andy Greene,-976535.8526867279,0.43,700000.0,1,-1.198203500229114
8481518,Nolan Foote,-991960.139384599,0.0,863334.0,1,-1.2171290053798762
8481679,Maxence Guenette,-1000657.4071305824,0.02,813333.0,1,-1.1983921043480028
8480293,Wyatt Kalynuk,-1007449.5103040165,0.01,925000.0,1,-1.2361343684711859
8477951,Nick Schmaltz,-1011089.4009678871,1.23,40950000.0,7,-0.23803249469572801
8473446,Erik Johnson,-1011565.2375637629,0.11,3250000.0,1,-1.1495059517770034
8474013,Ian Cole,-1012460.888740422,1.57,24450000.0,7,-0.19811818043497517
8477038,Nikita Gusev,-1045786.1867383939,0.07,4500000.0,1,-1.2831732352618328
8477462,Robert Hagg,-1064247.0121977595,0.15,6300000.0,5,-0.2614938446243594
8476467,Jamie Oleksiak,-1075629.0344493415,1.15,24812500.0,7,-0.1478690097980721
8476921,Jordan Martinook,-1082534.6965053407,1.67,12450000.0,6,-0.22441824919180395
8474207,Nick Holden,-1087288.7641559069,0.16,6900000.0,4,-0.33125206104922184
8471242,Mike Green,-1101815.6233036302,-0.17,10750000.0,2,-0.6852875632224977
8482635,Mike Hardman,-1107784.4865820163,0.02,1712500.0,2,-0.6797787074207855
8478569,Noel Acciari,-1113069.2501584152,0.91,10250001.0,6,-0.19748778873542863
8479520,Brandon Duhaime,-1124664.1400679068,0.43000000000000005,4450000.0,4,-0.3135001949141598
8476880,Tom Wilson,-1128816.5449368353,1.8,38833335.0,7,-0.22704397965036385
8479981,Jonah Gadjovich,-1159536.8976375267,0.03,1525000.0,2,-0.6800575342832847
8481720,Nicholas Abruzzese,-1167709.8159099992,0.0,850000.0,1,-1.4154058374666656
8482496,Nils Aman,-1171674.361248749,0.11,1708750.0,2,-0.7274332504762965
8481058,Jesse Ylonen,-1180819.6366237842,-0.01,1761666.0,2,-0.7214580899991412
8477070,Liam O'Brien,-1181494.8002082512,0.12000000000000001,4250000.0,5,-0.26626667061869075
8481690,Tyler Angle,-1189022.4101361672,0.0,850833.0,1,-1.423978934294811
8479573,Mikhail Maltsev,-1189575.1870811575,0.01,809167.0,1,-1.4596014565412974
8469459,Mikko Koivu,-1191580.8294863312,0.009999999999999995,11000000.0,2,-0.7331840897441508
8480071,Robin Salo,-1205067.8284669612,0.02,842500.0,1,-1.4606882769296499
8479442,Troy Stecher,-1214747.001048949,0.89,11187500.0,7,-0.24411750051614758
8479407,Jesper Bratt,-1228979.3002602814,2.19,29125000.0,5,-0.19931147536713648
8474230,Micheal Haley,-1230539.2483204142,0.0,700000.0,1,-1.5098641083686064
8474062,Riley Nash,-1241631.9371371963,0.2,8250000.0,3,-0.5078249231644975
8479346,Dillon Dube,-1243347.1330336404,0.37,4600000.0,2,-0.7440404038919677
8479991,Jake Leschyshyn,-1272417.9499637175,0.0,766667.0,1,-1.5238538322918773
8479671,Mathieu Olivier,-1272735.3776542963,0.2,6680000.0,5,-0.29651973193370174
8483397,Marc McLaughlin,-1300485.8424859801,0.0,1767500.0,2,-0.784315878894715
8480845,Rasmus Kupari,-1301604.4807662026,0.07,1863334.0,2,-0.7938219267958839
8480860,Kevin Bahl,-1314630.1207324672,0.5900000000000001,7195000.0,3,-0.49904370772586454
8481640,Lean Bergmann,-1333880.1000441834,0.0,836667.0,1,-1.636662699440716
8478975,Mason Marchment,-1334794.7624540692,0.58,14300000.0,4,-0.3638658281707082
8481580,Connor McMichael,-1334854.5824996808,0.12,3826668.0,3,-0.6434053823819709
8481550,Adam Beckman,-1346772.2378588587,0.0,894167.0,1,-1.632451197404677
8476925,Colton Sissons,-1347814.5400733217,-1.06,17142858.0,6,-0.2603991310044907
8481575,Lassi Thomson,-1351181.366883566,0.0,863334.0,1,-1.6377955962225041
8480890,Jan Jenik,-1363816.0290807013,0.0,795000.0,1,-1.6733939007125167
8475177,Calvin de Haan,-1389060.438590508,0.74,19825000.0,6,-0.31498338365469664
8483597,Milos Kelemen,-1389212.7953177313,0.0,817500.0,1,-1.6637278985841095
8480056,Jack Rathbone,-1432083.4224315728,0.03,1850000.0,2,-0.8745421358372862
8479523,Lucas Carlsson,-1435969.4991552816,0.03,1542500.0,2,-0.8803612276598172
8480855,Jack McBain,-1436688.7944302121,0.18000000000000002,4967498.0,4,-0.4485130355457536
8482125,Alexander Holtz,-1458719.97100847,-0.09000000000000001,1788334.0,2,-0.8782679013230075
8478444,Brock Boeser,-1465031.6090943043,2.02,37575000.0,6,-0.3044634112067845
8477488,Brett Pesce,-1473544.3680854633,4.69,29650000.0,7,-0.23731654141921624
8482652,Walker Duehr,-1484187.6012719523,0.06,2477500.0,3,-0.5925602025960286
8480184,Gustav Lindstrom,-1498429.1107792053,0.14,2475833.0,3,-0.6127315497964981
8480979,Nathan Smith,-1498817.425881271,0.0,883750.0,1,-1.8167483950076013
8480434,Sean Durzi,-1506190.7136717546,0.08,13700000.0,3,-0.4558815412486588
8474709,Matt Martin,-1517187.5215187718,0.21000000000000002,6000000.0,4,-0.45759587822371206
8480064,Josh Norris,-1523463.410300794,0.62,25700000.0,5,-0.2382758183751342
8480769,Joel L'Esperance,-1530310.213541862,0.0,1445000.0,2,-0.9388406218048235
8477085,Ashton Sautner,-1532534.647823454,0.04,1350000.0,2,-0.9354816385158906
8480070,Ian Mitchell,-1539496.5067633498,0.1,3550000.0,4,-0.4911921643107353
8476931,Jake McCabe,-1553624.8095817417,1.38,22213102.0,6,-0.3157823701013854
8476438,Brandon Saad,-1559814.3347742406,0.75,15500000.0,4,-0.4759973754194683
8482641,Matt Kiersted,-1559923.104418377,0.05,1621250.0,2,-0.9518143695595539
8479358,Carsen Twarynski,-1567829.31447897,0.0,775833.0,1,-1.9237169502809446
8476854,Hampus Lindholm,-1574473.5582665715,0.8300000000000001,26000000.0,4,-0.44929909629850173
8481559,Jack Hughes,-1575298.0109754167,2.9299999999999997,33850000.0,6,-0.2557363440028926
8475193,Tomas Tatar,-1580108.0516644605,0.08,10500000.0,3,-0.6470048370021434
8474038,Paul Byron,-1586850.873747685,0.009999999999999995,10200000.0,3,-0.6490187622689918
8477149,Scott Sabourin,-1600135.0891411805,0.0,2175000.0,3,-0.6333810942076733
8483466,Kevin Korchinski,-1602609.5416374186,0.01,1836666.0,2,-0.836587109074061
8480468,James Hamblin,-1615279.543732433,0.02,807500.0,1,-1.9344665194400394
8480466,Joey Keane,-1622002.677621105,0.0,809166.0,1,-1.9901873345044234
8480172,Jan Rutta,-1630546.8852991983,0.06000000000000002,11650000.0,6,-0.31758757349329875
8475792,Brett Connolly,-1651757.357705629,-0.03,7000000.0,2,-1.0133480722120423
8482087,Kaiden Guhle,-1669918.6584337335,0.049999999999999996,6413334.0,2,-0.8143869885890309
8481161,Jake Christiansen,-1670313.5165834143,0.13,2675000.0,3,-0.6229710438316783
8479587,Rhett Gardner,-1674005.2319934,0.02,1675000.0,2,-1.0269970748425767
8477845,Trevor van Riemsdyk,-1689082.4955179328,2.55,15500000.0,7,-0.2493422941051926
8476934,Brock McGinn,-1692049.437094747,0.85,9700000.0,4,-0.5093705267928911
8483570,Ben Meyers,-1708128.4120917108,-0.010000000000000002,2600000.0,3,-0.7122929628179184
8481582,Nicholas Robertson,-1708427.707792685,0.04,2468334.0,3,-0.7511072219196392
8475747,Patrik Nemeth,-1715439.9017125424,-0.77,11000000.0,4,-0.524061452672546
8479379,Givani Smith,-1720791.5413650523,0.02,2300000.0,3,-0.6898879007480304
8480031,Max Comtois,-1738426.4993971954,-0.08000000000000002,5715000.0,4,-0.5264559565682958
8475462,Radko Gudas,-1744861.4944357802,0.61,15500000.0,5,-0.3530019372304574
8477998,Warren Foegele,-1760959.7004429298,1.31,13900000.0,5,-0.4347084806400935
8481789,Tye Kartye,-1768781.419325777,0.08,859167.0,1,-2.009978885597474
8475790,Erik Gudbranson,-1779972.564651523,1.17,25950000.0,7,-0.3128281264570401
8475430,Brandon Manning,-1788539.052921498,0.02,2250000.0,1,-2.1945264453024516
8477290,Michael Raffl,-1792965.5821330906,0.23,3200000.0,2,-1.0999788847442273
8480846,Sampo Ranta,-1802934.9946758528,0.0,925000.0,1,-2.185375751122246
8476960,Andreas Athanasiou,-1803916.7859518877,0.16999999999999998,18400000.0,6,-0.33171071166404803
8479323,Adam Fox,-1811419.7993413806,1.95,39850000.0,6,-0.2349647628159112
8481600,Tobias Bjornfot,-1821001.9884815454,0.19,4232501.0,5,-0.46600186992804893
8477499,Rasmus Ristolainen,-1831821.0457945021,-0.010000000000000002,15300000.0,3,-0.7665385395544556
8481541,Samuel Bolduc,-1848057.4456002591,0.07,1600000.0,2,-1.0609094088508206
8480835,Jack Drury,-1848272.1424092513,0.42000000000000004,4500000.0,4,-0.5796848507602997
8481624,Ilya Mikheyev,-1861088.439542585,1.44,17540000.0,5,-0.3856295232545137
8473422,Nick Foligno,-1863761.5663430851,0.64,16800000.0,4,-0.5062134863229664
8477463,Steven Santini,-1898649.9506188713,0.03,3608334.0,3,-0.8046327660753683
8480005,Kristian Vesalainen,-1912982.0568683883,0.05,894167.0,1,-2.3472172476912743
8479066,Ryan Lomberg,-1927516.3179559442,0.21000000000000002,4325000.0,4,-0.4989593080304847
8483489,Fraser Minten,-1932531.197739014,0.03,1633332.0,2,-1.0610018020069658
8478398,Kyle Connor,-1933724.1303994926,3.04,42857142.0,6,-0.4248737112873644
8481102,Egor Sokolov,-1940485.6365228216,0.0,818333.0,1,-2.3521038018458444
8480160,Radim Simek,-1941300.7698309782,0.56,7425000.0,4,-0.5928940958694041
8484287,Cole McWard,-1959406.719349895,0.0,922500.0,1,-2.3465948734729283
8481239,Samuel Fagemo,-1976621.0891050752,0.0,795000.0,1,-2.3959043504303943
8477953,Kasperi Kapanen,-1985437.8695487431,-0.030000000000000006,17300000.0,6,-0.44813858261322165
8477935,Sam Bennett,-2041638.7180201712,1.27,26375000.0,6,-0.35241578373014965
8477341,Andreas Johnsson,-2043104.112351695,0.18,13600000.0,4,-0.624990991323944
8475167,Victor Hedman,-2048979.7789513883,0.08,8000000.0,1,-2.1455285643470035
8473412,Bryan Little,-2049309.6261135668,-0.24000000000000002,10583332.0,2,-1.2791447497819468
8484254,Akito Hirose,-2052333.893190941,0.0,2026667.0,1,-2.457884902025079
8481740,Tyce Thompson,-2058802.941242441,0.0,1825000.0,2,-1.252166112116584
8481147,Reese Johnson,-2059083.53416953,0.27,2480833.0,3,-0.8378074233534658
8476463,Jonas Brodin,-2076466.5405158699,0.33999999999999997,30000000.0,5,-0.4938668142743145
8480074,Alexandre Texier,-2077832.7506306502,-0.08,5995000.0,4,-0.6405584388923945
8482157,Will Cuylle,-2080204.4144595095,0.09,828333.0,1,-2.4912627718077958
8479772,Zack MacEwen,-2095304.1335887392,0.03,4125000.0,5,-0.4991437949252203
8482654,Jackson Cates,-2102468.5401877468,0.0,1850000.0,2,-1.2823919504574004
8480384,Alexander True,-2104715.799273883,0.0,1526666.0,2,-1.2912366866710938
8476975,Cedric Paquette,-2107710.593772466,0.36,4300000.0,3,-0.8620493226063255
8479543,Michael Pezzetta,-2110292.175652055,0.07,2375000.0,3,-0.8304843973322557
8483424,Owen Beck,-2113373.7400335846,0.02,853333.0,1,-2.2129567958466856
8482147,Jean Luc Foudy,-2113682.512000516,0.0,847500.0,1,-2.5313563017970253
8477355,Will Butcher,-2127085.8602229506,0.11,7466666.0,2,-1.3049606504435278
8481609,Vladislav Kolyachonok,-2134114.5448387526,0.02,1564167.0,2,-1.2868094704511794
8481656,Aliaksei Protas,-2139323.145018848,0.8400000000000001,7539167.0,3,-0.8696882327236973
8477429,Andrew Copp,-2166887.3977259574,0.35000000000000003,25075000.0,6,-0.3536751929120225
8476887,Filip Forsberg,-2184579.4669251125,1.81,25500000.0,3,-0.8354702730008974
8481068,Yegor Sharangovich,-2223164.949095255,0.78,14725833.0,5,-0.4734593761087343
8474574,Tyler Myers,-2223254.960387364,-1.1600000000000001,30000000.0,6,-0.501261966035427
8482964,Arber Xhekaj,-2228014.8271703827,-0.06,2956666.0,3,-0.8060517861103474
8478420,Mikko Rantanen,-2256621.603715117,5.92,58250000.0,6,-0.40036633715633724
8473463,Leo Komarov,-2278565.5090659633,0.08,9000000.0,3,-0.931928633564811
8475225,Craig Smith,-2285819.6579100573,0.29000000000000004,10300000.0,4,-0.7035049605614059
8477507,Nikita Zadorov,-2307155.8543047495,0.75,22650000.0,6,-0.47024657849335344
8477934,Leon Draisaitl,-2321250.5915433457,1.54,14000000.0,1,-2.430628891668425
8482720,Matthew Knies,-2342723.5565665015,0.5700000000000001,9600000.0,3,-0.8056247875854562
8476419,Jean Gabriel Pageau,-2343305.9762712577,0.61,30000000.0,6,-0.45857826134467583
8480078,Filip Chytil,-2349749.0346496427,-0.04,15612500.0,4,-0.6671862049737404
8481014,Alexander Romanov,-2358953.0595065607,0.32,13038334.0,5,-0.46063669365513443
8478507,John Marino,-2369981.352776143,1.92,22925000.0,6,-0.4654747060621311
8475279,Ben Chiarot,-2375723.2305536815,-3.08,24750000.0,6,-0.44871092328094786
8474150,Mikael Backlund,-2378496.8404325447,0.15,41100000.0,8,-0.38073960559712827
8480025,MacKenzie Entwistle,-2386087.5773427887,0.010000000000000002,2411667.0,3,-0.9714714806124136
8479998,Mikey Anderson,-2427092.093453937,1.01,14225000.0,5,-0.5490688677991447
8479661,Tanner Jeannot,-2439559.649262283,-0.22999999999999998,6930000.0,4,-0.6402742388277324
8482671,Owen Power,-2473041.9589704336,0.61,18533334.0,4,-0.5296463187287075
8477962,Brendan Lemieux,-2477591.3113768077,0.12,5375000.0,4,-0.7529218199564507
8480822,Martin Kaut,-2477643.5999545064,0.0,1726668.0,2,-1.5200267484383474
8482245,Artem Zub,-2487257.164245526,1.03,18800000.0,5,-0.5458334194037378
8469454,Ilya Kovalchuk,-2525980.015388632,0.02,6250000.0,1,-3.099361982071941
8474190,Wayne Simmonds,-2559907.0849543554,0.1,6800000.0,3,-1.0478024434806261
8474037,James van Riemsdyk,-2587873.2351936693,2.23,36900000.0,7,-0.5477997676273827
8477948,Travis Sanheim,-2594687.4855093416,1.14,29925000.0,6,-0.513104474626726
8479336,Carl Grundstrom,-2599049.73226523,0.16,5850000.0,5,-0.6002223455862559
8482861,Vincent Iorio,-2617507.807111955,0.01,814167.0,1,-3.1347398887568323
8477500,Bo Horvat,-2664774.6986972275,0.13,25500000.0,3,-1.020045114604212
8477444,Andre Burakovsky,-2696870.2522492,0.88,29550000.0,6,-0.5362530998667974
8480012,Elias Pettersson,-2705308.508695365,2.32,33238333.0,6,-0.3155667525148241
8482095,Tyler Kleven,-2711449.0427433746,0.39,3433334.0,3,-1.064212849158418
8479365,Trent Frederic,-2745145.4565069703,0.32,10100000.0,6,-0.5166408668273377
8476850,Ryan Murray,-2752242.087317283,0.38,14025000.0,4,-0.8456322103753474
8478502,Dennis Gilbert,-2762176.8704422596,0.19,4200000.0,5,-0.7018908806367745
8475625,Matt Irwin,-2788542.534151985,0.39,2800000.0,4,-0.8579303487381623
8475235,Nicolas Deslauriers,-2809113.4764777,0.13,9150000.0,7,-0.4658058003269157
8482192,Isaak Phillips,-2835741.104391205,0.18,2493334.0,3,-1.0964677917512082
8476525,Colin Miller,-2850535.549952642,0.5,18850000.0,6,-0.6160608681090082
8477021,Alexander Kerfoot,-2889371.575138589,1.3,20500000.0,6,-0.576985909003013
8480185,Eetu Luostarinen,-2908179.37355438,1.17,9295000.0,5,-0.7050834083219818
8480036,Miro Heiskanen,-2912475.1439612946,2.49,33800000.0,4,-0.8551011874529819
8482197,Adam Raska,-2946366.356267907,0.0,1696666.0,2,-1.772032743273746
8477416,Oliver Bjorkstrand,-3057991.900459185,1.8099999999999998,32000000.0,7,-0.4846139350995052
8479980,Nicolas Hague,-3073732.1594701395,0.92,10088300.0,3,-1.0933305327527234
8477942,Kevin Fiala,-3080752.7800669596,2.14,37500000.0,6,-0.5653647225140919
8474818,Jordie Benn,-3106370.7360489536,0.18,4900000.0,3,-1.2674340329618141
8475220,Marcus Foligno,-3119172.9698247197,-0.27,17300000.0,5,-0.6771124867701913
8480113,Alex Iafallo,-3146260.1612011534,0.13,22091666.0,6,-0.5777926248783477
8475169,Evander Kane,-3189402.7777552465,1.69,35233696.0,6,-0.664753533475923
8480023,Robert Thomas,-3202536.0281745447,1.03,27175000.0,4,-0.8481142779558288
8480830,Andrei Svechnikov,-3230793.7934645163,2.13,33775000.0,7,-0.45932949128194345
8475178,Zack Kassian,-3237233.2030835957,-0.04,9600000.0,3,-1.3158420040196226
8478067,Oskar Lindblom,-3255041.4139405526,0.27,8500000.0,3,-1.321598027705155
8480950,Ilya Lyubushkin,-3263651.1415408226,0.16,10974125.0,5,-0.7176410715818697
8474673,TJ Brodie,-3281351.9827545136,1.74,20000000.0,4,-0.9572478369105895
8478906,Markus Nutivaara,-3333430.191958132,0.41000000000000003,10800000.0,4,-1.02478442125819
8476346,Johnny Gaudreau,-3333791.423084394,0.43,9750000.0,1,-3.992564578544185
8474157,Max Pacioretty,-3355355.1861530486,0.9400000000000001,28000000.0,4,-1.0274078900633419
8474618,Marco Scandella,-3359839.9834913006,0.16,13100000.0,4,-1.014386504316744
8480003,Jesper Boqvist,-3405083.5001345337,0.49,4999125.0,5,-0.8166852315873451
8483808,Andrei Kuzmenko,-3491594.2797945077,0.56,15300000.0,3,-1.3473547942579653
8480027,Jason Robertson,-3498493.9345450206,1.25,24045000.0,4,-0.9978701253940656
8478413,Jordan Greenway,-3618262.2938125436,0.3,15100000.0,5,-0.8116377882132637
8474149,Evgenii Dadonov,-3637471.5786607093,0.05000000000000002,14500000.0,4,-1.1062330203486674
8480289,Morgan Barron,-3649408.030576367,0.64,5475000.0,5,-0.8940506463627369
8480355,Mark Kastelic,-3655514.391610075,0.25,4058334.0,4,-1.099276126532981
8473986,Alex Killorn,-3685885.3791184397,-0.8099999999999999,12500000.0,2,-2.016803982421504
8476913,Devin Shore,-3732467.6908462094,0.18,7075000.0,5,-0.9135937872658701
8477425,Miles Wood,-3733783.537306122,0.16999999999999998,19200000.0,7,-0.6451460519941455
8477969,Marcus Pettersson,-3781523.200105027,1.5799999999999998,25625875.0,6,-0.761835070749645
8478366,Frank Vatrano,-3796462.7422156204,0.25,20396188.0,7,-0.5829573177348342
8481540,Cole Caufield,-3856139.0972980433,0.99,25311666.0,5,-0.8291260760461503
8476853,Morgan Rielly,-3925514.561344389,-0.03999999999999998,30000000.0,4,-1.1397599345824505
8476539,Jonathan Marchessault,-3948057.2957623983,1.34,35500000.0,7,-0.6426497497083633
8476958,Jaccob Slavin,-3949944.4714970645,6.49,43496062.0,8,-0.5731194615386622
8479425,Filip Hronek,-3960011.101864462,0.09,23300000.0,4,-1.0903554285927108
8474590,John Carlson,-4016871.004369085,1.43,64000000.0,8,-0.6003760125211979
8476461,Sean Couturier,-4156576.319496451,0.31,15500000.0,2,-2.265712565742737
8476473,Connor Murphy,-4157139.5576865906,0.15000000000000002,17600000.0,4,-1.1896968692370322
8479026,Philippe Myers,-4160602.2590657934,0.15000000000000002,7350000.0,4,-1.2772582235626175
8479337,Alex DeBrincat,-4262950.401407049,4.71,34950000.0,5,-0.9870480338287126
8480018,Nick Suzuki,-4306407.495388343,1.18,31500000.0,4,-1.2669744900050128
8476889,Radek Faksa,-4329529.478699759,1.0999999999999999,16250000.0,5,-1.006164066238357
8477946,Dylan Larkin,-4339924.021395475,1.93,50500000.0,7,-0.7315521435648267
8474715,Cam Atkinson,-4387249.3432165105,0.68,29375000.0,5,-1.0190011539799977
8482175,JJ Peterka,-4430027.586668208,-0.21000000000000002,9411668.0,3,-1.5413143179310245
8471769,Niklas Hjalmarsson,-4514069.664472543,0.13,10000000.0,2,-2.7693678923144436
8479314,Matthew Tkachuk,-4524364.192156881,7.32,49500000.0,6,-0.8860575807710394
8477903,Garnet Hathaway,-4530338.629876788,1.78,11625000.0,7,-0.7085623489793146
8476441,Joel Edmundson,-4552385.818465087,0.020000000000000018,20450000.0,6,-0.9013185848229841
8476923,Damon Severson,-4619803.677916152,-0.24,18750000.0,3,-1.7545490674724273
8483460,David Jiricek,-4633343.110837288,0.13999999999999999,2754999.0,3,-1.730197493000456
8480807,Mattias Samuelsson,-4658833.688357671,0.11000000000000003,14707142.0,5,-1.084977360735222
8475692,Mats Zuccarello,-4674949.487273491,0.85,32250000.0,6,-0.940315704002353
8476892,Colton Parayko,-4691269.685017807,0.45999999999999996,26000000.0,4,-1.3513260904572466
8465009,Zdeno Chara,-4695145.950987969,0.8699999999999999,7795000.0,3,-1.9550309805885935
8480797,Joel Farabee,-4763090.808936015,-0.85,21850000.0,6,-0.8997752713773801
8478233,Andrew Mangiapane,-4770559.927579714,1.13,22965000.0,6,-0.805657950325168
8476869,Brady Skjei,-4858399.322975679,3.2600000000000002,38500000.0,7,-0.8317642954602846
8478010,Brayden Point,-4878324.907308321,4.7,51500000.0,6,-0.9389102120948989
8477492,Nathan MacKinnon,-4957091.455429138,3.2399999999999998,37800000.0,3,-1.8869809193893303
8481535,Nils Hoglander,-4962935.223190809,0.16,5883334.0,4,-1.4226722725399323
8479324,Ryan Lindgren,-5021842.8119861055,0.93,15350000.0,6,-0.9688615361050678
8474641,Adam Henrique,-5073373.383941473,0.68,32125000.0,6,-1.024653179376121
8477493,Aleksander Barkov,-5076637.3115951335,1.76,30000000.0,3,-2.0057604075781152
8478396,Noah Hanifin,-5102059.222903665,1.9,39450000.0,7,-0.854641536194861
8475791,Taylor Hall,-5104141.276560517,0.52,29166667.0,5,-1.2658917695363938
8476919,Chris Tierney,-5158764.781626315,0.04,13625000.0,5,-1.2599651083555732
8477527,Ross Johnston,-5227845.609211976,0.03,7400000.0,7,-0.8806017088235841
8481528,Dylan Cozens,-5254726.15675604,0.17,23150000.0,5,-1.1681833827397292
8479343,Clayton Keller,-5268446.899616018,2.43,42900000.0,6,-1.0773231095909908
8471303,Alexander Edler,-5412241.220599129,0.49,15500000.0,3,-2.2065828138691073
8471707,James Neal,-5439836.726244424,0.7999999999999999,17250000.0,3,-2.2248820966234857
8480145,Neal Pionk,-5517116.1311552515,-0.2,30625000.0,6,-1.0022351125559916
8476292,Ondrej Palat,-5548651.34503416,0.43,18000000.0,3,-2.0666503904314535
8474166,Alec Martinez,-5598698.69019697,0.65,15750000.0,3,-2.2072408331498887
8475200,Dmitry Orlov,-5681929.218930249,1.02,15500000.0,2,-3.139607882468212
8476881,Tomas Hertl,-5704649.414848514,3.65,49425000.0,7,-0.9505269178075483
8475218,Mattias Ekholm,-5712032.108256971,0.34,25000000.0,4,-1.6544186925367121
8474849,Antoine Roussel,-5728013.960432975,-0.020000000000000004,9000000.0,3,-2.3427459960871064
8474162,Jake Muzzin,-5879443.7492520055,0.73,16875000.0,3,-2.3905578369813445
8476792,Torey Krug,-5899479.238133885,0.19,19500000.0,3,-2.382912547010384
8477511,Anthony Mantha,-5912907.81152823,-0.17,32900000.0,7,-1.0296173079230886
8478439,Travis Konecny,-6022270.1660080645,1.48,36250000.0,6,-1.156844374056011
8471669,Paul Stastny,-6024324.256026506,-0.35,23250000.0,4,-1.8433302459439826
8475168,Matt Duchene,-6096586.7746862015,2.52,39500000.0,6,-1.2842936537770007
8477073,Kurtis MacDermid,-6126242.3286743825,0.31,6700000.0,7,-0.9970508737746419
8478443,Brandon Carlo,-6145600.26765116,1.97,22100000.0,6,-1.2091019490331392
8471873,Anton Stralman,-6167443.18747344,-0.020000000000000004,16500000.0,3,-2.5085137960332253
8476856,Matt Dumba,-6229298.301071999,0.26,37650000.0,7,-1.0808365178352104
8477956,David Pastrnak,-6299138.112984491,2.46,33750000.0,3,-2.389803819300931
8474068,Kyle Turris,-6339725.940726923,-0.2,19650000.0,4,-1.958981661849796
8481019,David Gustafsson,-6443462.170632659,0.08,3185000.0,4,-1.9610934204503667
8477944,Jakub Vrana,-6458831.280589866,0.3,22450000.0,5,-1.5105554361242959
8475753,Justin Faulk,-6546093.889044865,-0.14,39000000.0,6,-1.3080130385266353
8479398,Samuel Girard,-6665839.11571056,1.5899999999999999,30000000.0,6,-1.2856125242246492
8479385,Jordan Kyrou,-6889122.178209696,1.59,27175000.0,4,-1.8868675290243084
8479410,Mikhail Sergachev,-6914886.157422165,0.56,35100000.0,5,-1.5749054190136917
8478400,Colin White,-7017188.268198049,0.35,15450000.0,4,-2.1400864626779548
8476312,Josh Manson,-7051134.358594118,1.17,29900000.0,7,-1.2010028142053024
8474291,Jay Beagle,-7078602.352484245,0.18000000000000002,9000000.0,3,-2.8951338864966236
8471817,Ryan Reaves,-7085915.851624518,0.12,13500000.0,7,-1.208802510604993
8476822,Luke Glendening,-7514311.256654201,0.39,4600000.0,4,-2.153392493500816
8476624,Barclay Goodrow,-7642264.646763091,0.37,16416668.0,6,-1.425664194053731
8477930,Pierre Edouard Bellemare,-7758494.865824622,0.47000000000000003,5600000.0,4,-2.3557880626838696
8475455,Brenden Dillon,-7776784.215211312,-0.04999999999999999,19600000.0,5,-1.7759464695977905
8474600,Roman Josi,-7781597.803283806,2.1799999999999997,54354000.0,6,-1.5454838123489028
8474716,Jared Spurgeon,-7874939.979146434,-0.19999999999999998,37875000.0,5,-1.8832042538233977
8475722,Jason Zucker,-8103684.301362056,2.3200000000000003,37550000.0,7,-1.4364867528050262
8478099,Kevin Labanc,-8129101.060284815,-0.22,19900000.0,5,-1.9157664762031694
8471214,Alex Ovechkin,-8162176.044293236,0.25,38000000.0,4,-2.3546435811802966
8476917,Adam Pelech,-8194203.261073723,0.67,23000000.0,4,-2.364025549513257
8475098,Tyler Bozak,-8566490.581474071,0.32999999999999996,15000000.0,3,-3.503677129437248
8475171,Oliver Ekman Larsson,-8568635.459548797,-0.52,47000000.0,7,-1.5909468422832131
8478519,Anthony Cirelli,-8910667.020340322,0.5700000000000001,28350000.0,5,-2.0670325882877703
8479400,Pierre Luc Dubois,-8927593.17106528,1.36,35500000.0,5,-2.0260549410537014
8477989,Christian Dvorak,-8966990.358419655,-0.32000000000000006,26700000.0,6,-1.788551364433823
8476448,William Karlsson,-8971414.793507833,1.94,41300000.0,7,-1.5155578342635223
8474565,Alex Pietrangelo,-8986681.748830497,0.6900000000000001,35200000.0,4,-2.6770791271773895
8474053,Logan Couture,-8998502.519072825,1.53,40000000.0,5,-2.1964988802650067
8473507,Jeff Petry,-9211853.400490565,-0.46,25000000.0,4,-2.7324992822963354
8475690,Christopher Tanev,-9315579.706840083,1.71,22500000.0,5,-2.1367651735256663
8478460,Zach Werenski,-9485295.413539054,0.73,48333332.0,6,-1.8531818435205298
8478416,Erik Cernak,-9703175.081270352,0.29999999999999993,21500000.0,5,-2.2112815444367606
8476902,Esa Lindell,-9747806.276540669,3.12,40050000.0,7,-1.7024498887950248
8475314,Anders Lee,-9773006.826877737,1.88,42000000.0,6,-1.9213964922112219
8475164,Jakob Silfverberg,-9955072.232440779,-0.99,26250000.0,5,-2.4220603678806643
8480002,Nico Hischier,-10113089.289746642,3.9299999999999997,43500000.0,6,-2.052014991345395
8479325,Charlie McAvoy,-10401583.591653565,0.96,47800000.0,6,-1.9894014058237086
8479293,Brandon Tanev,-10609928.912456755,1.22,22150000.0,7,-1.7507894502617494
8477495,Seth Jones,-10922310.278094243,0.16999999999999998,38000000.0,4,-3.1621996322093824
8478445,Mathew Barzal,-10935984.861397527,0.1,41450000.0,5,-2.539176849629958
8474151,Ryan McDonagh,-11028710.709447337,0.58,47250000.0,7,-1.8729250926036127
8471218,Blake Wheeler,-11167641.502653135,0.88,41250000.0,5,-2.7091094807720393
8478500,Ivan Provorov,-11696437.787887627,-0.29000000000000004,42250000.0,6,-2.2932816883167875
8478585,Derek Ryan,-11857596.827333704,0.12,12425000.0,6,-2.3847380987794478
8476456,Jonathan Huberdeau,-11897420.272057217,1.13,31500000.0,3,-4.513391966746956
8476826,Yanni Gourde,-11951586.989695843,2.45,33333335.0,7,-2.0515767753865295
8476462,Dougie Hamilton,-12039974.046991458,0.02999999999999997,36000000.0,4,-3.482160415966091
8477498,Darnell Nurse,-12166335.928020455,-0.6900000000000001,51400000.0,7,-1.9809598528237484
8478402,Connor McDavid,-12324965.38982757,16.61,100000000.0,8,-1.8962625181302688
8478469,Thomas Chabot,-12357094.914038764,-1.27,48000000.0,6,-2.4261078326602727
8478414,Timo Meier,-12361249.637286589,2.13,44400000.0,6,-2.388037190754759
8477939,William Nylander,-12432979.268812468,4.06,60574675.0,7,-2.047932780680954
8475848,Brendan Gallagher,-12459457.088011185,0.21,32500000.0,5,-2.9028436017297254
8477940,Nikolaj Ehlers,-12459898.143729163,1.9100000000000001,42000000.0,7,-2.168593315530692
8477220,Nate Schmidt,-12533350.11540498,0.94,36500000.0,7,-2.205293925774845
8473563,Nicklas Backstrom,-13594268.376813991,-0.16999999999999998,36800000.0,4,-4.129126961074265
8475166,John Tavares,-14059263.10051832,7.14,70389280.0,7,-2.4974857564925688
8480829,Jesperi Kotkaniemi,-14671476.396881148,-0.19,22055000.0,7,-2.4358335535831657
8475913,Mark Stone,-15534475.44910579,4.25,66500000.0,7,-2.6846547142497674
8476981,Josh Anderson,-16738596.16545911,-0.73,29795000.0,8,-2.4452980041630195
8475763,Kevin Hayes,-19239156.78172165,-0.32,49999999.0,7,-3.232404517372289
8478483,Mitchell Marner,-19243764.24477857,5.06,66506665.0,6,-3.777464422177175
8479339,Patrik Laine,-20332054.87850993,0.41000000000000003,47100000.0,6,-3.936861300122196
8475784,Jeff Skinner,-21413486.00799332,1.95,57000000.0,7,-3.7104795606675185
8476885,Jacob Trouba,-21999948.14839377,-0.08999999999999996,53500000.0,7,-3.735076274332188
8475794,Tyler Seguin,-23755347.016288694,2.19,68950000.0,7,-4.0213362110184665
8474563,Drew Doughty,-25206296.47295387,-1.6099999999999999,77000000.0,7,-4.263894029763337
8471709,Marc Edouard Vlasic,-26091134.92998887,2.18,49000000.0,7,-4.51019026738066
8478550,Artemi Panarin,-27143467.841165364,3.77,69857142.0,6,-5.340886090174799
8474578,Erik Karlsson,-27298081.452424504,0.72,80500000.0,7,-4.63711318902384
8479318,Auston Matthews,-28926732.651450485,6.17,84695000.0,7,-4.875697622668319
8478403,Jack Eichel,-29494602.563018076,2.59,80000000.0,8,-4.441917726557607
