player,position,age,aav,remaining_yrs,expiry,current_war82,avg_proj_war,cost_nominal,cost_npv,prod_nominal,prod_npv,contract_npv,npv_per_year,contract_type,sign_status
Matthew Tkachuk,LW,26,9500000.0,6,2030,2.87,2.98,57000000.0,51792312,313538036,284559425,232767113,38794519,STD,RFA
Sam Reinhart,C,29,8625000.0,7,2031,1.91,1.8,60375000.0,53838430,220327691,197116186,143277756,20468251,STD,UFA
Leon Draisaitl,C,28,14000000.0,8,2032,1.93,1.88,112000000.0,98028765,262947739,230918663,132889897,16611237,STD,UFA
Roope Hintz,C,28,8450000.0,6,2030,1.73,1.71,50700000.0,46067899,179868145,163687521,117619622,19603270,STD,RFA
Connor McDavid,C,27,12500000.0,3,2027,2.81,2.9,37500000.0,36076183,152215597,146319589,110243405,36747802,STD,UFA
Jake DeBrusk,LW,27,5500000.0,7,2031,1.16,1.18,38500000.0,34331753,144828771,129267673,94935921,13562274,STD,UFA
Brady Tkachuk,LW,25,8223565.0,4,2028,1.64,1.72,32894260.0,31044706,120088395,113184809,82140103,20535026,STD,RFA
Wyatt Johnston,C,21,8400000.0,5,2029,1.45,1.46,42000000.0,38891120,127215122,117677823,78786703,15757341,STD,RFA
Kirill Kaprizov,LW,27,17000000.0,9,2033,1.54,1.55,153000000.0,131456663,243588885,209883257,78426594,8714066,STD,UFA
Jaccob Slavin,D,30,6396062.0,8,2032,1.01,0.94,51168496.0,44785576,131295633,115420205,70634629,8829329,STD,UFA
Tyler Bertuzzi,LW,29,5500000.0,4,2028,1.41,1.37,22000000.0,20763001,95589266,90321614,69558613,17389653,STD,UFA
Joel Eriksson Ek,C,27,5250000.0,5,2029,1.09,1.13,26250000.0,24306950,98491255,91157991,66851041,13370208,STD,RFA
Mika Zibanejad,C,31,8500000.0,5,2029,1.35,1.29,42500000.0,39354109,113084404,104886082,65531973,13106395,STD,UFA
David Pastrnak,RW,28,11250000.0,6,2030,1.26,1.25,67500000.0,61333001,131002233,119217501,57884500,9647417,STD,UFA
Cole Caufield,LW,24,7850000.0,6,2030,0.95,1.03,47100000.0,42796805,108450634,98206032,55409227,9234871,STD,RFA
Niko Mikkola,D,28,5000000.0,9,2033,0.71,0.68,45000000.0,38663724,107712760,92972836,54309111,6034346,STD,UFA
Brett Pesce,D,29,5500000.0,6,2030,0.89,0.85,33000000.0,29985023,89144080,81163552,51178530,8529755,STD,UFA
Jake Guentzel,LW,29,9000000.0,7,2031,1.03,0.97,63000000.0,56179232,118815456,106298257,50119026,7159861,STD,UFA
Jack Hughes,C,23,8000000.0,5,2029,0.95,1.03,40000000.0,37039162,90306566,83384292,46345130,9269026,STD,RFA
Lucas Raymond,LW,22,8075000.0,8,2032,0.77,0.84,64600000.0,56541591,117059037,101838310,45296719,5662090,STD,RFA
Seth Jarvis,C,22,7420087.0,8,2032,0.72,0.78,59360696.0,51955855,109457801,95225433,43269578,5408697,STD,RFA
Drake Batherson,RW,26,4975000.0,3,2027,1.1,1.12,14925000.0,14358321,58977152,56702827,42344506,14114835,STD,RFA
Blake Lizotte,C,27,2250000.0,4,2028,0.73,0.75,9000000.0,8493955,52888331,49875309,41381354,10345338,STD,UFA
Mark Stone,RW,32,9500000.0,2,2026,1.71,1.71,19000000.0,18634615,59785731,58637242,40002626,20001313,STD,UFA
Alex Debrincat,RW,26,7875000.0,3,2027,1.19,1.22,23625000.0,22727996,63802556,61342150,38614154,12871385,STD,RFA
Gabriel Vilardi,C,24,7500000.0,7,2031,0.71,0.78,52500000.0,46816026,95310821,84664584,37848557,5406937,STD,RFA
Bryan Rust,RW,33,5125000.0,3,2027,1.04,1.02,15375000.0,14791235,53401878,51417089,36625854,12208618,STD,UFA
Yanni Gourde,C,33,2333333.0,6,2030,0.5,0.48,13999998.0,12720917,50085028,45591967,32871050,5478508,STD,UFA
Rickard Rakell,C,31,5000000.0,4,2028,0.8,0.78,20000000.0,18875455,54389847,51364409,32488953,8122238,STD,UFA
Pavel Dorofeyev,LW,23,1835000.0,2,2026,1.02,1.04,3670000.0,3599423,36590120,35869346,32269923,16134961,STD,RFA
Philip Broberg,D,23,8000000.0,7,2031,0.67,0.75,56000000.0,49937095,92025348,81643187,31706093,4529442,STD,RFA
Nathan MacKinnon,C,29,12600000.0,6,2030,1.1,1.05,75600000.0,68692961,110178076,100314503,31621542,5270257,STD,UFA
Parker Wotherspoon,D,26,1000000.0,3,2027,0.65,0.66,3000000.0,2886095,34850135,33506216,30620121,10206707,STD,UFA
Noah Hanifin,D,28,7350000.0,7,2031,0.7,0.69,51450000.0,45879706,84422288,75433790,29554084,4222012,STD,UFA
Sebastian Aho,D,28,775000.0,2,2026,0.89,0.9,1550000.0,1520192,31607380,30990750,29470557,14735279,STD,UFA
Ryan O'Reilly,C,33,4500000.0,3,2027,0.83,0.81,13500000.0,12987426,42618806,41034792,28047366,9349122,STD,UFA
Zach Hyman,C,32,5500000.0,4,2028,0.75,0.74,22000000.0,20763001,51553261,48701920,27938920,6984730,STD,UFA
Mikey Anderson,D,25,4125000.0,6,2030,0.49,0.52,24750000.0,22488767,54950818,49808388,27319621,4553270,STD,RFA
Nico Hischier,C,25,7250000.0,2,2026,1.18,1.2,14500000.0,14221154,42112294,41286821,27065668,13532834,STD,RFA
Tomas Hertl,C,31,8137500.0,5,2029,0.83,0.8,40687500.0,37675772,69525967,64485517,26809745,5361949,STD,UFA
Nikita Kucherov,RW,31,9500000.0,2,2026,1.33,1.31,19000000.0,18634615,45713150,44850144,26215528,13107764,STD,RFA
Nick Seeler,D,31,2700000.0,3,2027,0.69,0.67,8100000.0,7792456,35331689,34007621,26215165,8738388,STD,UFA
Timo Meier,RW,28,8800000.0,6,2030,0.78,0.77,52800000.0,47976037,81096620,73801310,25825274,4304212,STD,RFA
Sidney Crosby,C,37,8700000.0,2,2026,1.22,1.24,17400000.0,17065385,43315620,42470788,25405403,12702702,STD,UFA
Evgeni Malkin,C,37,6100000.0,2,2026,1.02,1.04,12200000.0,11965385,36214698,35508364,23542979,11771490,STD,UFA
Noah Cates,LW,26,4000000.0,4,2028,0.56,0.58,16000000.0,15100364,40600669,38268863,23168499,5792125,STD,RFA
John Tavares,C,34,4389280.0,4,2028,0.59,0.56,17557120.0,16569932,39143568,36990217,20420286,5105071,STD,UFA
Vincent Desharnais,D,28,2000000.0,2,2026,0.69,0.7,4000000.0,3923077,24504598,24026536,20103459,10051730,STD,UFA
Mackie Samoskevich,RW,21,775000.0,2,2026,0.62,0.62,1550000.0,1520192,21527910,21117221,19597029,9798514,STD,RFA
Drew Helleson,D,23,1100000.0,3,2027,0.43,0.45,3300000.0,3174704,23649272,22724965,19550261,6516754,STD,RFA
Nicklaus Perbix,D,26,2750000.0,3,2027,0.53,0.54,8250000.0,7936760,28416264,27320453,19383693,6461231,STD,UFA
Matt Boldy,LW,23,7000000.0,5,2029,0.59,0.64,35000000.0,32409267,56085130,51786034,19376767,3875353,STD,RFA
Matt Kiersted,D,26,775000.0,3,2027,0.41,0.42,2325000.0,2236723,21982393,21134690,18897967,6299322,STD,UFA
Jason Zucker,LW,33,4750000.0,2,2026,0.82,0.82,9500000.0,9317308,28655169,28104970,18787662,9393831,STD,UFA
Brayden Point,C,28,9500000.0,5,2029,0.77,0.77,47500000.0,43984005,67209186,62295238,18311234,3662247,STD,RFA
Jonas Siegenthaler,D,27,3400000.0,3,2027,0.53,0.55,10200000.0,9812722,28709703,27597645,17784923,5928308,STD,RFA
Brent Burns,D,39,1000000.0,2,2026,0.62,0.57,2000000.0,1961538,20072500,19717788,17756250,8878125,STD,UFA
Filip Forsberg,C,29,8500000.0,6,2030,0.69,0.66,51000000.0,46340490,69111702,62924552,16584062,2764010,STD,UFA
Dylan Samberg,D,25,5750000.0,4,2028,0.55,0.58,23000000.0,21706773,40273547,37958320,16251547,4062887,STD,RFA
Nick Blankenburg,D,26,775000.0,2,2026,0.51,0.52,1550000.0,1520192,17987072,17638531,16118339,8059169,STD,UFA
Connor Dewar,C,25,1100000.0,2,2026,0.52,0.53,2200000.0,2157692,18557960,18194192,16036500,8018250,STD,UFA
Zach Whitecloud,D,27,2750000.0,3,2027,0.46,0.47,8250000.0,7936760,24917856,23952673,16015913,5338638,STD,RFA
Connor Bedard,C,19,950000.0,2,2026,0.56,0.52,1900000.0,1863462,18487126,17851467,15988006,7994003,ELC,
Uvis Balinskis,D,28,875000.0,3,2027,0.36,0.36,2625000.0,2525333,19158646,18428371,15903038,5301013,STD,UFA
Matt Duchene,C,34,4500000.0,4,2028,0.52,0.49,18000000.0,16987910,34499416,32601548,15613638,3903409,STD,UFA
Kevin Bahl,D,25,5350000.0,6,2030,0.44,0.47,32100000.0,29167249,49343592,44725900,15558650,2593108,STD,RFA
Corey Perry,RW,39,2000000.0,2,2026,0.6,0.55,4000000.0,3923077,19425000,19081731,15158654,7579327,STD,UFA
Tomas Nosek,LW,31,775000.0,2,2026,0.49,0.48,1550000.0,1520192,16841687,16523737,15003545,7501772,STD,UFA
Wyatt Kaiser,D,22,1700000.0,3,2027,0.39,0.39,5100000.0,4906361,20527434,19740880,14834519,4944840,STD,RFA
Brian Dumoulin,D,32,4000000.0,4,2028,0.46,0.45,16000000.0,15100364,31619334,29870511,14770147,3692537,STD,UFA
Brayden McNabb,D,33,3650000.0,3,2027,0.51,0.5,10950000.0,10534246,26187459,25214149,14679904,4893301,STD,UFA
Brad Marchand,LW,37,5250000.0,6,2030,0.58,0.45,31500000.0,28622067,46556719,43025827,14403760,2400627,STD,UFA
Conor Garland,RW,28,6000000.0,7,2031,0.48,0.47,42000000.0,37452821,57889569,51726027,14273206,2039029,STD,UFA
Brady Skjei,D,30,7000000.0,7,2031,0.56,0.53,49000000.0,43694958,64316979,57550803,13855845,1979406,STD,UFA
Jordan Eberle,RW,34,5500000.0,3,2027,0.6,0.57,16500000.0,15873521,30135431,29019164,13145643,4381881,STD,UFA
Dylan Larkin,C,28,8700000.0,6,2030,0.64,0.63,52200000.0,47430854,66540817,60554921,13124067,2187344,STD,UFA
Juraj Slafkovský,RW,20,7600000.0,8,2032,0.49,0.54,60800000.0,53215615,76142017,66309233,13093618,1636702,STD,RFA
Ryan Lindgren,D,26,4500000.0,5,2029,0.4,0.42,22500000.0,20834529,36424987,33681404,12846875,2569375,STD,UFA
Derek Forbort,D,33,2000000.0,1,2025,0.82,0.82,2000000.0,2000000,14350000,14350000,12350000,12350000,STD,UFA
Colin Blackwell,C,31,775000.0,3,2027,0.28,0.27,2325000.0,2236723,14337497,13800194,11563470,3854490,STD,UFA
Nicolas Hague,D,26,5500000.0,4,2028,0.47,0.49,22000000.0,20763001,34075561,32118510,11355510,2838877,STD,RFA
Morgan Barron,C,25,1850000.0,3,2027,0.32,0.33,5550000.0,5339275,17329956,16660250,11320975,3773658,STD,RFA
Braden Schneider,D,22,2200000.0,2,2026,0.46,0.46,4400000.0,4315385,15934340,15631096,11315711,5657856,STD,RFA
Jalen Chatfield,D,29,3000000.0,2,2026,0.5,0.5,6000000.0,5884615,17349733,17018974,11134359,5567179,STD,UFA
Esa Lindell,D,30,5250000.0,5,2029,0.45,0.43,26250000.0,24306950,37847824,35091907,10784957,2156991,STD,UFA
Kirill Marchenko,RW,24,3850000.0,3,2027,0.41,0.43,11550000.0,11111464,22406917,21533986,10422522,3474174,STD,RFA
Cale Fleury,D,26,890000.0,2,2026,0.35,0.36,1780000.0,1745769,12344069,12104874,10359105,5179552,STD,RFA
Dawson Mercer,C,22,4000000.0,3,2027,0.43,0.43,12000000.0,11544379,22632811,21765585,10221207,3407069,STD,RFA
Trevor Moore,C,29,4200000.0,3,2027,0.45,0.44,12600000.0,12121598,23197301,22327562,10205965,3401988,STD,UFA
Ilya Mikheyev,RW,29,4750000.0,2,2026,0.56,0.56,9500000.0,9317308,19431701,19061251,9743943,4871972,STD,UFA
Jared McCann,C,28,5000000.0,2,2026,0.56,0.57,10000000.0,9807692,19887789,19499798,9692105,4846053,STD,RFA
Erik Gudbranson,D,32,4000000.0,2,2026,0.51,0.51,8000000.0,7846154,17830832,17488300,9642146,4821073,STD,UFA
Ryan Poehling,C,26,3750000.0,5,2029,0.32,0.33,18750000.0,17362107,29139990,26945123,9583016,1916603,STD,UFA
Barrett Hayton,C,24,2650000.0,2,2026,0.42,0.43,5300000.0,5198077,15001228,14706950,9508873,4754437,STD,RFA
Caleb Jones,D,27,900000.0,3,2027,0.23,0.24,2700000.0,2597485,12458928,11976336,9378851,3126284,STD,UFA
Stefan Noesen,RW,31,2750000.0,3,2027,0.35,0.34,8250000.0,7936760,17921871,17250242,9313482,3104494,STD,UFA
James van Riemsdyk,LW,35,1000000.0,2,2026,0.33,0.33,2000000.0,1961538,11485998,11266344,9304805,4652403,STD,UFA
Josh Mahura,D,27,907500.0,2,2026,0.31,0.32,1815000.0,1780096,11026487,10811045,9030949,4515474,STD,UFA
Nick Suzuki,C,25,7875000.0,5,2029,0.53,0.56,39375000.0,36460425,49212155,45470631,9010206,1802041,STD,RFA
Haydn Fleury,D,28,950000.0,2,2026,0.31,0.32,1900000.0,1863462,11009312,10794531,8931069,4465535,STD,UFA
Eetu Luostarinen,C,25,3000000.0,2,2026,0.42,0.43,6000000.0,5884615,14989122,14695309,8810694,4405347,STD,RFA
Joel Hanley,D,33,1750000.0,3,2027,0.28,0.27,5250000.0,5050666,14377429,13843062,8792397,2930799,STD,UFA
Noel Acciari,C,32,2000000.0,2,2026,0.37,0.37,4000000.0,3923077,12936094,12687590,8764513,4382257,STD,UFA
Dmitry Kulikov,D,33,1150000.0,4,2028,0.2,0.2,4600000.0,4341355,13513761,12771956,8430602,2107650,STD,UFA
Alexei Toropchenko,RW,25,2500000.0,3,2027,0.3,0.31,7500000.0,7215237,16246833,15618985,8403748,2801249,STD,UFA
Ryan Shea,D,28,900000.0,1,2025,0.53,0.53,900000.0,900000,9275000,9275000,8375000,8375000,STD,UFA
Christopher Tanev,D,34,4500000.0,6,2030,0.37,0.34,27000000.0,24533200,35471445,32377547,7844346,1307391,STD,UFA
Kaedan Korczak,D,23,3250000.0,5,2029,0.26,0.28,16250000.0,15047159,24715481,22820964,7773805,1554761,STD,UFA
Clayton Keller,RW,26,7150000.0,3,2027,0.55,0.56,21450000.0,20635577,29488576,28351414,7715837,2571946,STD,RFA
Spencer Stastney,D,24,825000.0,2,2026,0.26,0.26,1650000.0,1618269,9286475,9104303,7486033,3743017,STD,RFA
Nikita Zadorov,D,29,5000000.0,6,2030,0.38,0.36,30000000.0,27259112,38061517,34654101,7394989,1232498,STD,UFA
Jaden Schwartz,LW,32,5500000.0,2,2026,0.53,0.53,11000000.0,10788462,18530080,18174116,7385654,3692827,STD,UFA
Cale Makar,D,25,9000000.0,3,2027,0.64,0.66,27000000.0,25974852,34659911,33320501,7345649,2448550,STD,RFA
Michael Amadio,C,28,2600000.0,3,2027,0.29,0.29,7800000.0,7503846,15433353,14845077,7341230,2447077,STD,UFA
Warren Foegele,LW,28,3500000.0,3,2027,0.34,0.34,10500000.0,10101331,18094276,17404572,7303241,2434414,STD,UFA
John Leonard,LW,25,775000.0,2,2026,0.25,0.26,1550000.0,1520192,8922096,8747208,7227016,3613508,STD,UFA
Mathieu Joseph,RW,28,900000.0,2,2026,0.25,0.26,1800000.0,1765385,8878477,8705267,6939882,3469941,STD,UFA
Ty Emberson,D,24,1300000.0,2,2026,0.27,0.28,2600000.0,2550000,9643647,9454468,6904468,3452234,STD,RFA
Kyle Connor,LW,27,12000000.0,9,2033,0.73,0.73,108000000.0,92792938,115467459,99490115,6697177,744131,STD,UFA
Tyler Toffoli,RW,32,6000000.0,4,2028,0.45,0.44,24000000.0,22650546,30931957,29221152,6570606,1642652,STD,UFA
Michael Bunting,LW,28,4500000.0,2,2026,0.44,0.44,9000000.0,8826923,15626120,15321269,6494346,3247173,STD,UFA
Jordan Martinook,C,31,3050000.0,3,2027,0.31,0.3,9150000.0,8802589,15873657,15278786,6476197,2158732,STD,UFA
Mason Appleton,C,28,2900000.0,3,2027,0.29,0.29,8700000.0,8369675,15433353,14845077,6475402,2158467,STD,UFA
Eric Robinson,LW,30,1700000.0,4,2028,0.2,0.2,6800000.0,6417655,13533041,12785624,6367969,1591992,STD,UFA
Tyler Kleven,D,23,1600000.0,2,2026,0.27,0.28,3200000.0,3138462,9685620,9494827,6356365,3178183,STD,RFA
Elias Lindholm,C,29,7750000.0,7,2031,0.53,0.5,54250000.0,48376561,61138050,54697162,6320601,902943,STD,UFA
Troy Stecher,D,30,787500.0,2,2026,0.23,0.23,1575000.0,1544712,7968240,7816577,6271865,3135933,STD,UFA
William Borgen,D,28,4100000.0,5,2029,0.31,0.31,20500000.0,18982570,27058244,25079901,6097331,1219466,STD,UFA
Mark Kastelic,C,25,1566667.0,3,2027,0.2,0.21,4700001.0,4521549,10831222,10412657,5891107,1963702,STD,RFA
Beck Malenstyn,LW,26,1350000.0,2,2026,0.24,0.24,2700000.0,2648077,8464505,8300485,5652408,2826204,STD,RFA
Ilya Solovyov,D,24,775000.0,2,2026,0.2,0.2,1550000.0,1520192,7143442,7003310,5483117,2741559,STD,RFA
Tye Kartye,LW,23,1250000.0,3,2027,0.17,0.18,3750000.0,3607618,9349712,8984288,5376670,1792223,STD,RFA
Aliaksei Protas,C,24,3375000.0,4,2028,0.26,0.28,13500000.0,12740932,19207660,18099254,5358321,1339580,STD,RFA
Nikolas Matinpalo,D,26,875000.0,2,2026,0.2,0.2,1750000.0,1716346,7053754,6917071,5200725,2600362,STD,RFA
Jason Robertson,LW,25,7750000.0,2,2026,0.58,0.59,15500000.0,15201923,20699263,20293522,5091599,2545800,STD,RFA
Chris Kreider,LW,33,6500000.0,2,2026,0.52,0.52,13000000.0,12750000,18171570,17822664,5072664,2536332,STD,UFA
Henry Thrun,D,23,1000000.0,2,2026,0.2,0.2,2000000.0,1961538,7174533,7033205,5071667,2535833,STD,RFA
Dakota Mermis,D,30,812500.0,3,2027,0.15,0.15,2437500.0,2344952,7675892,7389940,5044988,1681663,STD,UFA
Kyle Palmieri,RW,34,4750000.0,2,2026,0.43,0.42,9500000.0,9317308,14600236,14328111,5010804,2505402,STD,UFA
Joona Koppanen,C,27,775000.0,1,2025,0.33,0.33,775000.0,775000,5775000,5775000,5000000,5000000,STD,UFA
Taylor Raddysh,RW,26,1500000.0,3,2027,0.18,0.18,4500000.0,4329142,9650807,9278644,4949502,1649834,STD,UFA
Pontus Holmberg,C,25,1550000.0,3,2027,0.18,0.19,4650000.0,4473447,9748100,9371391,4897944,1632648,STD,UFA
Noah Juulsen,D,27,900000.0,2,2026,0.19,0.2,1800000.0,1765385,6758169,6626124,4860740,2430370,STD,UFA
Charlie McAvoy,D,26,9500000.0,5,2029,0.58,0.61,47500000.0,43984005,52816231,48838036,4854031,970806,STD,RFA
Kailer Yamamoto,RW,25,775000.0,2,2026,0.18,0.18,1550000.0,1520192,6423909,6297990,4777797,2388899,STD,UFA
Colton White,D,27,775000.0,2,2026,0.18,0.18,1550000.0,1520192,6402476,6277381,4757189,2378594,STD,UFA
Jack Ahcan,D,27,775000.0,2,2026,0.18,0.18,1550000.0,1520192,6402476,6277381,4757189,2378594,STD,UFA
Michael McCarron,RW,29,900000.0,1,2025,0.32,0.32,900000.0,900000,5600000,5600000,4700000,4700000,STD,UFA
Anthony Beauvillier,C,27,2750000.0,3,2027,0.24,0.25,8250000.0,7936760,13000620,12497047,4560286,1520095,STD,UFA
Ryan McLeod,C,24,5000000.0,5,2029,0.32,0.34,25000000.0,23149476,29992201,27705724,4556248,911250,STD,RFA
Sean Kuraly,C,31,1850000.0,3,2027,0.2,0.19,5550000.0,5339275,10241069,9857281,4518006,1506002,STD,UFA
Teddy Blueger,C,30,1800000.0,1,2025,0.35,0.35,1800000.0,1800000,6125000,6125000,4325000,4325000,STD,UFA
Nate Schmidt,D,32,3500000.0,4,2028,0.27,0.26,14000000.0,13212819,18559174,17532691,4319873,1079968,STD,UFA
Pavel Zacha,C,27,4750000.0,2,2026,0.39,0.4,9500000.0,9317308,13872032,13600992,4283684,2141842,STD,UFA
Sam Steel,C,27,2100000.0,2,2026,0.24,0.24,4200000.0,4119231,8536635,8369841,4250610,2125305,STD,UFA
Cole Perfetti,C,22,3250000.0,2,2026,0.31,0.3,6500000.0,6375000,10738359,10533999,4158999,2079500,STD,RFA
Alex Turcotte,C,24,775000.0,2,2026,0.16,0.16,1550000.0,1520192,5714754,5602648,4082455,2041228,STD,RFA
Jack Roslovic,C,27,1500000.0,2,2026,0.2,0.2,3000000.0,2942308,7113862,6974868,4032560,2016280,STD,UFA
Tyson Jost,C,26,775000.0,2,2026,0.16,0.16,1550000.0,1520192,5643003,5533657,4013464,2006732,STD,UFA
Dennis Cholowski,D,26,775000.0,2,2026,0.16,0.16,1550000.0,1520192,5643003,5533657,4013464,2006732,STD,UFA
Steven Santini,D,30,775000.0,2,2026,0.16,0.16,1550000.0,1520192,5543123,5437619,3917426,1958713,STD,UFA
Vinnie Hinostroza,RW,30,775000.0,2,2026,0.16,0.16,1550000.0,1520192,5543123,5437619,3917426,1958713,STD,UFA
Brendan Gaunce,C,30,775000.0,2,2026,0.16,0.16,1550000.0,1520192,5543123,5437619,3917426,1958713,STD,UFA
Brendan Smith,D,35,800000.0,2,2026,0.16,0.16,1600000.0,1569231,5568969,5462470,3893239,1946619,STD,UFA
Thomas Harley,D,23,10587000.0,9,2033,0.56,0.64,95283000.0,81866570,100290347,85663053,3796483,421831,STD,RFA
Tobias Bjornfot,D,23,775000.0,2,2026,0.15,0.16,1550000.0,1520192,5380900,5274904,3754711,1877356,STD,RFA
Alec Regula,D,24,775000.0,2,2026,0.15,0.16,1550000.0,1520192,5357582,5252482,3732290,1866145,STD,RFA
Justin Sourdif,RW,23,825000.0,2,2026,0.15,0.16,1650000.0,1618269,5380900,5274904,3656635,1828317,STD,RFA
Patrick Kane,RW,36,3000000.0,1,2025,0.38,0.38,3000000.0,3000000,6650000,6650000,3650000,3650000,STD,UFA
Luke Schenn,D,34,2750000.0,2,2026,0.27,0.26,5500000.0,5394231,9167590,8996721,3602490,1801245,STD,UFA
Daemon Hunt,D,22,775000.0,2,2026,0.15,0.15,1550000.0,1520192,5195980,5097096,3576904,1788452,STD,RFA
Jordan Staal,C,36,2900000.0,2,2026,0.27,0.27,5800000.0,5688462,9405755,9225726,3537264,1768632,STD,UFA
Travis Hamonic,D,33,1000000.0,2,2026,0.16,0.16,2000000.0,1961538,5591252,5483897,3522358,1761179,STD,UFA
Justin Barron,D,22,1150000.0,2,2026,0.17,0.17,2300000.0,2255769,5888778,5776709,3520940,1760470,STD,RFA
Auston Matthews,C,26,13250000.0,3,2027,0.81,0.83,39750000.0,38240754,43428630,41753900,3513146,1171049,STD,UFA
Jake Bean,D,26,1750000.0,2,2026,0.2,0.2,3500000.0,3432692,7053754,6917071,3484379,1742189,STD,UFA
Robert Thomas,C,25,8125000.0,6,2030,0.47,0.5,48750000.0,44296056,52707927,47775393,3479336,579889,STD,RFA
Brett Kulak,D,30,2750000.0,2,2026,0.26,0.26,5500000.0,5394231,9007575,8836130,3441899,1720950,STD,UFA
Tyler Tucker,D,24,925000.0,2,2026,0.15,0.16,1850000.0,1814423,5357582,5252482,3438059,1719030,STD,RFA
Nicolas Roy,C,27,3000000.0,3,2027,0.23,0.24,9000000.0,8658284,12458928,11976336,3318052,1106017,STD,RFA
Trevor van Riemsdyk,D,33,3000000.0,1,2025,0.36,0.36,3000000.0,3000000,6300000,6300000,3300000,3300000,STD,UFA
Gustav Nyquist,C,34,3250000.0,2,2026,0.29,0.28,6500000.0,6375000,9846671,9663145,3288145,1644072,STD,UFA
Jack Drury,C,24,1725000.0,2,2026,0.19,0.2,3450000.0,3383654,6786270,6653144,3269490,1634745,STD,RFA
Teuvo Teravainen,C,29,5400000.0,3,2027,0.38,0.37,16200000.0,15584911,19588832,18854386,3269475,1089825,STD,UFA
Dylan McIlrath,D,32,800000.0,2,2026,0.14,0.14,1600000.0,1569231,4894738,4800710,3231479,1615740,STD,UFA
Mark Jankowski,C,30,800000.0,1,2025,0.23,0.23,800000.0,800000,4025000,4025000,3225000,3225000,STD,UFA
Garnet Hathaway,RW,32,2400000.0,2,2026,0.23,0.23,4800000.0,4707692,8041356,7886880,3179188,1589594,STD,UFA
Emil Andrae,D,23,903333.0,1,2025,0.23,0.23,903333.0,903333,4025000,4025000,3121667,3121667,ELC,
Reilly Smith,RW,34,2000000.0,1,2025,0.29,0.29,2000000.0,2000000,5075000,5075000,3075000,3075000,STD,UFA
Nick DeSimone,D,30,800000.0,1,2025,0.22,0.22,800000.0,800000,3850000,3850000,3050000,3050000,STD,UFA
Filip Hallander,C,24,775000.0,2,2026,0.13,0.14,1550000.0,1520192,4643237,4552151,3031959,1515979,STD,RFA
Lars Eller,C,35,1250000.0,2,2026,0.16,0.16,2500000.0,2451923,5568969,5462470,3010547,1505273,STD,UFA
Connor Clifton,D,29,3333333.0,2,2026,0.28,0.28,6666666.0,6538461,9715851,9530626,2992165,1496082,STD,UFA
Mike Reilly,D,30,1100000.0,2,2026,0.15,0.15,2200000.0,2157692,5196678,5097767,2940075,1470038,STD,UFA
Brayden Pachal,D,25,1187500.0,2,2026,0.15,0.16,2375000.0,2329327,5353258,5248325,2918998,1459499,STD,RFA
Zach Benson,C,19,950000.0,2,2026,0.15,0.14,1900000.0,1863462,4951909,4781643,2918181,1459091,ELC,
Philippe Myers,D,27,850000.0,2,2026,0.13,0.13,1700000.0,1667308,4624011,4533664,2866356,1433178,STD,UFA
Evgenii Dadonov,RW,35,1000000.0,2,2026,0.14,0.14,2000000.0,1961538,4872847,4779661,2818123,1409061,STD,UFA
Victor Soderstrom,D,24,775000.0,1,2025,0.2,0.2,775000.0,775000,3500000,3500000,2725000,2725000,STD,RFA
Brandon Saad,LW,32,2000000.0,1,2025,0.27,0.27,2000000.0,2000000,4725000,4725000,2725000,2725000,STD,UFA
MacKenzie MacEachern,LW,30,775000.0,3,2027,0.1,0.1,2325000.0,2236723,5117261,4926626,2689903,896634,STD,UFA
Philip Tomasino,C,22,1750000.0,2,2026,0.18,0.18,3500000.0,3432692,6235176,6116516,2683823,1341912,STD,UFA
Shane Wright,C,20,886666.0,1,2025,0.2,0.2,886666.0,886666,3500000,3500000,2613334,2613334,ELC,
Alex Steeves,C,25,1625000.0,3,2027,0.14,0.15,4875000.0,4689904,7581856,7288860,2598956,866319,STD,UFA
Philipp Kurashev,C,24,1200000.0,2,2026,0.14,0.15,2400000.0,2353846,5000409,4902317,2548471,1274235,STD,UFA
Conor Timmins,D,25,2200000.0,3,2027,0.17,0.18,6600000.0,6349408,9206539,8850758,2501350,833783,STD,RFA
Jamie Benn,LW,35,1000000.0,1,2025,0.2,0.2,1000000.0,1000000,3500000,3500000,2500000,2500000,STD,UFA
Connor Brown,RW,30,3000000.0,5,2029,0.21,0.2,15000000.0,13889686,17662318,16376223,2486538,497308,STD,UFA
William Karlsson,C,32,5900000.0,2,2026,0.41,0.41,11800000.0,11573077,14334591,14059222,2486145,1243072,STD,RFA
Declan Chisholm,D,25,1600000.0,2,2026,0.16,0.16,3200000.0,3138462,5710142,5598213,2459752,1229876,STD,RFA
Colin Miller,D,31,1500000.0,2,2026,0.16,0.16,3000000.0,2942308,5499326,5395506,2453198,1226599,STD,UFA
Pius Suter,C,28,4125000.0,3,2027,0.28,0.28,12375000.0,11905141,14901169,14333177,2428037,809346,STD,UFA
Jeremy Lauzon,D,28,2000000.0,1,2025,0.25,0.25,2000000.0,2000000,4375000,4375000,2375000,2375000,STD,RFA
Ben Hutton,D,31,975000.0,1,2025,0.19,0.19,975000.0,975000,3325000,3325000,2350000,2350000,STD,UFA
Matthew Kessel,D,24,800000.0,1,2025,0.18,0.18,800000.0,800000,3150000,3150000,2350000,2350000,STD,RFA
Nikita Nesterenko,C,23,787500.0,2,2026,0.11,0.12,1575000.0,1544712,3945993,3868263,2323551,1161776,STD,RFA
Tage Thompson,C,26,7142857.0,5,2029,0.42,0.44,35714285.0,33070680,38246236,35365474,2294795,458959,STD,RFA
Jansen Harkins,C,27,787500.0,2,2026,0.11,0.11,1575000.0,1544712,3912624,3836177,2291466,1145733,STD,UFA
Jake Christiansen,D,25,975000.0,2,2026,0.12,0.12,1950000.0,1912500,4282606,4198660,2286160,1143080,STD,RFA
Conor Sheary,LW,32,775000.0,2,2026,0.11,0.11,1550000.0,1520192,3845866,3771986,2251794,1125897,STD,UFA
Aatu Räty,C,22,775000.0,2,2026,0.11,0.11,1550000.0,1520192,3810386,3737871,2217678,1108839,STD,RFA
Olli Maatta,D,30,3500000.0,3,2027,0.25,0.24,10500000.0,10101331,12793153,12316566,2215235,738412,STD,UFA
Steven Lorentz,C,29,1350000.0,3,2027,0.12,0.12,4050000.0,3896228,6185947,5954017,2057789,685930,STD,UFA
Radek Faksa,C,30,2000000.0,4,2028,0.15,0.15,8000000.0,7550182,10149781,9589218,2039036,509759,STD,UFA
Sean Walker,D,29,3600000.0,5,2029,0.24,0.23,18000000.0,16667623,20160760,18699291,2031668,406334,STD,UFA
Isac Lundestrom,C,24,1300000.0,3,2027,0.11,0.11,3900000.0,3751923,6011612,5777411,2025488,675163,STD,UFA
Adam Ginning,D,25,787500.0,1,2025,0.16,0.16,787500.0,787500,2800000,2800000,2012500,2012500,STD,RFA
Adam Boqvist,D,24,850000.0,1,2025,0.16,0.16,850000.0,850000,2800000,2800000,1950000,1950000,STD,RFA
Justin Kirkland,C,28,900000.0,1,2025,0.16,0.16,900000.0,900000,2800000,2800000,1900000,1900000,STD,UFA
Elmer Soderblom,LW,22,1125000.0,3,2027,0.1,0.1,3375000.0,3246857,5263445,5061764,1814908,604969,STD,RFA
Tyler Pitlick,C,32,775000.0,3,2027,0.08,0.08,2325000.0,2236723,4189622,4030826,1794103,598034,STD,UFA
Joel Kiviranta,LW,28,1250000.0,2,2026,0.12,0.12,2500000.0,2451923,4261669,4178528,1726605,863302,STD,UFA
Jacob Bryson,D,27,900000.0,1,2025,0.15,0.15,900000.0,900000,2625000,2625000,1725000,1725000,STD,UFA
Nils Lundkvist,D,24,1250000.0,1,2025,0.17,0.17,1250000.0,1250000,2975000,2975000,1725000,1725000,STD,RFA
Zach Bogosian,D,34,1250000.0,1,2025,0.17,0.17,1250000.0,1250000,2975000,2975000,1725000,1725000,STD,UFA
Marcus Johansson,C,34,800000.0,1,2025,0.14,0.14,800000.0,800000,2450000,2450000,1650000,1650000,STD,UFA
Pavol Regenda,LW,24,775000.0,2,2026,0.09,0.09,1550000.0,1520192,3214549,3151489,1631297,815649,STD,UFA
Rasmus Andersson,D,28,4550000.0,1,2025,0.35,0.35,4550000.0,4550000,6125000,6125000,1575000,1575000,STD,RFA
Parker Kelly,C,25,1700000.0,5,2029,0.11,0.12,8500000.0,7870822,10213843,9437301,1566479,313296,STD,UFA
Jesper Boqvist,C,26,1500000.0,2,2026,0.13,0.13,3000000.0,2942308,4584940,4496096,1553788,776894,STD,RFA
Vladislav Kolyachonok,D,24,775000.0,1,2025,0.13,0.13,775000.0,775000,2275000,2275000,1500000,1500000,STD,RFA
Urho Vaakanainen,D,26,1550000.0,2,2026,0.13,0.13,3100000.0,3040385,4584940,4496096,1455711,727856,STD,RFA
John Beecher,C,24,900000.0,1,2025,0.13,0.13,900000.0,900000,2275000,2275000,1375000,1375000,STD,RFA
Jacob Moverare,D,26,775000.0,1,2025,0.12,0.12,775000.0,775000,2100000,2100000,1325000,1325000,STD,UFA
Claude Giroux,C,37,2000000.0,1,2025,0.19,0.19,2000000.0,2000000,3325000,3325000,1325000,1325000,STD,UFA
Dylan Holloway,C,22,2290457.0,2,2026,0.17,0.17,4580914.0,4492820,5888778,5776709,1283890,641945,STD,RFA
Jordan Spence,D,23,1500000.0,2,2026,0.12,0.12,3000000.0,2942308,4304720,4219923,1277615,638808,STD,RFA
Nick Cousins,C,31,825000.0,1,2025,0.12,0.12,825000.0,825000,2100000,2100000,1275000,1275000,STD,UFA
Tanner Laczynski,C,27,775000.0,2,2026,0.08,0.08,1550000.0,1520192,2845545,2789947,1269755,634877,STD,UFA
Jeffrey Viel,LW,27,775000.0,2,2026,0.08,0.08,1550000.0,1520192,2845545,2789947,1269755,634877,STD,UFA
Nathan Bastian,RW,26,775000.0,2,2026,0.08,0.08,1550000.0,1520192,2821502,2766828,1246636,623318,STD,UFA
Kyle Capobianco,D,26,775000.0,2,2026,0.08,0.08,1550000.0,1520192,2821502,2766828,1246636,623318,STD,UFA
Dylan Strome,C,27,5000000.0,3,2027,0.3,0.31,15000000.0,14430473,16250775,15621308,1190835,396945,STD,RFA
Ian Cole,D,36,2800000.0,1,2025,0.22,0.22,2800000.0,2800000,3850000,3850000,1050000,1050000,STD,UFA
Peyton Krebs,C,23,1450000.0,2,2026,0.11,0.12,2900000.0,2844231,3945993,3868263,1024032,512016,STD,RFA
Michael Eyssimont,C,27,1450000.0,3,2027,0.1,0.1,4350000.0,4184837,5416925,5207103,1022266,340755,STD,UFA
Kasperi Kapanen,C,28,1300000.0,1,2025,0.13,0.13,1300000.0,1300000,2275000,2275000,975000,975000,STD,UFA
Oskar Sundqvist,C,30,1500000.0,1,2025,0.14,0.14,1500000.0,1500000,2450000,2450000,950000,950000,STD,UFA
Jeff Malott,LW,27,775000.0,2,2026,0.07,0.07,1550000.0,1520192,2489852,2441204,921011,460506,STD,UFA
Samuel Girard,D,26,5000000.0,2,2026,0.31,0.31,10000000.0,9807692,10933318,10721460,913768,456884,STD,RFA
David Kampf,C,29,1100000.0,2,2026,0.09,0.09,2200000.0,2157692,3122952,3063415,905723,452862,STD,UFA
Noah Gregor,LW,26,775000.0,2,2026,0.07,0.07,1550000.0,1520192,2468814,2420975,900783,450391,STD,UFA
Michael Kesselring,D,25,1400000.0,1,2025,0.13,0.13,1400000.0,1400000,2275000,2275000,875000,875000,STD,RFA
Cole Schwindt,RW,23,825000.0,2,2026,0.07,0.07,1650000.0,1618269,2511087,2461622,843353,421676,STD,RFA
David Jiricek,D,20,918333.0,1,2025,0.1,0.1,918333.0,918333,1750000,1750000,831667,831667,ELC,
Cole Koepke,LW,26,1000000.0,2,2026,0.08,0.08,2000000.0,1961538,2821502,2766828,805290,402645,STD,UFA
Mattias Janmark,C,31,1450000.0,3,2027,0.1,0.1,4350000.0,4184837,5120535,4928641,743803,247934,STD,UFA
Tanner Pearson,LW,31,1000000.0,2,2026,0.08,0.08,2000000.0,1961538,2749663,2697753,736215,368107,STD,UFA
Hendrix Lapierre,C,22,850000.0,2,2026,0.07,0.07,1700000.0,1667308,2424791,2378645,711337,355669,STD,RFA
Keegan Kolesar,RW,27,2500000.0,3,2027,0.15,0.15,7500000.0,7215237,8125388,7810654,595418,198473,STD,UFA
Ben Jones,C,25,775000.0,2,2026,0.06,0.06,1550000.0,1520192,2141303,2099330,579138,289569,STD,UFA
Luke Glendening,C,35,775000.0,2,2026,0.06,0.06,1550000.0,1520192,2088363,2048426,528234,264117,STD,UFA
Andre Burakovsky,LW,29,5500000.0,3,2027,0.33,0.32,16500000.0,15873521,17011354,16373546,500025,166675,STD,UFA
Paul Cotter,C,24,775000.0,1,2025,0.07,0.07,775000.0,775000,1225000,1225000,450000,450000,STD,RFA
Juho Lammikko,C,29,800000.0,1,2025,0.07,0.07,800000.0,800000,1225000,1225000,425000,425000,STD,UFA
Nathan Walker,LW,30,887500.0,3,2027,0.06,0.06,2662500.0,2561409,3070357,2955976,394567,131522,STD,UFA
Pavel Mintyukov,D,20,918333.0,1,2025,0.07,0.07,918333.0,918333,1225000,1225000,306667,306667,ELC,
Cole Reinhardt,LW,24,812500.0,3,2027,0.05,0.05,2437500.0,2344952,2732551,2626096,281144,93715,STD,UFA
Jonny Brodzinski,C,31,787500.0,1,2025,0.06,0.06,787500.0,787500,1050000,1050000,262500,262500,STD,UFA
Viktor Arvidsson,LW,31,4000000.0,2,2026,0.24,0.24,8000000.0,7846154,8248989,8093259,247105,123553,STD,UFA
Jack Studnicka,C,25,775000.0,2,2026,0.05,0.05,1550000.0,1520192,1784419,1749442,229249,114625,STD,UFA
Robby Fabbri,C,28,775000.0,2,2026,0.05,0.05,1550000.0,1520192,1775695,1741053,220861,110431,STD,UFA
Adam Erne,LW,29,775000.0,2,2026,0.05,0.05,1550000.0,1520192,1734973,1701897,181705,90853,STD,UFA
Scott Sabourin,RW,31,775000.0,2,2026,0.05,0.05,1550000.0,1520192,1718539,1686096,165903,82952,STD,UFA
Anthony Duclair,C,28,3500000.0,4,2028,0.2,0.2,14000000.0,13212819,14112675,13321897,109079,27270,STD,UFA
Cody Glass,C,25,2500000.0,3,2027,0.14,0.15,7500000.0,7215237,7581856,7288860,73623,24541,STD,RFA
William Carrier,LW,29,2000000.0,6,2030,0.12,0.12,12000000.0,10903645,12019426,10943400,39756,6626,STD,UFA
Owen Beck,C,20,853333.0,1,2025,0.05,0.05,853333.0,853333,875000,875000,21667,21667,ELC,
Joseph Veleno,C,24,900000.0,2,2026,0.05,0.05,1800000.0,1765385,1785861,1750827,-14557,-7279,STD,RFA
Logan Stanley,D,26,1250000.0,2,2026,0.07,0.07,2500000.0,2451923,2468814,2420975,-30948,-15474,STD,RFA
Luke Evangelista,RW,22,3000000.0,3,2027,0.17,0.17,9000000.0,8658284,8947856,8604999,-53285,-17762,STD,RFA
Boone Jenner,C,31,3750000.0,1,2025,0.21,0.21,3750000.0,3750000,3675000,3675000,-75000,-75000,STD,UFA
Sammy Blais,LW,28,775000.0,2,2026,0.04,0.04,1550000.0,1520192,1420556,1392843,-127350,-63675,STD,UFA
Miro Heiskanen,D,24,8450000.0,5,2029,0.45,0.48,42250000.0,39122615,42176532,38961175,-161440,-32288,STD,RFA
Matthew Knies,LW,22,7750000.0,6,2030,0.42,0.44,46500000.0,42251623,46453394,42067307,-184316,-30719,STD,RFA
Nick Jensen,D,34,4050000.0,1,2025,0.22,0.22,4050000.0,4050000,3850000,3850000,-200000,-200000,STD,UFA
Kaiden Guhle,D,22,5550000.0,6,2030,0.3,0.32,33300000.0,30257614,33180996,30048077,-209537,-34923,STD,RFA
Darren Raddysh,D,28,975000.0,1,2025,0.04,0.04,975000.0,975000,700000,700000,-275000,-275000,STD,UFA
Casey Cizikas,C,33,2500000.0,3,2027,0.14,0.14,7500000.0,7215237,7188714,6921531,-293705,-97902,STD,UFA
Cole Smith,LW,29,1000000.0,1,2025,0.04,0.04,1000000.0,1000000,700000,700000,-300000,-300000,STD,UFA
Jonatan Berggren,RW,24,1825000.0,1,2025,0.08,0.08,1825000.0,1825000,1400000,1400000,-425000,-425000,STD,RFA
Lukas Reichel,C,22,1200000.0,1,2025,0.04,0.04,1200000.0,1200000,700000,700000,-500000,-500000,STD,RFA
Jonas Brodin,D,31,6000000.0,3,2027,0.34,0.33,18000000.0,17316568,17409818,16757378,-559190,-186397,STD,UFA
Danton Heinen,LW,28,2250000.0,2,2026,0.11,0.11,4500000.0,4413462,3906530,3830317,-583144,-291572,STD,UFA
Matt Grzelcyk,D,30,1000000.0,2,2026,0.04,0.04,2000000.0,1961538,1385781,1359405,-602134,-301067,STD,UFA
Bobby McMann,C,28,1350000.0,1,2025,0.04,0.04,1350000.0,1350000,700000,700000,-650000,-650000,STD,UFA
Taylor Hall,LW,33,3166667.0,3,2027,0.17,0.17,9500001.0,9139301,8729153,8404716,-734584,-244861,STD,UFA
Matt Martin,LW,35,775000.0,1,2025,0.0,0.0,775000.0,775000,0,0,-775000,-775000,STD,UFA
Connor Carrick,D,30,775000.0,1,2025,0.0,0.0,775000.0,775000,0,0,-775000,-775000,STD,UFA
Alexander Nylander,C,26,775000.0,1,2025,0.0,0.0,775000.0,775000,0,0,-775000,-775000,STD,UFA
Tyler Johnson,C,34,775000.0,1,2025,0.0,0.0,775000.0,775000,0,0,-775000,-775000,STD,UFA
Robert Bortuzzo,D,35,775000.0,1,2025,0.0,0.0,775000.0,775000,0,0,-775000,-775000,STD,UFA
Roby Jarventie,LW,22,775000.0,1,2025,0.0,0.0,775000.0,775000,0,0,-775000,-775000,STD,RFA
Joe Snively,LW,28,775000.0,1,2025,0.0,0.0,775000.0,775000,0,0,-775000,-775000,STD,UFA
Jesse Ylonen,RW,24,775000.0,1,2025,0.0,0.0,775000.0,775000,0,0,-775000,-775000,STD,UFA
Lassi Thomson,D,24,775000.0,1,2025,0.0,0.0,775000.0,775000,0,0,-775000,-775000,STD,RFA
Travis Dermott,D,27,775000.0,1,2025,0.0,0.0,775000.0,775000,0,0,-775000,-775000,STD,UFA
Bokondji Imama,LW,28,775000.0,1,2025,0.0,0.0,775000.0,775000,0,0,-775000,-775000,STD,UFA
Kevin Labanc,RW,28,775000.0,1,2025,0.0,0.0,775000.0,775000,0,0,-775000,-775000,STD,UFA
Jack Johnson,D,37,775000.0,1,2025,0.0,0.0,775000.0,775000,0,0,-775000,-775000,STD,UFA
Guillaume Brisebois,D,27,775000.0,1,2025,0.0,0.0,775000.0,775000,0,0,-775000,-775000,STD,UFA
Gustav Lindstrom,D,25,775000.0,1,2025,0.0,0.0,775000.0,775000,0,0,-775000,-775000,STD,UFA
Jakub Vrana,LW,28,775000.0,1,2025,0.0,0.0,775000.0,775000,0,0,-775000,-775000,STD,UFA
Corey Schueneman,D,29,775000.0,1,2025,0.0,0.0,775000.0,775000,0,0,-775000,-775000,STD,UFA
Devin Shore,C,29,775000.0,1,2025,0.0,0.0,775000.0,775000,0,0,-775000,-775000,STD,UFA
Adam Raska,RW,22,775000.0,1,2025,0.0,0.0,775000.0,775000,0,0,-775000,-775000,STD,RFA
Maxime Lajoie,D,26,775000.0,1,2025,0.0,0.0,775000.0,775000,0,0,-775000,-775000,STD,UFA
Clark Bishop,C,29,775000.0,1,2025,0.0,0.0,775000.0,775000,0,0,-775000,-775000,STD,UFA
Egor Sokolov,LW,24,775000.0,1,2025,0.0,0.0,775000.0,775000,0,0,-775000,-775000,STD,RFA
Ryan Suter,D,39,775000.0,1,2025,0.0,0.0,775000.0,775000,0,0,-775000,-775000,STD,UFA
Dylan Gambrell,C,27,775000.0,1,2025,0.0,0.0,775000.0,775000,0,0,-775000,-775000,STD,UFA
Andreas Englund,D,29,775000.0,1,2025,0.0,0.0,775000.0,775000,0,0,-775000,-775000,STD,UFA
Tyce Thompson,RW,24,775000.0,1,2025,0.0,0.0,775000.0,775000,0,0,-775000,-775000,STD,RFA
Samuel Walker,C,25,775000.0,1,2025,0.0,0.0,775000.0,775000,0,0,-775000,-775000,STD,RFA
Chad Ruhwedel,D,34,775000.0,1,2025,0.0,0.0,775000.0,775000,0,0,-775000,-775000,STD,UFA
Kieffer Bellows,LW,26,775000.0,1,2025,0.0,0.0,775000.0,775000,0,0,-775000,-775000,STD,UFA
Hardy Haman Aktell,D,25,775000.0,1,2025,0.0,0.0,775000.0,775000,0,0,-775000,-775000,STD,RFA
Milos Kelemen,RW,24,775000.0,1,2025,0.0,0.0,775000.0,775000,0,0,-775000,-775000,STD,RFA
Santeri Hatakka,D,23,775000.0,1,2025,0.0,0.0,775000.0,775000,0,0,-775000,-775000,STD,RFA
Austin Watson,LW,33,775000.0,1,2025,0.0,0.0,775000.0,775000,0,0,-775000,-775000,STD,UFA
Kole Lind,RW,26,775000.0,1,2025,0.0,0.0,775000.0,775000,0,0,-775000,-775000,STD,UFA
Patrick Brown,C,32,775000.0,1,2025,0.0,0.0,775000.0,775000,0,0,-775000,-775000,STD,UFA
Jesse Puljujarvi,RW,26,775000.0,1,2025,0.0,0.0,775000.0,775000,0,0,-775000,-775000,STD,UFA
Marc McLaughlin,C,25,775000.0,1,2025,0.0,0.0,775000.0,775000,0,0,-775000,-775000,STD,UFA
Luke Philp,C,28,775000.0,1,2025,0.0,0.0,775000.0,775000,0,0,-775000,-775000,STD,UFA
Filip Roos,D,25,775000.0,1,2025,0.0,0.0,775000.0,775000,0,0,-775000,-775000,STD,UFA
Fredrik Karlstrom,C,26,775000.0,1,2025,0.0,0.0,775000.0,775000,0,0,-775000,-775000,STD,UFA
Matthew Phillips,RW,26,775000.0,1,2025,0.0,0.0,775000.0,775000,0,0,-775000,-775000,STD,UFA
Robert Hagg,D,29,775000.0,1,2025,0.0,0.0,775000.0,775000,0,0,-775000,-775000,STD,UFA
Reilly Walsh,D,25,775000.0,1,2025,0.0,0.0,775000.0,775000,0,0,-775000,-775000,STD,UFA
Liam Foudy,C,25,775000.0,1,2025,0.0,0.0,775000.0,775000,0,0,-775000,-775000,STD,RFA
Julien Gauthier,RW,27,775000.0,1,2025,0.0,0.0,775000.0,775000,0,0,-775000,-775000,STD,UFA
Joakim Ryan,D,31,775000.0,1,2025,0.0,0.0,775000.0,775000,0,0,-775000,-775000,STD,UFA
Valtteri Puustinen,RW,25,775000.0,1,2025,0.0,0.0,775000.0,775000,0,0,-775000,-775000,STD,UFA
John Ludvig,D,23,775000.0,1,2025,0.0,0.0,775000.0,775000,0,0,-775000,-775000,STD,RFA
Nathan Smith,C,25,775000.0,1,2025,0.0,0.0,775000.0,775000,0,0,-775000,-775000,STD,UFA
Reese Johnson,C,25,775000.0,1,2025,0.0,0.0,775000.0,775000,0,0,-775000,-775000,STD,UFA
Mac Hollowell,D,25,775000.0,1,2025,0.0,0.0,775000.0,775000,0,0,-775000,-775000,STD,UFA
Brandon Biro,C,26,775000.0,1,2025,0.0,0.0,775000.0,775000,0,0,-775000,-775000,STD,UFA
Emil Bemstrom,C,25,775000.0,1,2025,0.0,0.0,775000.0,775000,0,0,-775000,-775000,STD,UFA
Max McCormick,LW,33,775000.0,1,2025,0.0,0.0,775000.0,775000,0,0,-775000,-775000,STD,UFA
Cam Dineen,D,27,775000.0,1,2025,0.0,0.0,775000.0,775000,0,0,-775000,-775000,STD,UFA
Jonathan Gruden,LW,25,775000.0,1,2025,0.0,0.0,775000.0,775000,0,0,-775000,-775000,STD,RFA
Hugh McGing,LW,26,775000.0,1,2025,0.0,0.0,775000.0,775000,0,0,-775000,-775000,STD,UFA
Shane Bowers,C,25,775000.0,1,2025,0.0,0.0,775000.0,775000,0,0,-775000,-775000,STD,RFA
Connor Mackey,D,28,775000.0,1,2025,0.0,0.0,775000.0,775000,0,0,-775000,-775000,STD,UFA
Brandon Gignac,C,27,775000.0,1,2025,0.0,0.0,775000.0,775000,0,0,-775000,-775000,STD,UFA
Martin Frk,RW,30,775000.0,1,2025,0.0,0.0,775000.0,775000,0,0,-775000,-775000,STD,UFA
Kevin Gravel,D,32,775000.0,1,2025,0.0,0.0,775000.0,775000,0,0,-775000,-775000,STD,UFA
Grant Hutton,D,28,775000.0,1,2025,0.0,0.0,775000.0,775000,0,0,-775000,-775000,STD,UFA
Riley Nash,C,35,775000.0,1,2025,0.0,0.0,775000.0,775000,0,0,-775000,-775000,STD,UFA
William Lockwood,RW,26,775000.0,1,2025,0.0,0.0,775000.0,775000,0,0,-775000,-775000,STD,UFA
Rhett Gardner,C,28,775000.0,1,2025,0.0,0.0,775000.0,775000,0,0,-775000,-775000,STD,UFA
Grigori Denisenko,LW,24,775000.0,1,2025,0.0,0.0,775000.0,775000,0,0,-775000,-775000,STD,RFA
Brogan Rafferty,D,29,775000.0,1,2025,0.0,0.0,775000.0,775000,0,0,-775000,-775000,STD,UFA
Brett Murray,LW,25,775000.0,1,2025,0.0,0.0,775000.0,775000,0,0,-775000,-775000,STD,UFA
Drake Caggiula,LW,30,775000.0,1,2025,0.0,0.0,775000.0,775000,0,0,-775000,-775000,STD,UFA
Gage Quinney,C,28,775000.0,1,2025,0.0,0.0,775000.0,775000,0,0,-775000,-775000,STD,UFA
Anthony Angello,RW,28,775000.0,1,2025,0.0,0.0,775000.0,775000,0,0,-775000,-775000,STD,UFA
Jakub Lauko,C,24,787500.0,1,2025,0.0,0.0,787500.0,787500,0,0,-787500,-787500,STD,RFA
Akito Hirose,D,25,787500.0,1,2025,0.0,0.0,787500.0,787500,0,0,-787500,-787500,STD,RFA
Mitchell Chaffee,RW,27,800000.0,1,2025,0.0,0.0,800000.0,800000,0,0,-800000,-800000,STD,UFA
Josh Archibald,RW,31,800000.0,1,2025,0.0,0.0,800000.0,800000,0,0,-800000,-800000,STD,UFA
Trevor Lewis,C,37,800000.0,1,2025,0.0,0.0,800000.0,800000,0,0,-800000,-800000,STD,UFA
Jarred Tinordi,D,32,800000.0,1,2025,0.0,0.0,800000.0,800000,0,0,-800000,-800000,STD,UFA
Egor Afanasyev,LW,24,800000.0,1,2025,0.0,0.0,800000.0,800000,0,0,-800000,-800000,STD,RFA
Calvin de Haan,D,33,800000.0,1,2025,0.0,0.0,800000.0,800000,0,0,-800000,-800000,STD,UFA
Hunter McKown,C,22,800000.0,1,2025,0.0,0.0,800000.0,800000,0,0,-800000,-800000,STD,RFA
Tyler Motte,C,29,800000.0,1,2025,0.0,0.0,800000.0,800000,0,0,-800000,-800000,STD,UFA
Fraser Minten,C,20,816666.0,1,2025,0.0,0.0,816666.0,816666,0,0,-816666,-816666,ELC,
Nils Aman,C,24,825000.0,1,2025,0.0,0.0,825000.0,825000,0,0,-825000,-825000,STD,RFA
Curtis Lazar,C,29,775000.0,2,2026,0.02,0.02,1550000.0,1520192,693989,680759,-839433,-419717,STD,UFA
Matthew Poitras,C,21,870000.0,1,2025,0.0,0.0,870000.0,870000,0,0,-870000,-870000,ELC,
Max Pacioretty,LW,35,873770.0,1,2025,0.0,0.0,873770.0,873770,0,0,-873770,-873770,STD,UFA
Marco Kasper,C,20,886666.0,1,2025,-0.01,-0.01,886666.0,886666,0,0,-886666,-886666,ELC,
Alexander Holtz,RW,22,837539.0,3,2027,0.03,0.03,2512617.0,2417217,1579033,1518529,-898688,-299563,STD,RFA
Matt Nieto,LW,31,900000.0,1,2025,0.0,0.0,900000.0,900000,0,0,-900000,-900000,STD,UFA
Cam Atkinson,RW,35,900000.0,1,2025,0.0,0.0,900000.0,900000,0,0,-900000,-900000,STD,UFA
Erik Brannstrom,D,24,900000.0,1,2025,0.0,0.0,900000.0,900000,0,0,-900000,-900000,STD,UFA
Kevin Korchinski,D,20,918333.0,1,2025,0.0,0.0,918333.0,918333,0,0,-918333,-918333,ELC,
Liam O'Brien,LW,30,1000000.0,2,2026,0.03,0.03,2000000.0,1961538,1039336,1019553,-941985,-470992,STD,UFA
John Marino,D,27,4400000.0,2,2026,0.22,0.22,8800000.0,8630769,7825249,7672354,-958415,-479207,STD,RFA
Daniel Sprong,RW,27,975000.0,1,2025,0.0,0.0,975000.0,975000,0,0,-975000,-975000,STD,UFA
Brandon Tanev,LW,32,2500000.0,4,2028,0.13,0.13,10000000.0,9437728,8935899,8441666,-996061,-249015,STD,UFA
Sam Bennett,C,29,8000000.0,8,2032,0.48,0.45,64000000.0,56016437,62582092,55017414,-999024,-124878,STD,UFA
Erik Johnson,D,36,1000000.0,1,2025,0.0,0.0,1000000.0,1000000,0,0,-1000000,-1000000,STD,UFA
Craig Smith,C,34,1000000.0,1,2025,0.0,0.0,1000000.0,1000000,0,0,-1000000,-1000000,STD,UFA
Rasmus Kupari,C,24,1000000.0,1,2025,0.0,0.0,1000000.0,1000000,0,0,-1000000,-1000000,STD,RFA
Oliver Wahlstrom,RW,24,1000000.0,1,2025,0.0,0.0,1000000.0,1000000,0,0,-1000000,-1000000,STD,RFA
Ilya Lyubushkin,D,30,3250000.0,3,2027,0.17,0.17,9750000.0,9379808,8699344,8375265,-1004543,-334848,STD,UFA
Sonny Milano,LW,28,1900000.0,1,2025,0.05,0.05,1900000.0,1900000,875000,875000,-1025000,-1025000,STD,UFA
Oliver Kylington,D,27,1050000.0,1,2025,0.0,0.0,1050000.0,1050000,0,0,-1050000,-1050000,STD,UFA
Juuso Parssinen,C,24,1250000.0,2,2026,0.04,0.04,2500000.0,2451923,1428688,1400662,-1051261,-525631,STD,RFA
Ross Johnston,LW,30,1100000.0,1,2025,0.0,0.0,1100000.0,1100000,0,0,-1100000,-1100000,STD,UFA
Christian Fischer,RW,27,1125000.0,1,2025,0.0,0.0,1125000.0,1125000,0,0,-1125000,-1125000,STD,UFA
Jeff Petry,D,36,775000.0,2,2026,0.01,0.01,1550000.0,1520192,348361,341694,-1178499,-589249,STD,UFA
Daniil Miromanov,D,27,1250000.0,1,2025,0.0,0.0,1250000.0,1250000,0,0,-1250000,-1250000,STD,UFA
Tyson Barrie,D,33,1250000.0,1,2025,0.0,0.0,1250000.0,1250000,0,0,-1250000,-1250000,STD,UFA
Connor McMichael,C,23,2100000.0,2,2026,0.08,0.08,4200000.0,4119231,2869813,2813282,-1305949,-652974,STD,RFA
Sam Carrick,C,32,1000000.0,3,2027,0.03,0.03,3000000.0,2886095,1571108,1511560,-1374535,-458178,STD,UFA
Erik Haula,LW,34,3150000.0,1,2025,0.1,0.1,3150000.0,3150000,1750000,1750000,-1400000,-1400000,STD,UFA
Henri Jokiharju,D,26,3000000.0,3,2027,0.14,0.14,9000000.0,8658284,7506183,7216723,-1441561,-480520,STD,UFA
Jani Hakanpaa,D,32,1470000.0,1,2025,0.0,0.0,1470000.0,1470000,0,0,-1470000,-1470000,STD,UFA
Glenn Gawdin,C,27,775000.0,2,2026,0.0,0.0,1550000.0,1520192,0,0,-1520192,-760096,STD,UFA
Nicholas Abruzzese,C,25,775000.0,2,2026,0.0,0.0,1550000.0,1520192,0,0,-1520192,-760096,STD,UFA
Maxence Guenette,D,23,775000.0,2,2026,0.0,0.0,1550000.0,1520192,0,0,-1520192,-760096,STD,RFA
Zack MacEwen,C,27,775000.0,2,2026,0.0,0.0,1550000.0,1520192,0,0,-1520192,-760096,STD,UFA
Keaton Middleton,D,26,775000.0,2,2026,0.0,0.0,1550000.0,1520192,0,0,-1520192,-760096,STD,UFA
Jake Leschyshyn,C,25,775000.0,2,2026,0.0,0.0,1550000.0,1520192,0,0,-1520192,-760096,STD,UFA
Brett Leason,RW,25,775000.0,2,2026,0.0,0.0,1550000.0,1520192,0,0,-1520192,-760096,STD,UFA
Dylan Coghlan,D,26,775000.0,2,2026,0.0,0.0,1550000.0,1520192,0,0,-1520192,-760096,STD,UFA
Thomas Bordeleau,C,22,775000.0,2,2026,0.0,0.0,1550000.0,1520192,0,0,-1520192,-760096,STD,RFA
Ian Mitchell,D,25,775000.0,2,2026,0.0,0.0,1550000.0,1520192,0,0,-1520192,-760096,STD,UFA
Olle Lycksell,C,24,775000.0,2,2026,0.0,0.0,1550000.0,1520192,0,0,-1520192,-760096,STD,UFA
Gustav Olofsson,D,30,775000.0,2,2026,0.0,0.0,1550000.0,1520192,0,0,-1520192,-760096,STD,UFA
Christian Jaros,D,28,775000.0,2,2026,0.0,0.0,1550000.0,1520192,0,0,-1520192,-760096,STD,UFA
Dysin Mayo,D,27,775000.0,2,2026,0.0,0.0,1550000.0,1520192,0,0,-1520192,-760096,STD,UFA
Marc Del Gaizo,D,24,775000.0,2,2026,0.0,0.0,1550000.0,1520192,0,0,-1520192,-760096,STD,UFA
Lucas Condotta,C,27,775000.0,2,2026,0.0,0.0,1550000.0,1520192,0,0,-1520192,-760096,STD,UFA
Kale Clague,D,26,775000.0,2,2026,0.0,0.0,1550000.0,1520192,0,0,-1520192,-760096,STD,UFA
Jacob MacDonald,D,31,775000.0,2,2026,0.0,0.0,1550000.0,1520192,0,0,-1520192,-760096,STD,UFA
Phillip Di Giuseppe,LW,30,775000.0,2,2026,0.0,0.0,1550000.0,1520192,0,0,-1520192,-760096,STD,UFA
Cameron Hughes,C,28,775000.0,2,2026,0.0,0.0,1550000.0,1520192,0,0,-1520192,-760096,STD,UFA
Arthur Kaliyev,RW,23,775000.0,2,2026,0.0,0.0,1550000.0,1520192,0,0,-1520192,-760096,STD,UFA
Alexander Alexeyev,D,24,775000.0,2,2026,0.0,0.0,1550000.0,1520192,0,0,-1520192,-760096,STD,UFA
Sheldon Rempal,RW,28,775000.0,2,2026,0.0,0.0,1550000.0,1520192,0,0,-1520192,-760096,STD,UFA
James Hamblin,LW,25,775000.0,2,2026,0.0,0.0,1550000.0,1520192,0,0,-1520192,-760096,STD,RFA
Sean Farrell,C,22,775000.0,2,2026,0.0,0.0,1550000.0,1520192,0,0,-1520192,-760096,STD,RFA
Adam Beckman,LW,23,775000.0,2,2026,0.0,0.0,1550000.0,1520192,0,0,-1520192,-760096,STD,RFA
Walker Duehr,RW,26,775000.0,2,2026,0.0,0.0,1550000.0,1520192,0,0,-1520192,-760096,STD,UFA
Anton Blidh,LW,30,775000.0,2,2026,0.0,0.0,1550000.0,1520192,0,0,-1520192,-760096,STD,UFA
Gavin Bayreuther,D,30,775000.0,2,2026,0.0,0.0,1550000.0,1520192,0,0,-1520192,-760096,STD,UFA
Garrett Wilson,LW,33,775000.0,2,2026,0.0,0.0,1550000.0,1520192,0,0,-1520192,-760096,STD,UFA
John Hayden,C,30,775000.0,2,2026,0.0,0.0,1550000.0,1520192,0,0,-1520192,-760096,STD,UFA
Samuel Bolduc,D,23,775000.0,2,2026,0.0,0.0,1550000.0,1520192,0,0,-1520192,-760096,STD,UFA
Cole McWard,D,23,775000.0,2,2026,0.0,0.0,1550000.0,1520192,0,0,-1520192,-760096,STD,UFA
Scott Perunovich,D,25,775000.0,2,2026,0.0,0.0,1550000.0,1520192,0,0,-1520192,-760096,STD,UFA
Colin White,C,27,775000.0,2,2026,0.0,0.0,1550000.0,1520192,0,0,-1520192,-760096,STD,UFA
Lane Pederson,C,26,775000.0,2,2026,0.0,0.0,1550000.0,1520192,0,0,-1520192,-760096,STD,UFA
Hudson Fasching,RW,29,775000.0,2,2026,0.0,0.0,1550000.0,1520192,0,0,-1520192,-760096,STD,UFA
Riley Tufte,LW,26,775000.0,2,2026,0.0,0.0,1550000.0,1520192,0,0,-1520192,-760096,STD,UFA
Luke Kunin,C,26,775000.0,2,2026,-0.09,-0.09,1550000.0,1520192,0,0,-1520192,-760096,STD,UFA
Kevin Connauton,D,34,775000.0,2,2026,0.0,0.0,1550000.0,1520192,0,0,-1520192,-760096,STD,UFA
William Lagesson,D,29,775000.0,2,2026,0.0,0.0,1550000.0,1520192,0,0,-1520192,-760096,STD,UFA
Logan Brown,C,26,775000.0,2,2026,0.0,0.0,1550000.0,1520192,0,0,-1520192,-760096,STD,UFA
Nick Cicek,D,24,775000.0,2,2026,0.0,0.0,1550000.0,1520192,0,0,-1520192,-760096,STD,UFA
Jan Jenik,C,23,775000.0,2,2026,0.0,0.0,1550000.0,1520192,0,0,-1520192,-760096,STD,RFA
Danil Gushchin,LW,22,775000.0,2,2026,0.0,0.0,1550000.0,1520192,0,0,-1520192,-760096,STD,RFA
Givani Smith,RW,26,775000.0,2,2026,0.0,0.0,1550000.0,1520192,0,0,-1520192,-760096,STD,UFA
Jordan Oesterle,D,32,775000.0,2,2026,0.0,0.0,1550000.0,1520192,0,0,-1520192,-760096,STD,UFA
Billy Sweezey,D,28,775000.0,2,2026,0.0,0.0,1550000.0,1520192,0,0,-1520192,-760096,STD,UFA
Mike Hardman,C,25,775000.0,2,2026,0.0,0.0,1550000.0,1520192,0,0,-1520192,-760096,STD,UFA
Josiah Slavin,LW,25,775000.0,2,2026,0.0,0.0,1550000.0,1520192,0,0,-1520192,-760096,STD,UFA
Garrett Pilon,C,26,775000.0,2,2026,0.0,0.0,1550000.0,1520192,0,0,-1520192,-760096,STD,UFA
Matthew Highmore,C,28,775000.0,2,2026,0.0,0.0,1550000.0,1520192,0,0,-1520192,-760096,STD,UFA
Mitchell Stephens,C,27,775000.0,2,2026,0.0,0.0,1550000.0,1520192,0,0,-1520192,-760096,STD,UFA
Mikael Pyyhtia,LW,22,775000.0,2,2026,0.0,0.0,1550000.0,1520192,0,0,-1520192,-760096,STD,RFA
Samuel Fagemo,LW,24,775000.0,2,2026,0.0,0.0,1550000.0,1520192,0,0,-1520192,-760096,STD,UFA
Travis Boyd,C,30,775000.0,2,2026,0.0,0.0,1550000.0,1520192,0,0,-1520192,-760096,STD,UFA
Calen Addison,D,24,775000.0,2,2026,0.0,0.0,1550000.0,1520192,0,0,-1520192,-760096,STD,UFA
Boris Katchouk,LW,26,775000.0,2,2026,0.0,0.0,1550000.0,1520192,0,0,-1520192,-760096,STD,UFA
Ben McCartney,LW,23,775000.0,2,2026,0.0,0.0,1550000.0,1520192,0,0,-1520192,-760096,STD,RFA
Mason Shaw,C,25,775000.0,2,2026,0.0,0.0,1550000.0,1520192,0,0,-1520192,-760096,STD,UFA
Joe Hicketts,D,28,775000.0,2,2026,0.0,0.0,1550000.0,1520192,0,0,-1520192,-760096,STD,UFA
Kevin Rooney,C,31,775000.0,2,2026,0.0,0.0,1550000.0,1520192,0,0,-1520192,-760096,STD,UFA
Nikita Alexandrov,C,23,775000.0,2,2026,0.0,0.0,1550000.0,1520192,0,0,-1520192,-760096,STD,RFA
Ethan Bear,D,27,775000.0,2,2026,0.0,0.0,1550000.0,1520192,0,0,-1520192,-760096,STD,UFA
Vinni Lettieri,C,29,775000.0,2,2026,0.0,0.0,1550000.0,1520192,0,0,-1520192,-760096,STD,UFA
TJ Tynan,C,32,775000.0,2,2026,0.0,0.0,1550000.0,1520192,0,0,-1520192,-760096,STD,UFA
Andrew Agozzino,LW,33,775000.0,2,2026,0.0,0.0,1550000.0,1520192,0,0,-1520192,-760096,STD,UFA
Jonas Rondbjerg,RW,25,775000.0,2,2026,0.0,0.0,1550000.0,1520192,0,0,-1520192,-760096,STD,RFA
Matt Luff,RW,27,775000.0,2,2026,0.0,0.0,1550000.0,1520192,0,0,-1520192,-760096,STD,UFA
Casey Fitzgerald,D,27,775000.0,2,2026,0.0,0.0,1550000.0,1520192,0,0,-1520192,-760096,STD,UFA
Anthony Richard,C,27,775000.0,2,2026,0.0,0.0,1550000.0,1520192,0,0,-1520192,-760096,STD,UFA
Raphael Lavoie,C,23,775000.0,2,2026,0.0,0.0,1550000.0,1520192,0,0,-1520192,-760096,STD,RFA
Nolan Foote,LW,23,775000.0,2,2026,0.0,0.0,1550000.0,1520192,0,0,-1520192,-760096,STD,UFA
Alex Belzile,RW,32,775000.0,2,2026,0.0,0.0,1550000.0,1520192,0,0,-1520192,-760096,STD,UFA
Vitali Kravtsov,RW,24,775000.0,2,2026,0.0,0.0,1550000.0,1520192,0,0,-1520192,-760096,STD,RFA
Artyom Zub,D,29,4600000.0,2,2026,0.22,0.22,9200000.0,9023077,7633883,7488349,-1534728,-767364,STD,UFA
Joey Anderson,RW,26,800000.0,2,2026,0.0,0.0,1600000.0,1569231,0,0,-1569231,-784615,STD,UFA
Andrew Poturalski,C,30,800000.0,2,2026,0.0,0.0,1600000.0,1569231,0,0,-1569231,-784615,STD,UFA
Jack Rathbone,D,26,800000.0,2,2026,0.0,0.0,1600000.0,1569231,0,0,-1569231,-784615,STD,UFA
Ben Gleason,D,26,800000.0,2,2026,0.0,0.0,1600000.0,1569231,0,0,-1569231,-784615,STD,UFA
Lucas Carlsson,D,26,800000.0,2,2026,0.0,0.0,1600000.0,1569231,0,0,-1569231,-784615,STD,UFA
Ville Heinola,D,23,800000.0,2,2026,0.0,0.0,1600000.0,1569231,0,0,-1569231,-784615,STD,RFA
Bobby Brink,RW,22,1500000.0,2,2026,0.04,0.04,3000000.0,2942308,1385595,1359226,-1583082,-791541,STD,RFA
Ryan Reaves,RW,37,1350000.0,2,2026,0.03,0.03,2700000.0,2648077,1065138,1044364,-1603713,-801857,STD,UFA
Jordan Harris,D,23,825000.0,2,2026,0.0,0.0,1650000.0,1618269,0,0,-1618269,-809135,STD,UFA
Dryden Hunt,LW,29,825000.0,2,2026,0.0,0.0,1650000.0,1618269,0,0,-1618269,-809135,STD,UFA
Thomas Novak,C,27,3500000.0,2,2026,0.15,0.15,7000000.0,6865385,5335397,5231151,-1634234,-817117,STD,UFA
David Gustafsson,C,24,835000.0,2,2026,0.0,0.0,1670000.0,1637885,0,0,-1637885,-818942,STD,RFA
Nick Leddy,D,33,4000000.0,2,2026,0.18,0.18,8000000.0,7846154,6290159,6169384,-1676770,-838385,STD,UFA
Tristan Luneau,D,20,865000.0,2,2026,0.0,0.0,1730000.0,1696731,0,0,-1696731,-848365,ELC,
Matej Blumel,RW,24,875000.0,2,2026,0.0,0.0,1750000.0,1716346,0,0,-1716346,-858173,STD,UFA
Dennis Gilbert,D,27,875000.0,2,2026,0.0,0.0,1750000.0,1716346,0,0,-1716346,-858173,STD,UFA
Oliver Bjorkstrand,RW,29,5400000.0,1,2025,0.21,0.21,5400000.0,5400000,3675000,3675000,-1725000,-1725000,STD,RFA
Evan Rodrigues,C,30,3000000.0,3,2027,0.14,0.14,9000000.0,8658284,7164166,6897277,-1761007,-587002,STD,UFA
Drew O'Connor,LW,26,2500000.0,2,2026,0.09,0.09,5000000.0,4903846,3174189,3112682,-1791164,-895582,STD,UFA
Tomas Tatar,LW,33,1800000.0,1,2025,0.0,0.0,1800000.0,1800000,0,0,-1800000,-1800000,STD,UFA
Adam Fantilli,C,19,950000.0,2,2026,-0.19,-0.18,1900000.0,1863462,0,0,-1863462,-931731,ELC,
Leo Carlsson,C,19,950000.0,2,2026,0.0,0.0,1900000.0,1863462,0,0,-1863462,-931731,ELC,
Dakota Joshua,LW,29,3250000.0,3,2027,0.15,0.15,9750000.0,9379808,7732434,7442521,-1937287,-645762,STD,UFA
Max Jones,LW,26,1000000.0,2,2026,0.0,0.0,2000000.0,1961538,0,0,-1961538,-980769,STD,UFA
Juuso Valimaki,D,26,2000000.0,1,2025,0.0,0.0,2000000.0,2000000,0,0,-2000000,-2000000,STD,RFA
Klim Kostin,RW,25,2000000.0,1,2025,0.0,0.0,2000000.0,2000000,0,0,-2000000,-2000000,STD,UFA
Andrew Peeke,D,26,2750000.0,1,2025,0.04,0.04,2750000.0,2750000,700000,700000,-2050000,-2050000,STD,RFA
Ryan Hartman,RW,30,4000000.0,2,2026,0.17,0.17,8000000.0,7846154,5889568,5777470,-2068684,-1034342,STD,UFA
Yegor Chinakhov,RW,24,2100000.0,1,2025,-0.03,-0.03,2100000.0,2100000,0,0,-2100000,-2100000,STD,RFA
Carl Grundstrom,LW,26,1800000.0,2,2026,0.04,0.04,3600000.0,3530769,1410751,1383414,-2147355,-1073678,STD,RFA
Kyle Burroughs,D,28,1100000.0,2,2026,0.0,0.0,2200000.0,2157692,0,0,-2157692,-1078846,STD,UFA
Andrew Mangiapane,C,28,3600000.0,3,2027,0.16,0.16,10800000.0,10389941,8514954,8190387,-2199554,-733185,STD,UFA
Nicholas Robertson,LW,22,1825000.0,2,2026,0.04,0.04,3650000.0,3579808,1385595,1359226,-2220582,-1110291,STD,RFA
Jimmy Schuldt,D,29,775000.0,3,2027,0.0,0.0,2325000.0,2236723,0,0,-2236723,-745574,STD,UFA
Carson Meyer,RW,26,775000.0,3,2027,0.0,0.0,2325000.0,2236723,0,0,-2236723,-745574,STD,UFA
Derrick Pouliot,D,30,775000.0,3,2027,0.0,0.0,2325000.0,2236723,0,0,-2236723,-745574,STD,UFA
Cole Guttman,C,25,775000.0,3,2027,0.0,0.0,2325000.0,2236723,0,0,-2236723,-745574,STD,UFA
Mackenzie Entwistle,RW,24,775000.0,3,2027,0.0,0.0,2325000.0,2236723,0,0,-2236723,-745574,STD,RFA
Hayden Hodgson,RW,28,775000.0,3,2027,0.0,0.0,2325000.0,2236723,0,0,-2236723,-745574,STD,UFA
Justin Dowling,C,33,775000.0,3,2027,0.0,0.0,2325000.0,2236723,0,0,-2236723,-745574,STD,UFA
Riley Stillman,D,26,775000.0,3,2027,0.0,0.0,2325000.0,2236723,0,0,-2236723,-745574,STD,UFA
Mason Geertsen,LW,29,775000.0,3,2027,0.0,0.0,2325000.0,2236723,0,0,-2236723,-745574,STD,UFA
Louie Belpedio,D,28,775000.0,3,2027,0.0,0.0,2325000.0,2236723,0,0,-2236723,-745574,STD,UFA
Kurtis MacDermid,LW,31,1150000.0,2,2026,0.0,0.0,2300000.0,2255769,0,0,-2255769,-1127885,STD,UFA
Anze Kopitar,C,36,7000000.0,1,2025,0.27,0.27,7000000.0,7000000,4725000,4725000,-2275000,-2275000,STD,UFA
Yakov Trenin,C,27,3500000.0,4,2028,0.16,0.17,14000000.0,13212819,11591963,10931574,-2281244,-570311,STD,UFA
Jaycob Megna,D,31,800000.0,3,2027,0.0,0.0,2400000.0,2308876,0,0,-2308876,-769625,STD,UFA
Joel Edmundson,D,31,3850000.0,4,2028,0.19,0.18,15400000.0,14534100,12917589,12199047,-2335053,-583763,STD,UFA
Michael Pezzetta,LW,26,812500.0,3,2027,0.0,0.0,2437500.0,2344952,0,0,-2344952,-781651,STD,UFA
Isaak Phillips,D,22,812500.0,3,2027,0.0,0.0,2437500.0,2344952,0,0,-2344952,-781651,STD,RFA
Jesper Fast,RW,32,2400000.0,1,2025,0.0,0.0,2400000.0,2400000,0,0,-2400000,-2400000,STD,UFA
Nicolas Deslauriers,LW,33,1750000.0,2,2026,0.03,0.03,3500000.0,3432692,1048360,1028231,-2404462,-1202231,STD,UFA
Matt Benning,D,30,1250000.0,2,2026,0.0,0.0,2500000.0,2451923,0,0,-2451923,-1225962,STD,UFA
Dominic Toninato,C,30,850000.0,3,2027,0.0,0.0,2550000.0,2453180,0,0,-2453180,-817727,STD,UFA
Zemgus Girgensons,C,30,850000.0,3,2027,-0.16,-0.16,2550000.0,2453180,0,0,-2453180,-817727,STD,UFA
Michael Carcone,C,28,1750000.0,3,2027,0.05,0.05,5250000.0,5050666,2660923,2559496,-2491170,-830390,STD,UFA
Tucker Poolman,D,31,2500000.0,1,2025,0.0,0.0,2500000.0,2500000,0,0,-2500000,-2500000,STD,UFA
Calle Rosen,D,31,875000.0,3,2027,0.0,0.0,2625000.0,2525333,0,0,-2525333,-841778,STD,UFA
Sheldon Dries,C,30,875000.0,3,2027,0.0,0.0,2625000.0,2525333,0,0,-2525333,-841778,STD,UFA
Arber Xhekaj,D,23,1300000.0,2,2026,-0.02,-0.02,2600000.0,2550000,0,0,-2550000,-1275000,STD,RFA
Ryan Lomberg,LW,29,2000000.0,2,2026,0.04,0.04,4000000.0,3923077,1387979,1361518,-2561559,-1280779,STD,UFA
Sam Lafferty,C,29,2000000.0,2,2026,0.04,0.04,4000000.0,3923077,1387979,1361518,-2561559,-1280779,STD,UFA
Jonah Gadjovich,LW,26,905000.0,3,2027,0.0,0.0,2715000.0,2611916,0,0,-2611916,-870639,STD,UFA
Simon Benoit,D,26,1350000.0,2,2026,-0.04,-0.04,2700000.0,2648077,0,0,-2648077,-1324038,STD,RFA
Mikko Rantanen,C,28,12000000.0,8,2032,0.68,0.66,96000000.0,84024656,92644799,81359943,-2664713,-333089,STD,UFA
Miles Wood,LW,28,2500000.0,5,2029,0.11,0.11,12500000.0,11574738,9601312,8899320,-2675418,-535084,STD,UFA
Nino Niederreiter,RW,32,4000000.0,2,2026,0.15,0.15,8000000.0,7846154,5244362,5143618,-2702536,-1351268,STD,UFA
Andrei Kuzmenko,LW,29,4300000.0,1,2025,0.09,0.09,4300000.0,4300000,1575000,1575000,-2725000,-2725000,STD,UFA
Calle Jarnkrok,C,32,2100000.0,2,2026,0.04,0.04,4200000.0,4119231,1398497,1371631,-2747599,-1373800,STD,UFA
Victor Olofsson,LW,29,1575000.0,2,2026,0.01,0.01,3150000.0,3089423,346995,340379,-2749044,-1374522,STD,UFA
Jan Rutta,D,33,2750000.0,1,2025,0.0,0.0,2750000.0,2750000,0,0,-2750000,-2750000,STD,UFA
Brock McGinn,LW,30,2750000.0,1,2025,0.0,0.0,2750000.0,2750000,0,0,-2750000,-2750000,STD,UFA
Scott Mayfield,D,31,3500000.0,6,2030,0.18,0.17,21000000.0,19081378,17886648,16293381,-2787998,-464666,STD,UFA
Nick Schmaltz,C,29,8000000.0,9,2033,0.47,0.43,72000000.0,61861959,68273711,58982697,-2879262,-319918,STD,UFA
Ben Meyers,C,26,1000000.0,3,2027,-0.1,-0.1,3000000.0,2886095,0,0,-2886095,-962032,STD,UFA
Josh Brown,D,30,1000000.0,3,2027,0.0,0.0,3000000.0,2886095,0,0,-2886095,-962032,STD,UFA
Nazem Kadri,C,33,7000000.0,5,2029,0.38,0.36,35000000.0,32409267,31782349,29486325,-2922942,-584588,STD,UFA
Jakob Pelletier,LW,23,775000.0,4,2028,0.0,0.0,3100000.0,2925696,0,0,-2925696,-731424,STD,UFA
Ryan Johnson,D,22,775000.0,4,2028,0.0,0.0,3100000.0,2925696,0,0,-2925696,-731424,STD,RFA
Alexander Kerfoot,C,30,3000000.0,1,2025,-0.04,-0.04,3000000.0,3000000,0,0,-3000000,-3000000,STD,UFA
Timothy Liljegren,D,26,3000000.0,1,2025,-0.46,-0.46,3000000.0,3000000,0,0,-3000000,-3000000,STD,RFA
Scott Laughton,C,30,3000000.0,1,2025,-0.19,-0.19,3000000.0,3000000,0,0,-3000000,-3000000,STD,UFA
Nick Foligno,LW,37,4500000.0,1,2025,0.08,0.08,4500000.0,4500000,1400000,1400000,-3100000,-3100000,STD,UFA
Tyson Foerster,RW,23,3750000.0,2,2026,0.12,0.12,7500000.0,7355769,4304720,4219923,-3135846,-1567923,STD,RFA
Vladimir Tarasenko,RW,32,4750000.0,2,2026,0.18,0.18,9500000.0,9317308,6293235,6172341,-3144966,-1572483,STD,UFA
Alex Tuch,RW,28,4750000.0,1,2025,0.09,0.09,4750000.0,4750000,1575000,1575000,-3175000,-3175000,STD,RFA
Jason Dickinson,C,29,4250000.0,1,2025,0.06,0.06,4250000.0,4250000,1050000,1050000,-3200000,-3200000,STD,UFA
Jeremy Davies,D,27,1150000.0,3,2027,0.0,0.0,3450000.0,3319009,0,0,-3319009,-1106336,STD,UFA
Nils Hoglander,LW,23,3000000.0,3,2027,0.1,0.1,9000000.0,8658284,5499831,5284876,-3373408,-1124469,STD,RFA
Tony DeAngelo,D,28,1750000.0,2,2026,-0.11,-0.11,3500000.0,3432692,0,0,-3432692,-1716346,STD,UFA
David Savard,D,33,3500000.0,1,2025,0.0,0.0,3500000.0,3500000,0,0,-3500000,-3500000,STD,UFA
Brandon Duhaime,RW,27,1850000.0,2,2026,0.0,0.0,3700000.0,3628846,0,0,-3628846,-1814423,STD,UFA
Ryan Graves,D,29,4500000.0,5,2029,0.22,0.21,22500000.0,20834529,18480697,17141017,-3693512,-738702,STD,UFA
Mason Lohrei,D,24,3200000.0,2,2026,0.07,0.07,6400000.0,6276923,2500205,2451158,-3825765,-1912882,STD,RFA
Connor Murphy,D,31,4400000.0,1,2025,0.03,0.03,4400000.0,4400000,525000,525000,-3875000,-3875000,STD,UFA
Mikael Backlund,C,35,3250000.0,3,2027,0.11,0.11,9750000.0,9379808,5714506,5499013,-3880795,-1293598,STD,UFA
Erik Gustafsson,D,32,2000000.0,2,2026,0.0,0.0,4000000.0,3923077,0,0,-3923077,-1961538,STD,UFA
Kevin Stenlund,C,27,2000000.0,2,2026,-0.0,0.0,4000000.0,3923077,0,0,-3923077,-1961538,STD,UFA
Jonathan Toews,C,36,2000000.0,2,2026,-0.04,-0.04,4000000.0,3923077,0,0,-3923077,-1961538,STD,UFA
Alec Martinez,D,36,4000000.0,1,2025,0.0,0.0,4000000.0,4000000,0,0,-4000000,-4000000,STD,UFA
Eeli Tolvanen,RW,25,3475000.0,2,2026,0.08,0.08,6950000.0,6816346,2855071,2799107,-4017240,-2008620,STD,RFA
Dmitri Voronkov,LW,23,4175000.0,3,2027,0.15,0.16,12525000.0,12049445,8249746,7927313,-4122132,-1374044,STD,RFA
Mats Zuccarello,RW,37,4125000.0,1,2025,-0.38,-0.38,4125000.0,4125000,0,0,-4125000,-4125000,STD,UFA
Rasmus Sandin,D,24,4600000.0,4,2028,0.19,0.2,18400000.0,17365419,14036367,13226378,-4139041,-1034760,STD,RFA
Jeff Skinner,C,32,3000000.0,2,2026,0.05,0.05,6000000.0,5884615,1748121,1714539,-4170076,-2085038,STD,UFA
Charlie Coyle,C,32,5250000.0,1,2025,0.06,0.06,5250000.0,5250000,1050000,1050000,-4200000,-4200000,STD,UFA
Valeri Nichushkin,RW,29,6125000.0,6,2030,0.32,0.31,36750000.0,33392412,32051804,29182401,-4210011,-701668,STD,UFA
Mattias Samuelsson,D,24,4285714.0,5,2029,0.18,0.19,21428570.0,19842407,16870613,15584470,-4257937,-851587,STD,RFA
Josh Manson,D,32,3950000.0,3,2027,0.14,0.14,11850000.0,11400074,7331839,7053946,-4346128,-1448709,STD,UFA
Cole Sillinger,C,21,2250000.0,2,2026,-0.14,-0.14,4500000.0,4413462,0,0,-4413462,-2206731,STD,RFA
Jamie Drysdale,D,22,2300000.0,2,2026,-0.44,-0.44,4600000.0,4511538,0,0,-4511538,-2255769,STD,RFA
Martin Pospisil,C,24,2500000.0,4,2028,0.07,0.08,10000000.0,9437728,5171293,4872876,-4564852,-1141213,STD,RFA
Matias Maccelli,LW,23,3425000.0,2,2026,0.06,0.06,6850000.0,6718269,2152360,2109962,-4608308,-2304154,STD,RFA
Jake Neighbours,LW,22,3750000.0,2,2026,0.08,0.08,7500000.0,7355769,2771189,2718451,-4637318,-2318659,STD,RFA
Dmitry Orlov,D,32,6500000.0,3,2027,0.28,0.28,19500000.0,18759615,14663678,14107893,-4651723,-1550574,STD,UFA
Ty Dellandrea,C,24,1625000.0,3,2027,-0.23,-0.24,4875000.0,4689904,0,0,-4689904,-1563301,STD,RFA
Ridly Greig,C,22,3250000.0,4,2028,0.11,0.11,13000000.0,12269046,7850315,7399741,-4869305,-1217326,STD,RFA
Anthony Mantha,RW,29,2500000.0,2,2026,-0.17,-0.17,5000000.0,4903846,0,0,-4903846,-2451923,STD,UFA
Rasmus Ristolainen,D,30,5100000.0,2,2026,0.15,0.15,10200000.0,10003846,5196678,5097767,-4906079,-2453039,STD,UFA
Matt Dumba,D,29,3750000.0,2,2026,0.07,0.07,7500000.0,7355769,2428963,2382656,-4973113,-2486556,STD,UFA
Fabian Zetterlund,LW,25,4275000.0,3,2027,0.14,0.15,12825000.0,12338055,7581856,7288860,-5049195,-1683065,STD,RFA
Artemi Panarin,LW,33,11000000.0,3,2027,0.54,0.53,33000000.0,31747041,27727898,26697335,-5049707,-1683236,STD,UFA
Nick Bjugstad,C,31,1750000.0,3,2027,-0.04,-0.04,5250000.0,5050666,0,0,-5050666,-1683555,STD,UFA
Brandon Carlo,D,27,4100000.0,3,2027,0.13,0.13,12300000.0,11832988,7042003,6769234,-5063755,-1687918,STD,RFA
Will Cuylle,LW,22,3900000.0,3,2027,0.12,0.12,11700000.0,11255769,6316133,6074117,-5181652,-1727217,STD,RFA
Justin Danforth,RW,31,1800000.0,3,2027,0.0,0.0,5400000.0,5194970,0,0,-5194970,-1731657,STD,UFA
Kent Johnson,C,21,1800000.0,3,2027,-0.1,-0.1,5400000.0,5194970,0,0,-5194970,-1731657,STD,RFA
Jordan Greenway,C,28,4000000.0,2,2026,0.07,0.07,8000000.0,7846154,2485974,2437475,-5408679,-2704340,STD,UFA
Kris Letang,D,37,6100000.0,4,2028,0.3,0.26,24400000.0,23028055,18448003,17524667,-5503388,-1375847,STD,UFA
Colton Sissons,C,30,2857143.0,2,2026,-0.24,-0.24,5714286.0,5604396,0,0,-5604396,-2802198,STD,RFA
Marcus Foligno,LW,33,4000000.0,3,2027,0.12,0.12,12000000.0,11544379,6161755,5932741,-5611638,-1870546,STD,UFA
Nico Sturm,C,29,2000000.0,3,2027,-0.18,-0.18,6000000.0,5772189,0,0,-5772189,-1924063,STD,UFA
Adam Gaudette,C,27,2000000.0,3,2027,-0.13,-0.13,6000000.0,5772189,0,0,-5772189,-1924063,STD,UFA
Roman Josi,D,34,9059000.0,3,2027,0.42,0.4,27177000.0,26145132,21094802,20313415,-5831717,-1943906,STD,UFA
Vincent Trocheck,C,31,5625000.0,5,2029,0.26,0.25,28125000.0,26043161,21779219,20200283,-5842878,-1168576,STD,UFA
Radko Gudas,D,34,4000000.0,2,2026,0.06,0.06,8000000.0,7846154,2037242,1999271,-5846883,-2923441,STD,UFA
Adam Henrique,C,34,3000000.0,2,2026,-0.13,-0.12,6000000.0,5884615,0,0,-5884615,-2942308,STD,UFA
Vladislav Namestnikov,C,32,3000000.0,2,2026,-0.04,-0.04,6000000.0,5884615,0,0,-5884615,-2942308,STD,UFA
Nic Dowd,C,34,3000000.0,2,2026,-0.01,-0.01,6000000.0,5884615,0,0,-5884615,-2942308,STD,UFA
Tyler Myers,D,35,3000000.0,2,2026,-0.24,-0.24,6000000.0,5884615,0,0,-5884615,-2942308,STD,UFA
Max Domi,C,30,3750000.0,3,2027,0.1,0.1,11250000.0,10822855,5117261,4926626,-5896229,-1965410,STD,UFA
Artturi Lehkonen,LW,29,4500000.0,3,2027,0.14,0.14,13500000.0,12987426,7216938,6946353,-6041073,-2013691,STD,RFA
Frederick Gaudreau,C,31,2100000.0,3,2027,-0.26,-0.25,6300000.0,6060799,0,0,-6060799,-2020266,STD,UFA
Anders Lee,LW,33,7000000.0,2,2026,0.22,0.22,14000000.0,13730769,7687972,7540358,-6190411,-3095206,STD,UFA
Carson Soucy,D,29,3250000.0,2,2026,0.0,0.0,6500000.0,6375000,0,0,-6375000,-3187500,STD,UFA
Mario Ferraro,D,25,3250000.0,2,2026,-0.46,-0.47,6500000.0,6375000,0,0,-6375000,-3187500,STD,RFA
Jacob Middleton,D,28,4350000.0,4,2028,0.15,0.15,17400000.0,16421646,10584506,9991423,-6430223,-1607556,STD,UFA
Dylan Cozens,C,23,7100000.0,5,2029,0.3,0.33,35500000.0,32872256,28517863,26331882,-6540374,-1308075,STD,RFA
Dylan Demelo,D,32,4900000.0,3,2027,0.15,0.15,14700000.0,14141864,7855542,7557800,-6584064,-2194688,STD,UFA
Kirby Dach,C,23,3362500.0,2,2026,-0.05,-0.05,6725000.0,6595673,0,0,-6595673,-3297837,STD,RFA
Jack Quinn,RW,23,3375000.0,2,2026,-0.05,-0.05,6750000.0,6620192,0,0,-6620192,-3310096,STD,RFA
Alex Iafallo,LW,31,3666666.0,3,2027,0.08,0.08,10999998.0,10582345,4096428,3942913,-6639433,-2213144,STD,UFA
Justin Holl,D,32,3400000.0,2,2026,0.0,0.0,6800000.0,6669231,0,0,-6669231,-3334615,STD,UFA
Alex Ovechkin,LW,38,9500000.0,2,2026,0.39,0.34,19000000.0,18634615,12150158,11945344,-6689271,-3344636,STD,UFA
William Eklund,LW,21,5600000.0,4,2028,0.22,0.22,22400000.0,21140510,15245916,14387746,-6752763,-1688191,STD,RFA
Shayne Gostisbehere,D,31,3200000.0,3,2027,0.05,0.05,9600000.0,9235503,2560267,2464320,-6771183,-2257061,STD,UFA
Hampus Lindholm,D,31,6500000.0,5,2029,0.3,0.29,32500000.0,30094319,25129868,23308018,-6786301,-1357260,STD,UFA
Jake McCabe,D,31,4513102.0,5,2029,0.18,0.17,22565510.0,20895189,15077921,13984811,-6910378,-1382076,STD,UFA
Evander Kane,LW,32,5125000.0,2,2026,0.09,0.09,10250000.0,10052885,3146617,3086171,-6966714,-3483357,STD,UFA
Kevin Hayes,C,33,7142857.0,1,2025,-0.1,-0.1,7142857.0,7142857,0,0,-7142857,-7142857,STD,UFA
Alexandre Texier,LW,25,2500000.0,3,2027,-0.1,-0.1,7500000.0,7215237,0,0,-7215237,-2405079,STD,RFA
Joel Armia,RW,31,2500000.0,3,2027,-0.02,-0.02,7500000.0,7215237,0,0,-7215237,-2405079,STD,UFA
TJ Brodie,D,34,3750000.0,2,2026,0.0,0.0,7500000.0,7355769,0,0,-7355769,-3677885,STD,UFA
Mark Scheifele,C,31,8500000.0,6,2030,0.43,0.4,51000000.0,46340490,42729216,38923076,-7417414,-1236236,STD,UFA
Marco Rossi,C,22,5000000.0,4,2028,0.17,0.17,20000000.0,18875455,12132305,11435963,-7439492,-1859873,STD,RFA
David Perron,LW,36,4000000.0,2,2026,-0.1,-0.1,8000000.0,7846154,0,0,-7846154,-3923077,STD,UFA
John Klingberg,D,31,4000000.0,2,2026,-0.46,-0.45,8000000.0,7846154,0,0,-7846154,-3923077,STD,UFA
Ross Colton,C,27,4000000.0,3,2027,0.07,0.07,12000000.0,11544379,3791848,3644972,-7899407,-2633136,STD,RFA
John Carlson,D,35,8000000.0,1,2025,-0.42,-0.42,8000000.0,8000000,0,0,-8000000,-8000000,STD,UFA
Shea Theodore,D,29,7425000.0,7,2031,0.37,0.35,51975000.0,46347866,42681280,38184811,-8163055,-1166151,STD,UFA
Jesper Bratt,LW,26,7875000.0,6,2030,0.35,0.36,47250000.0,42933101,38236346,34702369,-8230732,-1371789,STD,RFA
Vasily Podkolzin,RW,23,2950000.0,4,2028,0.04,0.04,11800000.0,11136519,2995051,2820808,-8315711,-2078928,STD,RFA
Alex Newhook,C,23,2900000.0,3,2027,-0.03,-0.03,8700000.0,8369675,0,0,-8369675,-2789892,STD,RFA
Quinn Hughes,D,24,7850000.0,3,2027,0.27,0.28,23550000.0,22655843,14755775,14180918,-8474926,-2824975,STD,RFA
Ivan Barbashev,C,29,5000000.0,3,2027,0.12,0.12,15000000.0,14430473,6185947,5954017,-8476457,-2825486,STD,UFA
Alexander Romanov,D,25,6250000.0,8,2032,0.27,0.29,50000000.0,43762842,40301298,35216655,-8546187,-1068273,STD,RFA
Blake Coleman,LW,32,4900000.0,3,2027,0.11,0.11,14700000.0,14141864,5760730,5542386,-8599478,-2866493,STD,UFA
Ryan Donato,C,29,4000000.0,4,2028,0.1,0.1,16000000.0,15100364,6779381,6405788,-8694576,-2173644,STD,UFA
Filip Chytil,C,25,4437500.0,2,2026,0.0,0.0,8875000.0,8704327,0,0,-8704327,-4352163,STD,RFA
Mason Marchment,LW,29,4500000.0,2,2026,-0.08,-0.08,9000000.0,8826923,0,0,-8826923,-4413462,STD,UFA
Morgan Frost,C,25,4375000.0,3,2027,0.07,0.07,13125000.0,12626664,3790928,3644430,-8982234,-2994078,STD,RFA
Jamie Oleksiak,D,31,4600000.0,2,2026,-0.1,-0.1,9200000.0,9023077,0,0,-9023077,-4511538,STD,UFA
Adam Lowry,C,31,5000000.0,6,2030,0.2,0.19,30000000.0,27259112,19874054,18103756,-9155356,-1525893,STD,UFA
Michael Rasmussen,C,25,3200000.0,3,2027,-0.05,-0.05,9600000.0,9235503,0,0,-9235503,-3078501,STD,RFA
Frank Vatrano,C,30,4571189.0,3,2027,0.08,0.08,13713567.0,13192884,4093809,3941301,-9251583,-3083861,STD,UFA
Kiefer Sherwood,C,29,5750000.0,6,2030,0.23,0.22,34500000.0,31347978,23037234,20974851,-10373128,-1728855,STD,UFA
Phillip Danault,C,31,5500000.0,3,2027,0.11,0.11,16500000.0,15873521,5632588,5421505,-10452016,-3484005,STD,UFA
Simon Holmstrom,RW,23,3625000.0,3,2027,-0.13,-0.14,10875000.0,10462093,0,0,-10462093,-3487364,STD,RFA
Barclay Goodrow,C,31,3641667.0,3,2027,-0.29,-0.28,10925001.0,10510196,0,0,-10510196,-3503399,STD,UFA
Tyler Seguin,C,32,9850000.0,2,2026,0.25,0.25,19700000.0,19321154,8740604,8572696,-10748458,-5374229,STD,UFA
Joel Farabee,LW,24,5000000.0,3,2027,0.07,0.07,15000000.0,14430473,3825571,3676534,-10753939,-3584646,STD,RFA
Jake Evans,C,28,2850000.0,4,2028,-0.13,-0.13,11400000.0,10759009,0,0,-10759009,-2689752,STD,UFA
Alexandre Carrier,D,27,3750000.0,3,2027,-0.09,-0.09,11250000.0,10822855,0,0,-10822855,-3607618,STD,UFA
Nikolaj Ehlers,LW,28,8500000.0,7,2031,0.39,0.38,59500000.0,53058163,47035275,42027397,-11030766,-1575824,STD,UFA
Jonathan Huberdeau,LW,31,10500000.0,6,2030,0.51,0.48,63000000.0,57244134,50678837,46164578,-11079556,-1846593,STD,UFA
Quinton Byfield,C,21,6250000.0,5,2029,0.22,0.22,31250000.0,28936845,19301605,17854566,-11082279,-2216456,STD,RFA
Anton Lundell,C,22,5000000.0,6,2030,0.16,0.17,30000000.0,27259112,17696531,16025641,-11233471,-1872245,STD,RFA
Casey Mittelstadt,C,26,5750000.0,2,2026,0.0,0.0,11500000.0,11278846,0,0,-11278846,-5639423,STD,RFA
Trevor Zegras,C,23,5750000.0,2,2026,-0.12,-0.12,11500000.0,11278846,0,0,-11278846,-5639423,STD,RFA
Mattias Ekholm,D,34,4000000.0,4,2028,0.06,0.06,16000000.0,15100364,3980702,3761717,-11338647,-2834662,STD,UFA
Travis Sanheim,D,28,6250000.0,6,2030,0.24,0.24,37500000.0,34073890,24952806,22708095,-11365794,-1894299,STD,UFA
Colton Parayko,D,31,6500000.0,5,2029,0.24,0.23,32500000.0,30094319,20103894,18646415,-11447904,-2289581,STD,UFA
Brenden Dillon,D,33,4000000.0,3,2027,-0.2,-0.2,12000000.0,11544379,0,0,-11544379,-3848126,STD,UFA
Jonathan Drouin,LW,29,4000000.0,3,2027,-0.07,-0.07,12000000.0,11544379,0,0,-11544379,-3848126,STD,UFA
Brett Howden,C,26,2500000.0,5,2029,-0.02,-0.02,12500000.0,11574738,0,0,-11574738,-2314948,STD,UFA
Justin Faulk,D,32,6500000.0,2,2026,0.03,0.03,13000000.0,12750000,1048872,1028724,-11721276,-5860638,STD,UFA
Matt Roy,D,29,5750000.0,6,2030,0.21,0.2,34500000.0,31347978,21033996,19150951,-12197028,-2032838,STD,UFA
Cody Ceci,D,30,4500000.0,5,2029,0.11,0.1,22500000.0,20834529,9251690,8578022,-12256507,-2451301,STD,UFA
Ryan Ellis,D,33,6250000.0,2,2026,0.0,0.0,12500000.0,12259615,0,0,-12259615,-6129808,STD,UFA
Brendan Gallagher,RW,32,6500000.0,2,2026,0.01,0.01,13000000.0,12750000,349624,342908,-12407092,-6203546,STD,UFA
Lawson Crouse,LW,27,4300000.0,3,2027,-0.12,-0.12,12900000.0,12410207,0,0,-12410207,-4136736,STD,RFA
Ryan Pulock,D,30,6150000.0,5,2029,0.2,0.19,30750000.0,28473856,16821255,15596403,-12877452,-2575490,STD,UFA
Dylan Guenther,RW,21,7142875.0,8,2032,0.29,0.3,57143000.0,50014801,42466534,36988075,-13026727,-1628341,STD,RFA
Troy Terry,C,26,7000000.0,6,2030,0.25,0.26,42000000.0,38162756,27311676,24787406,-13375350,-2229225,STD,RFA
K'Andre Miller,D,24,7500000.0,9,2033,0.3,0.33,67500000.0,57995587,51864426,44416618,-13578969,-1508774,STD,RFA
Logan O'Connor,RW,28,2500000.0,6,2030,0.0,0.0,15000000.0,13629556,0,0,-13629556,-2271593,STD,UFA
Connor Zary,C,22,3775000.0,4,2028,-0.01,-0.01,15100000.0,14250969,0,0,-14250969,-3562742,STD,RFA
Ondrej Palat,LW,33,6000000.0,3,2027,0.06,0.06,18000000.0,17316568,3080878,2966371,-14350198,-4783399,STD,UFA
Ryan Strome,C,31,5000000.0,3,2027,-0.26,-0.25,15000000.0,14430473,0,0,-14430473,-4810158,STD,UFA
Cameron York,D,23,5150000.0,6,2030,0.13,0.14,30900000.0,28076885,15066923,13637233,-14439652,-2406609,STD,RFA
Mathieu Olivier,RW,28,3000000.0,6,2030,0.02,0.02,18000000.0,16355467,2079401,1892341,-14463126,-2410521,STD,UFA
Ben Chiarot,D,33,3850000.0,4,2028,-0.44,-0.42,15400000.0,14534100,0,0,-14534100,-3633525,STD,UFA
Nick Paul,LW,29,3150000.0,5,2029,0.0,0.0,15750000.0,14584170,0,0,-14584170,-2916834,STD,UFA
Sean Durzi,D,26,6000000.0,3,2027,0.05,0.05,18000000.0,17316568,2680780,2577401,-14739167,-4913056,STD,RFA
Jared Spurgeon,D,34,7575000.0,2,2026,-0.06,-0.06,15150000.0,14858654,0,0,-14858654,-7429327,STD,UFA
Victor Hedman,D,33,8000000.0,4,2028,0.24,0.23,32000000.0,30200728,16216513,15326348,-14874380,-3718595,STD,UFA
Alex Laferriere,RW,22,4100000.0,4,2028,-0.02,-0.02,16400000.0,15477873,0,0,-15477873,-3869468,STD,RFA
Ryan McDonagh,D,35,4100000.0,4,2028,-0.05,-0.05,16400000.0,15477873,0,0,-15477873,-3869468,STD,UFA
Dante Fabbro,D,27,4125000.0,4,2028,0.0,0.0,16500000.0,15572251,0,0,-15572251,-3893063,STD,UFA
Yegor Sharangovich,C,26,5750000.0,5,2029,0.13,0.14,28750000.0,26621898,11838121,10946456,-15675441,-3135088,STD,UFA
Jacob Trouba,D,30,8000000.0,2,2026,-0.05,-0.05,16000000.0,15692308,0,0,-15692308,-7846154,STD,RFA
Logan Couture,C,35,8000000.0,2,2026,0.0,0.0,16000000.0,15692308,0,0,-15692308,-7846154,STD,UFA
Josh Anderson,RW,30,5500000.0,3,2027,-0.42,-0.41,16500000.0,15873521,0,0,-15873521,-5291174,STD,RFA
Brock Boeser,RW,27,7250000.0,8,2032,0.28,0.29,58000000.0,50764896,39767489,34856850,-15908047,-1988506,STD,UFA
Erik Karlsson,D,35,11500000.0,2,2026,0.19,0.19,23000000.0,22557692,6613150,6486683,-16071010,-8035505,STD,UFA
Andrew Copp,C,30,5625000.0,3,2027,-0.05,-0.05,16875000.0,16234283,0,0,-16234283,-5411428,STD,UFA
Jesperi Kotkaniemi,C,24,4820000.0,5,2029,0.07,0.08,24100000.0,22316095,6560794,6060627,-16255468,-3251094,STD,RFA
Pierre Engvall,LW,28,3000000.0,6,2030,0.0,0.0,18000000.0,16355467,0,0,-16355467,-2725911,STD,UFA
Matthew Beniers,C,21,7142857.0,7,2031,0.25,0.26,49999999.0,44586691,31587264,28070103,-16516588,-2359513,STD,RFA
Dougie Hamilton,D,31,9000000.0,4,2028,0.27,0.26,36000000.0,33975819,18356573,17335488,-16640331,-4160083,STD,UFA
Trent Frederic,C,27,3850000.0,8,2032,0.08,0.08,30800000.0,26957910,11362140,9959100,-16998811,-2124851,STD,UFA
Patrik Laine,LW,26,8700000.0,2,2026,0.0,0.0,17400000.0,17065385,0,0,-17065385,-8532692,STD,RFA
Kaapo Kakko,RW,23,4525000.0,4,2028,-0.03,-0.03,18100000.0,17082287,0,0,-17082287,-4270572,STD,RFA
Alex Vlasic,D,23,4600000.0,5,2029,0.04,0.04,23000000.0,21297518,3802382,3510918,-17786600,-3557320,STD,RFA
Sean Couturier,C,31,7750000.0,5,2029,0.23,0.22,38750000.0,35881688,19266232,17869481,-18012207,-3602441,STD,UFA
Josh Morrissey,D,29,6250000.0,3,2027,-0.16,-0.16,18750000.0,18038092,0,0,-18038092,-6012697,STD,RFA
Bowen Byram,D,23,6250000.0,3,2027,-0.17,-0.18,18750000.0,18038092,0,0,-18038092,-6012697,STD,RFA
Alex Killorn,LW,34,6250000.0,3,2027,-0.3,-0.29,18750000.0,18038092,0,0,-18038092,-6012697,STD,UFA
Johnathan Kovacevic,D,27,4000000.0,5,2029,0.0,0.0,20000000.0,18519581,0,0,-18519581,-3703916,STD,UFA
Tanner Jeannot,LW,27,3400000.0,6,2030,-0.11,-0.11,20400000.0,18536196,0,0,-18536196,-3089366,STD,UFA
Brock Nelson,C,33,7500000.0,3,2027,0.06,0.06,22500000.0,21645710,3080878,2966371,-18679340,-6226447,STD,UFA
Brayden Schenn,C,33,6500000.0,3,2027,-0.04,-0.04,19500000.0,18759615,0,0,-18759615,-6253205,STD,UFA
Torey Krug,D,33,6500000.0,3,2027,0.0,0.0,19500000.0,18759615,0,0,-18759615,-6253205,STD,UFA
Luke Hughes,D,21,9000000.0,8,2032,0.34,0.36,72000000.0,63018492,49788350,43365329,-19653163,-2456645,STD,RFA
Adam Larsson,D,31,5250000.0,4,2028,-0.09,-0.09,21000000.0,19819228,0,0,-19819228,-4954807,STD,UFA
Joshua Norris,C,25,7950000.0,6,2030,0.23,0.24,47700000.0,43341988,25793241,23379448,-19962540,-3327090,STD,RFA
Gustav Forsling,D,28,5750000.0,7,2031,0.14,0.14,40250000.0,35892287,16884458,15086758,-20805529,-2972218,STD,UFA
Vince Dunn,D,27,7350000.0,3,2027,-0.08,-0.08,22050000.0,21212796,0,0,-21212796,-7070932,STD,RFA
Drew Doughty,D,34,11000000.0,2,2026,-0.13,-0.12,22000000.0,21576923,0,0,-21576923,-10788462,STD,UFA
Andrei Svechnikov,RW,24,7750000.0,5,2029,0.16,0.17,38750000.0,35881688,14996100,13852862,-22028826,-4405765,STD,RFA
William Nylander,C,28,11500000.0,7,2031,0.46,0.45,80500000.0,71784574,55477503,49570776,-22213798,-3173400,STD,UFA
Alexander Wennberg,C,30,6000000.0,4,2028,-0.38,-0.37,24000000.0,22650546,0,0,-22650546,-5662637,STD,UFA
Vladislav Gavrikov,D,28,7000000.0,8,2032,0.22,0.22,56000000.0,49014383,29973317,26322335,-22692048,-2836506,STD,UFA
Cam Fowler,D,32,6100000.0,4,2028,-0.09,-0.09,24400000.0,23028055,0,0,-23028055,-5757014,STD,UFA
Thomas Chabot,D,27,8000000.0,3,2027,-0.07,-0.07,24000000.0,23088757,0,0,-23088757,-7696252,STD,RFA
Jack McBain,C,24,4250000.0,6,2030,0.0,0.0,25500000.0,23170245,0,0,-23170245,-3861707,STD,RFA
Shane Pinto,C,24,7500000.0,5,2029,0.13,0.14,37500000.0,34724214,12184332,11255451,-23468764,-4693753,STD,RFA
Alex Pietrangelo,D,34,8800000.0,3,2027,0.0,0.0,26400000.0,25397633,0,0,-25397633,-8465878,STD,UFA
Jonathan Marchessault,LW,33,5500000.0,5,2029,0.0,0.0,27500000.0,25464424,0,0,-25464424,-5092885,STD,UFA
Sean Monahan,C,29,5500000.0,5,2029,-0.07,-0.07,27500000.0,25464424,0,0,-25464424,-5092885,STD,UFA
MacKenzie Weegar,D,30,6250000.0,6,2030,0.09,0.08,37500000.0,34073890,8960820,8161892,-25911997,-4318666,STD,UFA
Owen Power,D,21,8350000.0,6,2030,0.2,0.2,50100000.0,45522716,21378936,19381067,-26141650,-4356942,STD,RFA
Mikael Granlund,C,32,7000000.0,4,2028,-0.41,-0.4,28000000.0,26425637,0,0,-26425637,-6606409,STD,UFA
Adam Pelech,D,29,5750000.0,5,2029,-0.04,-0.04,28750000.0,26621898,0,0,-26621898,-5324380,STD,RFA
Zach Werenski,D,27,9583333.0,3,2027,-0.17,-0.18,28749999.0,27658406,0,0,-27658406,-9219469,STD,RFA
Mitchell Marner,RW,28,12000000.0,8,2032,0.47,0.46,96000000.0,84024656,64033905,56234079,-27790578,-3473822,STD,UFA
Christian Dvorak,C,28,5150000.0,6,2030,-0.5,-0.5,30900000.0,28076885,0,0,-28076885,-4679481,STD,UFA
Erik Cernak,D,27,5200000.0,6,2030,-0.15,-0.15,31200000.0,28349476,0,0,-28349476,-4724913,STD,RFA
Morgan Geekie,C,26,5500000.0,6,2030,0.01,0.01,33000000.0,29985023,1092467,991496,-28993527,-4832254,STD,RFA
Marcus Pettersson,D,28,5500000.0,6,2030,0.01,0.01,33000000.0,29985023,1039700,946171,-29038852,-4839809,STD,UFA
Kevin Fiala,C,28,7875000.0,4,2028,0.01,0.01,31500000.0,29728842,705634,666095,-29062747,-7265687,STD,RFA
Seth Jones,D,29,9500000.0,5,2029,0.19,0.18,47500000.0,43984005,15960602,14803605,-29180399,-5836080,STD,UFA
Steven Stamkos,C,34,8000000.0,4,2028,-0.19,-0.18,32000000.0,30200728,0,0,-30200728,-7550182,STD,UFA
Jordan Kyrou,C,26,8125000.0,6,2030,0.12,0.12,48750000.0,44296056,13109604,11897955,-32398101,-5399684,STD,RFA
Gabriel Landeskog,LW,31,7000000.0,5,2029,-0.23,-0.22,35000000.0,32409267,0,0,-32409267,-6481853,STD,UFA
Mike Matheson,D,30,6000000.0,6,2030,-0.33,-0.31,36000000.0,32710934,0,0,-32710934,-5451822,STD,UFA
Anthony Cirelli,C,26,6250000.0,6,2030,-0.17,-0.18,37500000.0,34073890,0,0,-34073890,-5678982,STD,RFA
Damon Severson,D,30,6250000.0,6,2030,-0.09,-0.08,37500000.0,34073890,0,0,-34073890,-5678982,STD,UFA
Morgan Rielly,D,30,7500000.0,5,2029,-0.33,-0.32,37500000.0,34724214,0,0,-34724214,-6944843,STD,UFA
Filip Hronek,D,27,7250000.0,7,2031,0.09,0.09,50750000.0,45255492,11236715,10029388,-35226104,-5032301,STD,RFA
Tom Wilson,RW,30,6500000.0,6,2030,-0.01,-0.01,39000000.0,35436845,0,0,-35436845,-5906141,STD,UFA
John-Jason Peterka,C,23,7700000.0,5,2029,-0.18,-0.2,38500000.0,35650193,0,0,-35650193,-7130039,STD,RFA
Adam Fox,D,26,9500000.0,4,2028,-0.11,-0.12,38000000.0,35863365,0,0,-35863365,-8965841,STD,RFA
Adrian Kempe,C,28,10625000.0,9,2033,0.35,0.34,95625000.0,82160414,53097840,45831680,-36328735,-4036526,STD,UFA
Devon Toews,D,30,7250000.0,6,2030,0.02,0.02,43500000.0,39525712,1991293,1813754,-37711958,-6285326,STD,UFA
Neal Pionk,D,29,7000000.0,6,2030,-0.42,-0.4,42000000.0,38162756,0,0,-38162756,-6360459,STD,UFA
Owen Tippett,RW,25,6200000.0,7,2031,-0.01,-0.01,43400000.0,38701249,0,0,-38701249,-5528750,STD,RFA
Chandler Stephenson,C,30,6250000.0,7,2031,-0.38,-0.36,43750000.0,39013355,0,0,-39013355,-5573336,STD,UFA
Aaron Ekblad,D,29,6100000.0,8,2032,0.03,0.03,48800000.0,42712533,3911381,3438588,-39273945,-4909243,STD,UFA
Evan Bouchard,D,25,10500000.0,4,2028,-0.06,-0.06,42000000.0,39638456,0,0,-39638456,-9909614,STD,RFA
Brandon Hagel,LW,25,6500000.0,7,2031,-0.27,-0.29,45500000.0,40573890,0,0,-40573890,-5796270,STD,RFA
Matt Coronato,RW,22,6500000.0,7,2031,-0.11,-0.12,45500000.0,40573890,0,0,-40573890,-5796270,STD,RFA
Martin Fehervary,D,24,6000000.0,8,2032,-0.16,-0.18,48000000.0,42012328,0,0,-42012328,-5251541,STD,RFA
Darnell Nurse,D,29,9250000.0,5,2029,-0.22,-0.21,46250000.0,42826531,0,0,-42826531,-8565306,STD,UFA
Carter Verhaeghe,C,29,7000000.0,8,2032,0.05,0.05,56000000.0,49014383,6518968,5730981,-43283402,-5410425,STD,UFA
Pavel Buchnevich,C,29,8000000.0,6,2030,-0.01,-0.01,48000000.0,43614579,0,0,-43614579,-7269096,STD,UFA
Mason McTavish,C,21,7000000.0,7,2031,0.0,0.0,49000000.0,43694958,0,0,-43694958,-6242137,STD,RFA
Jake Sanderson,D,22,8050000.0,7,2031,0.05,0.05,56350000.0,50249202,6550716,5814568,-44434633,-6347805,STD,RFA
Brandon Montour,D,30,7142857.0,7,2031,-0.09,-0.08,49999999.0,44586691,0,0,-44586691,-6369527,STD,UFA
Johnny Gaudreau,LW,30,9750000.0,5,2029,0.0,0.0,48750000.0,45141478,0,0,-45141478,-9028296,STD,UFA
Aleksander Barkov,C,29,10000000.0,5,2029,0.0,0.0,50000000.0,46298952,0,0,-46298952,-9259790,STD,UFA
Bo Horvat,C,29,8500000.0,6,2030,-0.19,-0.18,51000000.0,46340490,0,0,-46340490,-7723415,STD,UFA
Mikhail Sergachev,D,26,8500000.0,6,2030,-0.08,-0.08,51000000.0,46340490,0,0,-46340490,-7723415,STD,RFA
Noah Dobson,D,25,9500000.0,8,2032,0.15,0.16,76000000.0,66519519,22389610,19564808,-46954711,-5869339,STD,RFA
Jake Walman,D,28,7000000.0,8,2032,-0.22,-0.22,56000000.0,49014383,0,0,-49014383,-6126798,STD,UFA
Mathew Barzal,C,27,9150000.0,6,2030,-0.15,-0.15,54900000.0,49884174,0,0,-49884174,-8314029,STD,RFA
Logan Cooley,C,20,10000000.0,9,2033,0.17,0.19,90000000.0,77327449,30143422,25728383,-51599066,-5733230,STD,RFA
Brock Faber,D,21,8500000.0,8,2032,0.06,0.06,68000000.0,59517465,8786179,7652705,-51864760,-6483095,STD,RFA
Ivan Provorov,D,28,8500000.0,7,2031,-0.12,-0.12,59500000.0,53058163,0,0,-53058163,-7579738,STD,UFA
Moritz Seider,D,23,8550000.0,7,2031,-0.05,-0.06,59850000.0,53370270,0,0,-53370270,-7624324,STD,RFA
Rasmus Dahlin,D,24,11000000.0,7,2031,0.08,0.09,77000000.0,68663505,10739247,9539671,-59123834,-8446262,STD,RFA
Martin Necas,C,25,11500000.0,9,2033,0.2,0.21,103500000.0,88926566,33488988,28743328,-60183238,-6687026,STD,UFA
Elias Pettersson,C,26,11600000.0,7,2031,0.1,0.1,81200000.0,72408788,12677713,11300417,-61108370,-8729767,STD,RFA
Travis Konecny,RW,27,8750000.0,8,2032,0.0,0.0,70000000.0,61267978,0,0,-61267978,-7658497,STD,UFA
Jakob Chychrun,D,26,9000000.0,8,2032,-0.01,-0.01,72000000.0,63018492,0,0,-63018492,-7877312,STD,UFA
Jack Eichel,C,27,13500000.0,9,2033,0.28,0.28,121500000.0,104392056,44288888,38160592,-66231464,-7359052,STD,UFA
Jackson LaCombe,D,23,9000000.0,9,2033,-0.41,-0.47,81000000.0,69594704,0,0,-69594704,-7732745,STD,RFA
