player_id,player_name,position,age,GP,curr_WAR,curr_WAR_82,age_next,curr_goals,curr_points,proj_WAR,proj_WAR_82,proj_WAR_lo,proj_WAR_hi,proj_Points,proj_Goals,proj_GP,proj_EV_O_GAR,proj_EV_D_GAR,proj_PP_GAR,proj_PK_GAR,war_delta
8477492,Nathan MacKinnon,C,31.0,64,4.94,6.33,32.0,32.0,116.0,3.2,3.23,2.17,4.23,99.62,39.94,71,0.23,0.02,0.7,-0.02,-1.7400000000000002
8476453,Nikita Kucherov,R,33.0,61,3.98,5.35,34.0,37.0,121.0,2.59,2.61,1.56,3.62,83.03,33.64,69,0.18,0.0,0.9,-0.08,-1.3900000000000001
8478402,Connor McDavid,C,29.0,67,3.33,4.08,30.0,26.0,100.0,2.16,2.19,1.13,3.19,79.2,31.51,72,0.18,-0.04,1.4,0.02,-1.17
8475786,Zach Hyman,C,34.0,48,2.51,4.29,35.0,27.0,44.0,2.03,2.06,1.0,3.06,44.47,19.61,66,0.13,-0.03,0.54,-0.04,-0.48
8480039,Martin Necas,C,27.0,62,2.79,3.69,28.0,27.0,83.0,1.97,1.98,0.94,3.01,74.29,30.16,70,0.11,-0.03,1.91,0.0,-0.8200000000000001
8479542,Brandon Hagel,L,28.0,60,2.71,3.7,29.0,35.0,90.0,1.91,1.93,0.88,2.94,53.7,22.43,71,0.13,0.0,0.41,-0.15,-0.8
8478403,Jack Eichel,C,30.0,59,2.6,3.61,31.0,28.0,94.0,1.87,1.91,0.84,2.9,60.87,24.39,69,0.16,-0.02,1.37,0.02,-0.73
8477934,Leon Draisaitl,C,31.0,64,2.83,3.63,32.0,52.0,106.0,1.87,1.91,0.84,2.9,73.85,29.03,69,0.16,-0.05,1.47,0.02,-0.96
8478010,Brayden Point,C,30.0,47,2.01,3.51,31.0,42.0,82.0,1.84,1.83,0.81,2.87,49.96,20.58,63,0.13,-0.02,1.68,-0.01,-0.1699999999999997
8479318,Auston Matthews,C,29.0,60,2.5,3.42,30.0,33.0,78.0,1.79,1.8,0.75,2.82,53.19,22.42,68,0.14,-0.02,0.43,0.03,-0.71
8480801,Brady Tkachuk,L,27.0,45,1.83,3.33,28.0,29.0,55.0,1.72,1.73,0.69,2.75,33.98,15.19,66,0.12,-0.02,0.53,0.04,-0.1100000000000001
8478398,Kyle Connor,L,30.0,65,2.65,3.34,31.0,41.0,97.0,1.71,1.73,0.68,2.75,68.8,27.32,69,0.16,-0.03,1.22,0.02,-0.94
8478427,Sebastian Aho,R,29.0,66,2.61,3.24,30.0,29.0,74.0,1.69,1.7,0.66,2.72,58.78,23.81,71,0.14,-0.0,0.37,0.19,-0.9199999999999999
8482093,Seth Jarvis,C,24.0,58,2.12,3.0,25.0,32.0,67.0,1.61,1.61,0.58,2.64,43.96,18.71,71,0.1,-0.0,0.28,0.01,-0.51
8477476,Artturi Lehkonen,L,31.0,59,2.32,3.22,32.0,27.0,45.0,1.59,1.61,0.56,2.63,52.88,21.88,67,0.09,-0.0,-0.2,0.04,-0.7299999999999998
8479420,Tage Thompson,C,29.0,67,2.36,2.89,30.0,44.0,72.0,1.51,1.54,0.48,2.54,58.28,24.39,68,0.11,-0.02,1.01,0.02,-0.8499999999999999
8477500,Bo Horvat,C,31.0,53,1.92,2.97,32.0,28.0,57.0,1.49,1.5,0.46,2.52,44.78,18.54,68,0.12,-0.0,0.13,0.03,-0.42999999999999994
8471214,Alex Ovechkin,L,41.0,68,2.66,3.21,42.0,44.0,73.0,1.49,1.47,0.46,2.52,56.88,23.8,65,0.06,-0.08,0.68,-0.16,-1.1700000000000002
8477956,David Pastrnak,R,30.0,61,2.14,2.88,31.0,43.0,106.0,1.49,1.51,0.46,2.53,62.14,24.56,66,0.13,-0.04,1.36,0.01,-0.6500000000000001
8477964,Ivan Barbashev,C,31.0,67,2.44,2.99,32.0,23.0,51.0,1.48,1.49,0.45,2.51,46.47,20.2,64,0.11,-0.01,-0.17,0.03,-0.96
8477935,Sam Bennett,C,30.0,65,2.33,2.94,31.0,25.0,51.0,1.47,1.49,0.44,2.5,51.81,22.17,68,0.1,-0.01,0.35,-0.04,-0.8600000000000001
8476460,Mark Scheifele,C,33.0,65,2.36,2.98,34.0,39.0,87.0,1.47,1.49,0.44,2.5,70.99,27.37,68,0.12,-0.02,1.46,-0.02,-0.8899999999999999
8477939,William Nylander,C,30.0,50,1.68,2.76,31.0,45.0,84.0,1.46,1.48,0.43,2.49,48.86,19.71,62,0.16,-0.01,1.29,0.02,-0.21999999999999997
8477949,Alex Tuch,R,30.0,65,2.3,2.9,31.0,36.0,67.0,1.44,1.45,0.41,2.47,51.13,20.99,68,0.11,-0.01,-0.48,-0.32,-0.8599999999999999
8480027,Jason Robertson,L,27.0,66,2.1,2.61,28.0,35.0,80.0,1.39,1.42,0.36,2.42,61.63,25.3,68,0.1,-0.03,0.97,0.01,-0.7100000000000002
8482116,Tim Stutzle,L,24.0,65,2.08,2.62,25.0,,,1.39,1.41,0.35,2.42,58.12,23.32,72,0.09,-0.01,0.02,0.02,-0.6900000000000002
8476455,Gabriel Landeskog,L,34.0,47,1.61,2.81,35.0,,,1.34,1.35,0.31,2.37,34.79,14.84,62,0.11,-0.01,0.1,-0.0,-0.27
8476880,Tom Wilson,R,32.0,58,1.91,2.7,33.0,33.0,65.0,1.34,1.35,0.31,2.37,46.98,19.49,68,0.08,0.01,0.29,0.08,-0.5699999999999998
8480018,Nick Suzuki,C,27.0,65,2.04,2.57,28.0,30.0,89.0,1.34,1.35,0.31,2.37,57.33,23.43,70,0.11,-0.02,0.56,0.02,-0.7
8480830,Andrei Svechnikov,R,26.0,66,2.08,2.58,27.0,20.0,48.0,1.33,1.34,0.3,2.36,47.69,20.32,69,0.09,-0.01,0.2,0.05,-0.75
8478550,Artemi Panarin,L,35.0,62,2.09,2.76,36.0,37.0,89.0,1.33,1.36,0.3,2.37,61.14,24.05,66,0.13,-0.04,0.58,0.01,-0.7599999999999998
8475754,Brock Nelson,C,35.0,65,2.2,2.78,36.0,26.0,56.0,1.32,1.31,0.28,2.35,56.56,22.42,69,0.09,0.0,-0.16,-0.04,-0.8800000000000001
8483445,Cutter Gauthier,L,22.0,65,1.97,2.49,23.0,20.0,43.0,1.32,1.33,0.29,2.35,52.26,21.82,68,0.07,-0.02,0.18,-0.01,-0.6499999999999999
8483515,Juraj Slafkovsky,L,22.0,65,1.95,2.46,23.0,,,1.31,1.33,0.28,2.34,47.67,21.05,69,0.07,-0.01,0.38,0.01,-0.6399999999999999
8477409,Carter Verhaeghe,C,31.0,63,1.99,2.59,32.0,20.0,53.0,1.3,1.31,0.27,2.33,46.43,19.54,66,0.08,-0.02,0.32,0.02,-0.69
8478483,Mitchell Marner,C,29.0,66,2.01,2.5,30.0,27.0,102.0,1.3,1.33,0.27,2.33,63.7,24.96,68,0.1,-0.01,0.49,0.02,-0.7099999999999997
8481540,Cole Caufield,R,25.0,64,1.95,2.5,26.0,37.0,70.0,1.29,1.31,0.26,2.32,52.69,21.97,67,0.08,-0.02,0.59,-0.01,-0.6599999999999999
8477501,Valeri Nichushkin,R,31.0,56,1.75,2.56,32.0,21.0,34.0,1.28,1.29,0.25,2.31,41.73,17.23,66,0.11,0.0,0.09,0.08,-0.47
8484984,Ivan Demidov,R,21.0,65,1.54,1.94,22.0,1.0,2.0,1.26,1.25,0.22,2.29,47.12,19.51,64,0.03,-0.01,-0.34,0.02,-0.28
8484801,Macklin Celebrini,C,20.0,64,1.66,2.13,21.0,25.0,63.0,1.26,1.27,0.22,2.29,67.81,26.36,71,0.11,-0.02,1.19,0.04,-0.3999999999999999
8482077,Dylan Holloway,L,25.0,43,1.28,2.44,26.0,26.0,63.0,1.25,1.27,0.22,2.28,31.55,13.62,64,0.07,-0.0,0.1,0.02,-0.030000000000000027
8482097,Jack Quinn,R,25.0,67,1.97,2.41,26.0,15.0,39.0,1.24,1.24,0.21,2.27,48.64,20.46,65,0.07,-0.02,-0.0,-0.01,-0.73
8475794,Tyler Seguin,C,34.0,26,0.8,2.52,35.0,9.0,21.0,1.23,1.22,0.2,2.26,17.2,7.83,56,0.09,-0.01,0.65,-0.01,0.42999999999999994
8475218,Mattias Ekholm,D,36.0,67,2.26,2.77,37.0,9.0,33.0,1.22,1.24,0.19,2.25,32.67,8.77,63,0.08,0.06,-0.37,0.49,-1.0399999999999998
8482720,Matthew Knies,L,24.0,64,1.8,2.31,25.0,29.0,58.0,1.22,1.24,0.19,2.25,47.69,20.66,68,0.08,-0.01,0.18,-0.0,-0.5800000000000001
8481656,Aliaksei Protas,C,25.0,64,1.83,2.34,26.0,30.0,66.0,1.22,1.22,0.19,2.25,42.74,17.75,67,0.1,-0.01,0.12,-0.02,-0.6100000000000001
8482699,Dylan Guenther,R,23.0,65,1.8,2.27,24.0,27.0,60.0,1.22,1.23,0.19,2.25,50.61,21.22,68,0.06,-0.02,0.28,0.0,-0.5800000000000001
8477404,Jake Guentzel,C,32.0,65,1.89,2.38,33.0,41.0,80.0,1.22,1.25,0.19,2.25,59.6,23.46,68,0.1,-0.02,1.09,-0.02,-0.6699999999999999
8482775,Oliver Kapanen,C,23.0,65,1.56,1.97,24.0,0.0,2.0,1.21,1.22,0.17,2.24,35.03,14.98,65,0.05,-0.0,-0.05,0.08,-0.3500000000000001
8481528,Dylan Cozens,C,25.0,65,1.86,2.35,26.0,16.0,47.0,1.21,1.22,0.18,2.24,40.71,18.18,68,0.08,-0.01,0.37,0.06,-0.6500000000000001
8480208,Drake Batherson,R,28.0,62,1.77,2.34,29.0,26.0,68.0,1.21,1.24,0.18,2.25,44.75,18.85,67,0.08,-0.01,0.39,0.01,-0.56
8479525,Ross Colton,C,30.0,60,1.76,2.41,31.0,16.0,29.0,1.2,1.2,0.17,2.23,31.82,14.28,62,0.07,-0.01,-0.07,0.01,-0.56
8479337,Alex DeBrincat,R,29.0,67,1.61,1.97,30.0,39.0,70.0,1.2,1.23,0.17,2.23,56.03,22.51,65,0.06,-0.02,0.39,0.02,-0.41000000000000014
8482745,Mason McTavish,C,23.0,61,1.44,1.94,24.0,22.0,52.0,1.19,1.19,0.16,2.22,35.82,15.58,64,0.06,-0.01,-0.1,-0.0,-0.25
8479385,Jordan Kyrou,C,28.0,55,1.31,1.95,29.0,36.0,70.0,1.18,1.19,0.15,2.21,34.9,14.55,63,0.1,-0.02,0.21,0.0,-0.13000000000000012
8478519,Anthony Cirelli,C,29.0,57,1.38,1.99,30.0,27.0,59.0,1.18,1.19,0.15,2.21,37.95,15.06,65,0.07,0.01,-0.21,-0.08,-0.19999999999999996
8482113,Anton Lundell,C,25.0,61,1.48,1.99,26.0,17.0,45.0,1.18,1.18,0.15,2.21,36.11,15.5,69,0.07,-0.0,0.06,-0.06,-0.30000000000000004
8482740,Wyatt Johnston,C,23.0,66,1.53,1.9,24.0,33.0,71.0,1.18,1.2,0.15,2.21,54.95,22.36,68,0.08,-0.02,0.18,0.12,-0.3500000000000001
8479671,Mathieu Olivier,R,29.0,53,1.49,2.31,30.0,18.0,32.0,1.17,1.19,0.14,2.2,19.48,10.19,60,0.04,0.0,0.1,0.19,-0.32000000000000006
8480803,Evan Bouchard,D,27.0,67,1.79,2.19,28.0,14.0,67.0,1.16,1.19,0.13,2.19,59.08,16.0,68,0.06,0.03,-0.24,0.21,-0.6300000000000001
8480893,Kirill Marchenko,R,26.0,60,1.61,2.2,27.0,31.0,74.0,1.16,1.19,0.13,2.19,47.91,19.69,66,0.08,-0.01,0.68,0.0,-0.4500000000000002
8480748,Kiefer Sherwood,R,31.0,54,1.56,2.37,32.0,19.0,40.0,1.16,1.17,0.13,2.2,25.69,12.46,63,0.05,0.01,0.16,0.21,-0.40000000000000013
8478493,Joel Eriksson Ek,C,29.0,61,1.68,2.26,30.0,14.0,29.0,1.16,1.18,0.12,2.19,44.12,18.75,67,0.08,-0.0,0.18,0.07,-0.52
8476432,Boone Jenner,C,33.0,51,1.53,2.46,34.0,7.0,19.0,1.16,1.18,0.13,2.19,27.02,12.0,62,0.08,0.0,0.02,0.05,-0.3700000000000001
8480015,Owen Tippett,R,27.0,66,1.81,2.25,28.0,20.0,43.0,1.16,1.18,0.13,2.19,38.95,17.38,66,0.09,-0.01,0.03,0.02,-0.6500000000000001
8482175,JJ Peterka,R,24.0,67,1.54,1.88,25.0,27.0,68.0,1.16,1.18,0.13,2.2,46.87,19.27,65,0.06,-0.02,0.51,0.01,-0.3800000000000001
8480068,Ryan Poehling,C,27.0,59,1.38,1.92,28.0,12.0,31.0,1.15,1.16,0.12,2.18,29.97,12.7,64,0.05,0.0,0.05,-0.02,-0.22999999999999998
8482157,Will Cuylle,L,24.0,66,1.55,1.93,25.0,20.0,45.0,1.15,1.16,0.12,2.18,27.29,14.0,67,0.03,-0.0,-0.01,0.02,-0.40000000000000013
8480023,Robert Thomas,C,27.0,49,1.28,2.14,28.0,21.0,81.0,1.15,1.16,0.12,2.18,42.12,16.74,63,0.15,-0.02,0.6,-0.13,-0.13000000000000012
8477940,Nikolaj Ehlers,L,30.0,66,1.56,1.94,31.0,24.0,63.0,1.14,1.15,0.11,2.17,44.67,18.15,65,0.07,-0.01,0.14,-0.01,-0.42000000000000015
8478440,Dylan Strome,C,29.0,66,1.56,1.94,30.0,29.0,82.0,1.14,1.18,0.1,2.17,54.17,21.29,63,0.1,-0.02,0.02,0.0,-0.42000000000000015
8477960,Adrian Kempe,L,30.0,66,1.59,1.98,31.0,35.0,73.0,1.14,1.14,0.11,2.17,47.62,20.15,66,0.06,-0.01,0.03,0.04,-0.4500000000000002
8478474,Lawson Crouse,L,29.0,66,1.8,2.24,30.0,12.0,18.0,1.14,1.16,0.11,2.17,36.41,15.76,67,0.05,-0.0,0.06,-0.09,-0.6600000000000001
8480855,Jack McBain,C,26.0,67,1.81,2.22,27.0,13.0,27.0,1.13,1.14,0.1,2.16,26.04,12.97,63,0.03,0.0,-0.04,0.14,-0.6800000000000002
8478460,Zach Werenski,D,29.0,59,1.61,2.24,30.0,23.0,82.0,1.13,1.18,0.1,2.17,54.27,14.54,64,0.06,0.05,-1.2,0.17,-0.4800000000000002
8480014,Gabriel Vilardi,C,27.0,65,1.49,1.88,28.0,27.0,61.0,1.12,1.13,0.09,2.15,51.42,20.69,65,0.07,-0.01,0.21,0.02,-0.3699999999999999
8479407,Jesper Bratt,L,28.0,66,1.71,2.12,29.0,21.0,88.0,1.12,1.14,0.08,2.15,43.31,18.37,67,0.1,-0.01,0.43,-0.01,-0.5899999999999999
8479343,Clayton Keller,C,28.0,67,1.74,2.13,29.0,30.0,90.0,1.12,1.13,0.09,2.15,58.81,23.04,66,0.11,-0.02,0.44,0.0,-0.6199999999999999
8484166,Adam Fantilli,C,22.0,66,1.69,2.1,23.0,31.0,54.0,1.12,1.13,0.09,2.15,47.82,20.14,69,0.07,-0.01,-0.02,0.01,-0.5699999999999998
8481557,Matt Boldy,L,25.0,63,1.41,1.84,26.0,27.0,73.0,1.12,1.14,0.09,2.15,57.64,22.54,71,0.06,-0.01,0.94,-0.02,-0.2899999999999998
8480069,Cale Makar,D,28.0,65,1.67,2.11,29.0,30.0,92.0,1.11,1.17,0.08,2.14,59.72,15.85,66,0.06,0.05,-0.21,0.26,-0.5599999999999998
8481604,Pavel Dorofeyev,L,26.0,67,1.54,1.88,27.0,35.0,52.0,1.11,1.13,0.08,2.14,45.85,19.16,66,0.06,-0.01,-0.06,0.02,-0.42999999999999994
8483431,Logan Cooley,C,22.0,39,0.86,1.81,23.0,25.0,65.0,1.11,1.11,0.07,2.14,28.3,11.87,62,0.04,-0.01,-0.3,0.0,0.2500000000000001
8480839,Rasmus Dahlin,D,26.0,63,1.69,2.2,27.0,17.0,68.0,1.11,1.13,0.08,2.15,49.25,14.22,65,0.03,0.02,-0.96,0.11,-0.5799999999999998
8478038,Devon Toews,D,32.0,52,1.37,2.16,33.0,10.0,44.0,1.11,1.12,0.08,2.14,26.52,6.47,60,0.04,0.03,0.06,0.25,-0.26
8478449,Roope Hintz,L,30.0,53,1.24,1.92,31.0,28.0,67.0,1.11,1.11,0.08,2.14,35.77,15.08,60,0.09,-0.01,0.03,0.04,-0.1299999999999999
8476389,Vincent Trocheck,C,33.0,51,1.44,2.32,34.0,26.0,59.0,1.11,1.13,0.08,2.15,38.83,16.4,65,0.09,0.0,0.22,-0.1,-0.32999999999999985
8478469,Thomas Chabot,D,29.0,50,1.14,1.87,30.0,9.0,45.0,1.11,1.12,0.07,2.14,29.84,7.9,60,0.03,0.02,-0.7,0.03,-0.029999999999999805
8482702,Logan Stankoven,C,23.0,66,1.44,1.79,24.0,14.0,38.0,1.11,1.1,0.08,2.14,33.79,14.68,66,0.06,-0.0,-0.25,0.17,-0.32999999999999985
8481617,Vasily Podkolzin,R,25.0,67,1.79,2.19,26.0,8.0,24.0,1.11,1.13,0.08,2.14,29.94,14.55,64,0.05,-0.0,0.1,0.05,-0.6799999999999999
8477955,Jared McCann,C,30.0,41,0.96,1.92,31.0,22.0,61.0,1.11,1.14,0.08,2.14,24.76,10.73,59,0.08,-0.01,-0.08,-0.01,0.15000000000000013
8477498,Darnell Nurse,D,31.0,67,1.56,1.91,32.0,5.0,33.0,1.1,1.12,0.07,2.13,21.74,5.64,62,0.02,0.03,-0.17,0.12,-0.45999999999999996
8482109,Alexis Lafreniere,L,25.0,66,1.7,2.11,26.0,,,1.1,1.1,0.07,2.13,41.16,17.98,65,0.09,-0.02,0.04,0.0,-0.5999999999999999
8477511,Anthony Mantha,R,32.0,66,1.79,2.22,33.0,4.0,7.0,1.1,1.12,0.07,2.13,43.84,18.51,62,0.07,-0.01,0.04,0.01,-0.69
8479345,Jakob Chychrun,D,28.0,66,1.53,1.9,29.0,20.0,47.0,1.1,1.14,0.07,2.13,51.21,13.95,63,0.02,0.05,-1.05,0.25,-0.42999999999999994
8480807,Mattias Samuelsson,D,26.0,64,1.42,1.82,27.0,4.0,14.0,1.1,1.11,0.07,2.13,27.5,6.94,66,0.03,0.03,-0.04,0.1,-0.31999999999999984
8476312,Josh Manson,D,35.0,65,1.56,1.97,36.0,1.0,15.0,1.09,1.11,0.06,2.12,23.24,6.18,60,0.0,0.04,-0.09,0.26,-0.47
8479987,Morgan Geekie,C,28.0,65,1.47,1.85,29.0,33.0,57.0,1.09,1.11,0.06,2.12,43.29,18.4,64,0.06,-0.02,-0.03,-0.0,-0.3799999999999999
8476885,Jacob Trouba,D,32.0,65,1.51,1.9,33.0,1.0,14.0,1.09,1.1,0.06,2.12,24.29,6.05,67,0.01,0.04,-0.18,-0.61,-0.41999999999999993
8477951,Nick Schmaltz,C,30.0,67,1.53,1.87,31.0,20.0,63.0,1.09,1.09,0.06,2.12,61.99,23.24,68,0.09,-0.01,-0.16,0.0,-0.43999999999999995
8477504,Josh Morrissey,D,31.0,60,1.35,1.84,32.0,14.0,62.0,1.07,1.06,0.03,2.1,45.23,12.01,62,0.02,0.03,-0.74,0.26,-0.28
8473533,Jordan Staal,C,38.0,63,1.81,2.36,39.0,13.0,36.0,1.07,1.09,0.03,2.1,26.05,11.9,67,0.07,0.01,-0.04,0.49,-0.74
8481596,Shane Pinto,C,26.0,55,1.23,1.83,27.0,21.0,37.0,1.07,1.08,0.04,2.1,36.74,15.17,66,0.07,-0.0,-0.02,-0.01,-0.15999999999999992
8484762,Beckett Sennecke,R,20.0,66,1.3,1.62,21.0,,,1.06,1.07,0.03,2.09,44.68,18.95,68,0.04,-0.02,-0.19,0.01,-0.24
8483516,Jimmy Snuggerud,R,22.0,54,1.14,1.73,23.0,1.0,4.0,1.06,1.06,0.03,2.09,32.69,14.25,64,0.04,-0.01,-0.12,-0.01,-0.07999999999999985
8483890,Braeden Bowman,R,23.0,51,1.08,1.74,24.0,,,1.06,1.07,0.03,2.09,28.84,12.52,62,0.05,-0.0,-0.14,-0.02,-0.020000000000000018
8478420,Mikko Rantanen,R,30.0,54,1.35,2.05,31.0,32.0,88.0,1.06,1.09,0.03,2.09,49.08,19.79,62,0.12,-0.03,0.68,0.07,-0.29000000000000004
8482259,Bobby McMann,C,30.0,61,1.38,1.86,31.0,20.0,34.0,1.06,1.06,0.02,2.09,26.29,12.62,62,0.05,-0.0,-0.1,-0.07,-0.31999999999999984
8478438,Thomas Novak,C,29.0,66,1.46,1.81,30.0,13.0,22.0,1.06,1.07,0.03,2.09,38.73,15.89,60,0.08,-0.02,-0.21,0.03,-0.3999999999999999
8475722,Jason Zucker,L,34.0,48,1.27,2.17,35.0,21.0,53.0,1.05,1.05,0.02,2.08,33.59,14.0,60,0.08,-0.01,0.33,0.01,-0.21999999999999997
8480865,Noah Dobson,D,26.0,65,1.37,1.73,27.0,10.0,39.0,1.04,1.04,0.01,2.07,38.31,10.11,64,0.03,0.04,-0.46,0.06,-0.33000000000000007
8478439,Travis Konecny,C,29.0,62,1.51,2.0,30.0,24.0,76.0,1.04,1.06,0.01,2.07,49.35,20.04,66,0.07,-0.01,0.33,0.01,-0.47
8476454,Ryan Nugent-Hopkins,C,33.0,57,1.32,1.9,34.0,20.0,49.0,1.04,1.06,0.01,2.08,42.33,16.96,66,0.06,0.0,0.29,0.02,-0.28
8477478,William Carrier,L,32.0,54,1.2,1.82,33.0,4.0,11.0,1.03,1.03,-0.0,2.06,13.38,7.0,56,0.03,-0.0,0.18,-0.08,-0.16999999999999993
8476468,J.T. Miller,C,33.0,52,1.34,2.11,34.0,22.0,70.0,1.02,1.03,-0.01,2.06,35.47,15.21,65,0.08,-0.01,0.37,-0.15,-0.32000000000000006
8478042,Viktor Arvidsson,L,33.0,54,1.26,1.91,34.0,15.0,27.0,1.02,1.04,-0.01,2.06,36.98,15.09,59,0.07,-0.01,-0.3,-0.0,-0.24
8480762,Eric Robinson,L,31.0,53,1.15,1.78,32.0,14.0,32.0,1.02,1.04,-0.01,2.05,16.54,7.77,58,0.05,0.0,-0.06,0.14,-0.1299999999999999
8479325,Charlie McAvoy,D,29.0,54,1.14,1.73,30.0,7.0,23.0,1.01,1.03,-0.02,2.04,37.34,10.03,61,0.04,0.05,-0.87,0.02,-0.1299999999999999
8482159,Tyson Foerster,R,24.0,21,0.43,1.68,25.0,25.0,43.0,1.01,1.02,-0.02,2.04,14.3,5.88,57,0.02,-0.01,-0.11,-0.06,0.5800000000000001
8471675,Sidney Crosby,C,39.0,56,1.5,2.2,40.0,33.0,91.0,1.01,1.03,-0.02,2.04,46.9,18.45,63,0.12,-0.02,0.51,-0.0,-0.49
8480802,Ryan McLeod,C,27.0,67,1.37,1.68,28.0,20.0,53.0,1.0,1.01,-0.03,2.03,48.24,18.84,67,0.06,-0.0,-0.2,-0.17,-0.3700000000000001
8481716,Dmitri Voronkov,L,26.0,62,1.29,1.71,27.0,23.0,47.0,1.0,1.01,-0.03,2.03,32.7,14.31,61,0.05,-0.01,-0.05,0.01,-0.29000000000000004
8477946,Dylan Larkin,C,30.0,63,1.31,1.71,31.0,30.0,70.0,0.99,1.0,-0.05,2.02,45.38,18.17,68,0.06,-0.01,0.02,0.03,-0.32000000000000006
8482475,Yegor Chinakhov,R,25.0,57,1.16,1.67,26.0,7.0,15.0,0.99,1.0,-0.05,2.02,24.61,11.3,60,0.04,-0.01,-0.02,0.05,-0.16999999999999993
8482476,Emil Heineman,L,25.0,67,1.4,1.71,26.0,10.0,18.0,0.99,1.0,-0.04,2.03,27.12,13.56,67,0.02,-0.01,-0.04,0.0,-0.4099999999999999
8476399,Blake Coleman,C,35.0,54,1.38,2.1,36.0,15.0,39.0,0.99,1.0,-0.04,2.02,26.66,11.63,64,0.06,0.01,-0.26,0.08,-0.3899999999999999
8480064,Josh Norris,C,27.0,29,0.59,1.67,28.0,21.0,35.0,0.98,0.99,-0.05,2.01,25.67,9.92,58,0.03,0.0,-0.13,-0.07,0.39
8475166,John Tavares,C,36.0,67,1.55,1.9,37.0,38.0,74.0,0.98,1.0,-0.05,2.01,47.61,19.35,64,0.06,-0.01,0.14,-0.01,-0.5700000000000001
8476392,Adam Lowry,C,33.0,53,1.15,1.78,34.0,16.0,34.0,0.98,0.99,-0.05,2.01,14.87,7.36,61,0.04,0.01,-0.02,0.02,-0.16999999999999993
8476921,Jordan Martinook,L,34.0,63,1.54,2.0,35.0,15.0,36.0,0.97,0.99,-0.06,2.0,22.45,10.06,64,0.07,0.01,-0.05,0.63,-0.5700000000000001
8478013,Jake Walman,D,30.0,38,0.79,1.7,31.0,7.0,40.0,0.97,0.99,-0.06,2.0,13.82,3.53,56,0.01,0.03,-0.16,-0.07,0.17999999999999994
8473994,Jamie Benn,L,37.0,44,1.14,2.12,38.0,16.0,49.0,0.97,0.96,-0.06,2.0,25.2,10.74,55,0.07,-0.02,-0.1,-0.02,-0.16999999999999993
8483425,Lian Bichsel,D,22.0,35,0.68,1.59,23.0,4.0,9.0,0.97,0.98,-0.06,2.0,6.86,2.03,54,-0.02,0.0,-0.12,-0.07,0.2899999999999999
8475184,Chris Kreider,L,35.0,60,1.49,2.04,36.0,22.0,30.0,0.97,0.98,-0.06,2.0,39.19,16.56,62,0.08,-0.01,0.04,-0.01,-0.52
8482659,Josh Doan,R,24.0,67,1.29,1.58,25.0,7.0,19.0,0.96,0.98,-0.07,1.99,46.1,19.02,65,0.04,-0.01,0.19,-0.0,-0.33000000000000007
8481580,Connor McMichael,C,25.0,64,1.27,1.63,26.0,26.0,57.0,0.96,0.97,-0.07,1.99,40.54,16.47,66,0.05,-0.01,-0.04,-0.0,-0.31000000000000005
8478414,Timo Meier,R,30.0,61,1.26,1.69,31.0,26.0,53.0,0.96,0.98,-0.07,1.99,33.87,15.08,65,0.05,-0.01,-0.05,-0.08,-0.30000000000000004
8478873,Troy Terry,R,29.0,46,0.9,1.6,30.0,21.0,55.0,0.96,0.96,-0.07,1.99,39.84,15.44,62,0.06,-0.01,-0.39,-0.02,0.05999999999999994
8475810,Bryan Rust,R,34.0,59,1.46,2.03,35.0,31.0,65.0,0.96,0.97,-0.07,1.99,44.85,18.21,64,0.08,-0.01,-0.04,-0.03,-0.5
8478975,Mason Marchment,L,27.0,53,1.04,1.61,28.0,22.0,47.0,0.96,0.97,-0.07,1.99,33.51,14.36,62,0.06,-0.01,-0.13,0.02,-0.08000000000000007
8474590,John Carlson,D,36.0,55,1.25,1.86,37.0,5.0,51.0,0.95,0.95,-0.08,1.98,37.64,9.52,60,0.01,0.04,-0.6,0.39,-0.30000000000000004
8476419,Jean-Gabriel Pageau,C,34.0,59,1.24,1.72,35.0,14.0,42.0,0.94,0.95,-0.1,1.97,24.48,10.62,62,0.04,0.01,-0.05,-0.36,-0.30000000000000004
8478178,Darren Raddysh,D,30.0,58,1.14,1.61,31.0,6.0,37.0,0.94,0.95,-0.09,1.97,40.75,11.08,62,0.01,0.03,-0.24,0.09,-0.19999999999999996
8473512,Claude Giroux,C,38.0,65,1.65,2.08,39.0,15.0,50.0,0.94,0.96,-0.1,1.97,41.88,16.67,65,0.07,-0.0,0.06,0.06,-0.71
8480426,Charle-Edouard D'Astous,D,28.0,53,1.02,1.58,29.0,,,0.94,0.96,-0.1,1.97,19.89,5.35,59,0.01,0.02,-0.23,0.09,-0.08000000000000007
8478396,Noah Hanifin,D,29.0,56,1.05,1.54,30.0,10.0,39.0,0.93,0.95,-0.1,1.96,24.61,5.47,61,0.03,0.04,-0.34,0.21,-0.12
8476483,Rickard Rakell,C,33.0,45,0.91,1.66,34.0,35.0,70.0,0.93,0.93,-0.1,1.96,29.72,12.79,58,0.06,-0.03,-0.21,0.03,0.020000000000000018
8475314,Anders Lee,L,36.0,67,1.71,2.09,37.0,29.0,54.0,0.93,0.94,-0.1,1.96,33.47,14.87,62,0.08,-0.01,-0.18,0.01,-0.7799999999999999
8481721,Arseny Gritsyuk,R,25.0,62,1.18,1.56,26.0,,,0.92,0.94,-0.11,1.96,31.05,13.56,63,0.04,-0.01,-0.04,0.05,-0.2599999999999999
8475462,Radko Gudas,D,36.0,52,1.11,1.75,37.0,1.0,16.0,0.92,0.93,-0.12,1.95,9.21,2.26,56,-0.01,0.02,-0.05,0.33,-0.19000000000000006
8482092,Ridly Greig,C,24.0,60,1.09,1.49,25.0,13.0,34.0,0.91,0.92,-0.12,1.94,28.33,12.44,66,0.03,0.0,-0.07,0.07,-0.18000000000000005
8479619,Michael Carcone,L,30.0,64,1.24,1.59,31.0,7.0,19.0,0.91,0.93,-0.12,1.94,26.18,11.46,60,0.05,-0.0,-0.04,0.09,-0.32999999999999996
8477447,Shea Theodore,D,31.0,55,1.04,1.55,32.0,7.0,57.0,0.91,0.92,-0.13,1.94,26.96,5.99,62,0.03,0.02,-0.49,0.15,-0.13
8484258,Sam Malinski,D,28.0,65,1.22,1.54,29.0,5.0,15.0,0.91,0.95,-0.12,1.95,24.74,6.6,59,0.01,0.02,-0.16,0.21,-0.30999999999999994
8477497,Sean Monahan,C,32.0,62,1.19,1.57,33.0,19.0,57.0,0.91,0.91,-0.13,1.94,35.66,14.35,64,0.07,0.01,-0.1,0.01,-0.2799999999999999
8476459,Mika Zibanejad,C,33.0,65,1.3,1.64,34.0,20.0,62.0,0.91,0.92,-0.13,1.94,49.62,19.59,69,0.05,-0.01,-0.03,-0.05,-0.39
8475745,Charlie Coyle,C,34.0,66,1.33,1.65,35.0,17.0,35.0,0.9,0.91,-0.13,1.93,44.04,17.42,66,0.04,0.01,-0.1,-0.12,-0.43000000000000005
8478458,Jack Roslovic,C,29.0,54,1.0,1.52,30.0,22.0,39.0,0.9,0.89,-0.14,1.93,27.96,11.72,61,0.08,-0.01,-0.06,0.03,-0.09999999999999998
8481524,Bowen Byram,D,25.0,67,1.22,1.49,26.0,7.0,38.0,0.9,0.91,-0.13,1.93,33.9,8.44,66,0.03,0.03,-0.62,0.12,-0.31999999999999995
8480835,Jack Drury,C,26.0,65,1.2,1.51,27.0,8.0,18.0,0.9,0.91,-0.13,1.93,22.83,10.22,64,0.05,0.0,-0.04,-0.02,-0.29999999999999993
8477953,Kasperi Kapanen,R,30.0,26,0.5,1.58,31.0,6.0,14.0,0.9,0.91,-0.13,1.93,18.05,6.71,56,0.03,-0.0,-0.15,0.08,0.4
8475913,Mark Stone,R,34.0,45,0.9,1.64,35.0,19.0,67.0,0.9,0.88,-0.13,1.93,39.14,14.88,61,0.07,-0.01,-0.36,-0.05,0.0
8476923,Damon Severson,D,32.0,65,1.21,1.53,33.0,6.0,25.0,0.89,0.89,-0.14,1.92,28.32,6.86,61,0.02,0.05,-0.43,0.15,-0.31999999999999995
8480448,Parker Kelly,C,27.0,65,1.19,1.5,28.0,8.0,19.0,0.89,0.9,-0.14,1.92,22.2,10.09,62,0.02,0.01,-0.03,0.03,-0.29999999999999993
8475791,Taylor Hall,L,35.0,66,1.29,1.6,36.0,18.0,42.0,0.88,0.89,-0.15,1.91,33.9,13.65,62,0.05,-0.01,-0.18,0.02,-0.41000000000000003
8484144,Connor Bedard,C,21.0,53,0.86,1.33,22.0,23.0,67.0,0.88,0.91,-0.15,1.91,47.49,18.61,67,0.08,-0.02,0.13,-0.0,0.020000000000000018
8478401,Pavel Zacha,C,29.0,63,1.14,1.48,30.0,14.0,47.0,0.88,0.89,-0.15,1.91,45.27,17.97,64,0.04,-0.0,0.03,-0.01,-0.2599999999999999
8478911,Matt Roy,D,27.0,65,1.13,1.43,28.0,3.0,24.0,0.87,0.88,-0.16,1.9,17.51,3.82,62,0.01,0.03,-0.06,-0.11,-0.2599999999999999
8475726,Tyler Toffoli,C,34.0,64,1.25,1.6,35.0,30.0,54.0,0.87,0.87,-0.16,1.9,40.98,16.71,60,0.06,-0.02,-0.09,-0.01,-0.38
8478542,Evan Rodrigues,L,33.0,64,1.24,1.59,34.0,15.0,32.0,0.87,0.88,-0.16,1.9,31.99,13.52,64,0.05,0.0,-0.06,-0.01,-0.37
8481618,Alex Newhook,C,25.0,25,0.45,1.48,26.0,15.0,26.0,0.86,0.86,-0.17,1.89,20.88,7.98,55,0.02,-0.01,-0.34,-0.02,0.41
8477933,Sam Reinhart,C,31.0,64,1.13,1.45,32.0,39.0,81.0,0.85,0.87,-0.18,1.88,47.35,19.07,70,0.05,-0.0,0.81,-0.12,-0.2799999999999999
8482737,Zack Bolduc,C,23.0,64,1.09,1.4,24.0,19.0,36.0,0.85,0.85,-0.18,1.88,29.39,12.96,62,0.04,-0.01,-0.1,-0.06,-0.2400000000000001
8481542,Moritz Seider,D,25.0,67,1.15,1.41,26.0,8.0,46.0,0.85,0.85,-0.18,1.88,36.6,10.14,70,-0.01,0.04,-0.32,0.04,-0.29999999999999993
8479661,Tanner Jeannot,L,29.0,62,1.1,1.45,30.0,7.0,13.0,0.85,0.86,-0.18,1.88,17.54,9.04,59,0.01,0.0,-0.03,0.05,-0.2500000000000001
8479638,Justin Brazeau,R,28.0,48,0.84,1.43,29.0,11.0,22.0,0.85,0.86,-0.18,1.88,25.43,10.77,57,0.04,-0.01,0.04,-0.0,0.010000000000000009
8481559,Jack Hughes,C,25.0,45,0.74,1.35,26.0,27.0,70.0,0.85,0.86,-0.18,1.88,33.31,13.0,64,0.14,-0.02,0.72,-0.05,0.10999999999999999
8478104,Sammy Blais,L,30.0,21,0.38,1.48,31.0,,,0.84,0.85,-0.19,1.87,16.91,5.02,51,0.0,-0.0,0.01,0.08,0.45999999999999996
8477346,MacKenzie Weegar,D,32.0,65,1.16,1.46,33.0,8.0,47.0,0.84,0.85,-0.19,1.88,26.44,6.75,65,-0.01,0.05,-0.2,-0.18,-0.31999999999999995
8481533,Trevor Zegras,C,25.0,66,1.1,1.37,26.0,12.0,32.0,0.84,0.84,-0.19,1.87,50.57,20.08,67,0.06,-0.02,0.06,0.02,-0.2600000000000001
8482470,Ilya Solovyov,D,26.0,25,0.43,1.41,27.0,0.0,1.0,0.83,0.86,-0.2,1.86,6.93,2.12,51,-0.02,0.0,-0.05,0.03,0.39999999999999997
8480796,Martin Fehervary,D,27.0,67,1.11,1.36,28.0,,,0.83,0.84,-0.2,1.86,18.21,4.22,64,0.01,0.02,-0.04,-0.09,-0.28000000000000014
8479675,Trevor Moore,L,31.0,53,0.93,1.44,32.0,18.0,40.0,0.83,0.84,-0.21,1.86,17.84,8.28,62,0.05,0.01,-0.04,-0.1,-0.10000000000000009
8481581,Thomas Harley,D,25.0,54,0.9,1.37,26.0,16.0,50.0,0.83,0.83,-0.2,1.86,27.79,6.8,63,0.02,0.01,-0.67,0.14,-0.07000000000000006
8478864,Kirill Kaprizov,L,29.0,67,1.1,1.35,30.0,25.0,56.0,0.83,0.86,-0.2,1.86,63.07,24.16,69,0.07,-0.03,0.0,0.06,-0.27000000000000013
8482100,Alexander Nikishin,D,25.0,65,1.1,1.39,26.0,,,0.83,0.85,-0.2,1.87,22.39,5.63,63,0.01,0.04,-0.6,0.17,-0.27000000000000013
8482874,Jacob Melanson,R,23.0,29,0.49,1.39,24.0,0.0,0.0,0.83,0.84,-0.2,1.87,8.44,3.15,52,0.01,-0.0,-0.07,-0.01,0.33999999999999997
8480188,Fabian Zetterlund,L,27.0,65,1.12,1.41,28.0,19.0,41.0,0.83,0.84,-0.2,1.86,27.26,12.05,61,0.04,-0.01,-0.08,-0.02,-0.29000000000000015
8478421,A.J. Greer,L,30.0,64,1.13,1.45,31.0,6.0,17.0,0.83,0.84,-0.2,1.86,17.56,8.88,58,0.02,0.0,-0.04,0.0,-0.29999999999999993
8484227,Will Smith,C,21.0,51,0.77,1.24,22.0,18.0,45.0,0.83,0.87,-0.2,1.86,41.8,16.71,63,0.08,-0.02,0.12,-0.02,0.05999999999999994
8480009,Eeli Tolvanen,R,27.0,64,1.09,1.4,28.0,23.0,35.0,0.82,0.83,-0.21,1.85,26.42,12.75,64,0.02,-0.01,-0.02,-0.01,-0.27000000000000013
8480002,Nico Hischier,C,27.0,66,1.11,1.38,28.0,35.0,69.0,0.82,0.84,-0.21,1.85,43.8,17.81,70,0.06,-0.0,0.23,-0.06,-0.29000000000000015
8475151,Kyle Palmieri,R,35.0,25,0.46,1.51,36.0,24.0,48.0,0.82,0.82,-0.21,1.85,12.87,5.19,58,0.03,-0.0,-0.14,-0.07,0.35999999999999993
8478970,Jalen Chatfield,D,30.0,59,0.93,1.29,31.0,7.0,18.0,0.82,0.83,-0.21,1.85,17.68,2.74,61,0.02,0.07,-0.2,1.33,-0.1100000000000001
8485402,Michael Misa,C,19.0,27,0.42,1.28,20.0,,,0.82,0.82,-0.21,1.85,16.18,6.75,57,0.02,-0.0,-0.44,-0.01,0.39999999999999997
8482245,Artem Zub,D,31.0,64,1.07,1.37,32.0,2.0,13.0,0.82,0.83,-0.21,1.85,15.63,2.82,64,0.01,0.04,-0.05,-0.15,-0.2500000000000001
8483609,Adam Klapka,R,26.0,65,1.12,1.41,27.0,6.0,10.0,0.82,0.83,-0.21,1.85,13.4,7.94,57,0.01,-0.0,-0.03,0.06,-0.30000000000000016
8476887,Filip Forsberg,L,32.0,65,1.12,1.41,33.0,31.0,76.0,0.82,0.83,-0.21,1.86,42.38,17.28,64,0.08,-0.02,-0.07,0.0,-0.30000000000000016
8476872,Scott Laughton,C,32.0,48,0.84,1.43,33.0,13.0,31.0,0.81,0.82,-0.22,1.84,12.27,5.91,57,0.03,0.01,-0.01,-0.05,-0.029999999999999916
8480336,Sean Walker,D,32.0,66,1.06,1.32,33.0,5.0,16.0,0.81,0.83,-0.22,1.84,23.25,4.43,65,0.02,0.06,-0.29,0.71,-0.25
8475158,Ryan O'Reilly,C,35.0,64,1.15,1.47,36.0,21.0,53.0,0.81,0.83,-0.22,1.85,51.36,19.56,67,0.06,-0.01,0.18,-0.03,-0.33999999999999986
8483485,Denton Mateychuk,D,22.0,58,0.91,1.29,23.0,4.0,13.0,0.81,0.83,-0.22,1.84,26.2,6.42,62,0.02,0.02,-0.15,0.23,-0.09999999999999998
8476931,Jake McCabe,D,33.0,65,1.15,1.45,34.0,2.0,23.0,0.81,0.82,-0.22,1.84,18.62,4.07,66,0.0,0.06,-0.05,-0.55,-0.33999999999999986
8477507,Nikita Zadorov,D,31.0,65,1.11,1.4,32.0,4.0,22.0,0.81,0.82,-0.22,1.84,16.2,3.36,62,0.0,0.04,-0.01,-0.57,-0.30000000000000004
8482634,Alex Steeves,C,27.0,40,0.68,1.39,28.0,1.0,2.0,0.81,0.82,-0.22,1.84,16.85,7.16,54,0.02,-0.01,-0.06,-0.1,0.13
8480185,Eetu Luostarinen,C,28.0,57,0.94,1.35,29.0,9.0,24.0,0.81,0.82,-0.23,1.84,24.93,10.71,64,0.04,0.0,-0.04,0.17,-0.1299999999999999
8478055,Gustav Forsling,D,30.0,65,1.04,1.31,31.0,11.0,31.0,0.8,0.82,-0.23,1.83,25.23,4.67,65,0.03,0.05,-0.19,0.13,-0.24
8475168,Matt Duchene,C,35.0,41,0.72,1.44,36.0,30.0,82.0,0.8,0.8,-0.23,1.83,20.67,8.72,56,0.08,-0.02,-0.23,0.02,0.08000000000000007
8476372,Nick Seeler,D,33.0,64,1.11,1.42,34.0,3.0,20.0,0.79,0.81,-0.24,1.82,8.66,1.4,58,-0.01,0.04,-0.04,-0.16,-0.32000000000000006
8482105,Jake Sanderson,D,24.0,62,0.93,1.23,25.0,11.0,57.0,0.78,0.81,-0.25,1.81,39.44,9.38,69,0.01,0.02,-0.13,0.26,-0.15000000000000002
8470613,Brent Burns,D,41.0,65,1.23,1.55,42.0,6.0,29.0,0.78,0.79,-0.25,1.81,27.78,5.8,60,0.0,0.03,-0.4,0.2,-0.44999999999999996
8484186,Ryan Leonard,R,21.0,61,0.9,1.21,22.0,1.0,1.0,0.78,0.79,-0.25,1.81,32.02,13.94,63,0.03,-0.01,-0.08,-0.05,-0.12
8480145,Neal Pionk,D,31.0,39,0.64,1.35,32.0,10.0,39.0,0.78,0.78,-0.26,1.81,14.7,3.3,56,0.0,0.02,-0.06,-0.35,0.14
8482671,Owen Power,D,24.0,66,0.99,1.23,25.0,7.0,40.0,0.77,0.79,-0.27,1.8,32.35,7.36,63,0.02,0.06,-0.42,0.25,-0.21999999999999997
8478445,Mathew Barzal,C,29.0,66,1.01,1.25,30.0,6.0,20.0,0.77,0.79,-0.26,1.8,52.58,20.28,67,0.08,-0.02,0.03,0.03,-0.24
8483457,Lane Hutson,D,22.0,65,0.99,1.25,23.0,6.0,66.0,0.77,0.81,-0.26,1.8,51.63,13.34,65,0.03,0.02,-0.89,0.12,-0.21999999999999997
8475188,Brayden McNabb,D,35.0,48,0.81,1.38,36.0,5.0,20.0,0.77,0.79,-0.26,1.8,8.6,0.92,58,-0.0,0.05,-0.04,-0.16,-0.040000000000000036
8476902,Esa Lindell,D,32.0,66,1.02,1.27,33.0,5.0,26.0,0.77,0.76,-0.26,1.8,24.72,4.55,66,0.02,0.06,-0.27,-0.26,-0.25
8481606,Jordan Spence,D,25.0,56,0.88,1.29,26.0,4.0,28.0,0.77,0.79,-0.26,1.8,20.52,5.48,57,0.02,0.02,-0.55,0.09,-0.10999999999999999
8478468,Jeremy Lauzon,D,29.0,53,0.83,1.28,30.0,0.0,1.0,0.77,0.79,-0.26,1.8,7.03,1.6,57,-0.01,0.0,-0.02,0.24,-0.05999999999999994
8482809,Jackson Blake,R,23.0,66,0.99,1.23,24.0,17.0,34.0,0.76,0.77,-0.27,1.79,35.63,14.74,66,0.04,-0.01,-0.33,0.0,-0.22999999999999998
8478434,Keegan Kolesar,R,29.0,67,1.06,1.3,30.0,12.0,30.0,0.76,0.77,-0.27,1.8,9.01,6.23,59,0.01,-0.0,-0.01,0.09,-0.30000000000000004
8477506,Ryan Pulock,D,32.0,64,1.01,1.29,33.0,5.0,23.0,0.76,0.77,-0.27,1.79,20.25,4.2,62,0.01,0.04,-0.13,-0.1,-0.25
8482691,Aatu Raty,C,24.0,50,0.76,1.25,25.0,,,0.76,0.77,-0.27,1.79,13.67,6.62,59,0.02,-0.0,-0.04,-0.01,0.0
8478569,Noel Acciari,C,35.0,51,0.86,1.38,36.0,5.0,12.0,0.76,0.77,-0.27,1.79,17.13,6.68,60,0.02,0.02,-0.05,0.08,-0.09999999999999998
8477989,Christian Dvorak,C,30.0,65,1.05,1.32,31.0,12.0,33.0,0.76,0.78,-0.27,1.79,40.27,16.12,67,0.05,0.02,-0.1,0.06,-0.29000000000000004
8482155,Alex Laferriere,R,25.0,66,1.04,1.29,26.0,19.0,42.0,0.76,0.77,-0.27,1.79,31.93,14.21,67,0.04,-0.0,-0.04,0.06,-0.28
8482146,Luke Evangelista,R,24.0,64,0.96,1.23,25.0,10.0,32.0,0.76,0.77,-0.28,1.79,40.66,16.52,66,0.04,-0.01,-0.23,0.05,-0.19999999999999996
8482713,Mackie Samoskevich,R,24.0,63,0.93,1.21,25.0,15.0,31.0,0.74,0.75,-0.29,1.77,24.83,11.42,64,0.03,-0.0,-0.09,0.06,-0.19000000000000006
8475170,Brayden Schenn,C,35.0,65,1.09,1.38,36.0,18.0,50.0,0.74,0.75,-0.29,1.78,30.44,13.46,63,0.05,-0.0,-0.05,-0.11,-0.3500000000000001
8474102,David Perron,L,38.0,50,0.88,1.44,39.0,9.0,16.0,0.74,0.75,-0.29,1.77,21.11,8.73,58,0.04,-0.0,-0.03,-0.06,-0.14
8478851,Alexandre Carrier,D,30.0,65,1.0,1.26,31.0,3.0,25.0,0.74,0.77,-0.29,1.77,19.42,3.95,61,0.03,0.02,-0.11,-0.13,-0.26
8479410,Mikhail Sergachev,D,28.0,63,0.9,1.17,29.0,15.0,53.0,0.73,0.74,-0.3,1.76,37.18,8.78,66,0.02,0.04,-0.41,0.21,-0.17000000000000004
8476461,Sean Couturier,C,34.0,65,1.08,1.36,35.0,15.0,45.0,0.73,0.75,-0.3,1.77,30.26,12.36,65,0.05,0.01,-0.08,-0.35,-0.3500000000000001
8480797,Joel Farabee,L,26.0,66,1.0,1.24,27.0,11.0,25.0,0.73,0.75,-0.3,1.77,29.84,12.76,64,0.04,-0.01,-0.13,-0.09,-0.27
8482149,Cole Perfetti,C,24.0,51,0.73,1.17,25.0,18.0,50.0,0.72,0.73,-0.31,1.75,21.6,9.62,61,0.05,-0.01,-0.17,-0.01,-0.010000000000000009
8478366,Frank Vatrano,C,32.0,42,0.65,1.27,33.0,21.0,45.0,0.72,0.73,-0.31,1.75,10.32,4.74,53,0.02,-0.0,-0.03,-0.04,0.06999999999999995
8483676,Stephen Halliday,C,24.0,28,0.4,1.17,25.0,,,0.71,0.71,-0.32,1.74,14.44,5.75,56,0.02,-0.0,-0.31,0.02,0.30999999999999994
8483464,Marco Kasper,C,22.0,66,0.94,1.17,23.0,19.0,37.0,0.71,0.72,-0.32,1.74,20.34,10.07,64,0.02,-0.01,-0.08,0.02,-0.22999999999999998
8471685,Anze Kopitar,C,39.0,51,0.85,1.37,40.0,21.0,67.0,0.71,0.72,-0.32,1.74,32.78,12.95,60,0.06,-0.0,-0.1,-0.02,-0.14
8481527,Kaedan Korczak,D,25.0,67,0.94,1.15,26.0,0.0,10.0,0.71,0.73,-0.32,1.74,14.79,3.61,59,0.01,0.02,-0.07,0.16,-0.22999999999999998
8477932,Aaron Ekblad,D,30.0,63,0.92,1.2,31.0,3.0,33.0,0.71,0.72,-0.32,1.74,28.84,6.34,65,0.02,0.04,-0.6,-0.16,-0.21000000000000008
8474141,Patrick Kane,R,38.0,52,0.86,1.36,39.0,21.0,59.0,0.71,0.7,-0.32,1.74,35.17,13.83,61,0.08,-0.02,-0.18,-0.02,-0.15000000000000002
8482201,Gage Goncalves,C,25.0,57,0.84,1.21,26.0,8.0,20.0,0.71,0.71,-0.32,1.74,27.29,11.25,57,0.03,-0.0,-0.31,0.05,-0.13
8476881,Tomas Hertl,C,33.0,66,1.03,1.28,34.0,32.0,61.0,0.7,0.72,-0.33,1.74,41.78,16.9,64,0.04,-0.01,-0.09,-0.01,-0.33000000000000007
8484241,Matthew Wood,R,21.0,54,0.71,1.08,22.0,0.0,1.0,0.7,0.7,-0.33,1.73,20.79,9.14,60,0.03,-0.01,-0.1,0.01,-0.010000000000000009
8480074,Alexandre Texier,C,27.0,41,0.59,1.18,28.0,6.0,11.0,0.7,0.7,-0.33,1.73,20.59,8.51,57,0.03,-0.0,-0.06,0.01,0.10999999999999999
8484145,Zach Benson,L,21.0,50,0.66,1.08,22.0,10.0,28.0,0.7,0.71,-0.33,1.73,27.35,11.5,62,0.03,-0.0,-0.16,-0.13,0.039999999999999925
8475169,Evander Kane,L,35.0,63,0.98,1.28,36.0,,,0.7,0.71,-0.33,1.73,28.76,12.92,62,0.04,-0.01,-0.05,-0.07,-0.28
8477402,Pavel Buchnevich,R,31.0,66,0.98,1.22,32.0,20.0,57.0,0.7,0.71,-0.33,1.73,39.5,15.62,65,0.05,0.0,-0.1,-0.09,-0.28
8482730,Brandt Clarke,D,23.0,66,0.9,1.12,24.0,5.0,33.0,0.69,0.69,-0.34,1.72,32.45,8.63,62,0.0,0.01,-1.09,0.06,-0.21000000000000008
8474151,Ryan McDonagh,D,37.0,32,0.51,1.31,38.0,4.0,31.0,0.69,0.7,-0.34,1.72,9.31,1.41,53,0.0,0.02,-0.1,0.15,0.17999999999999994
8483500,Noah Ostlund,C,22.0,55,0.75,1.12,23.0,0.0,0.0,0.69,0.69,-0.35,1.72,25.86,11.07,60,0.04,-0.01,-0.31,0.01,-0.06000000000000005
8478109,Victor Olofsson,L,31.0,64,0.92,1.18,32.0,15.0,29.0,0.69,0.7,-0.34,1.72,29.19,12.13,60,0.04,-0.0,-0.09,0.03,-0.2300000000000001
8480289,Morgan Barron,C,28.0,56,0.79,1.16,29.0,8.0,15.0,0.69,0.7,-0.34,1.72,17.52,7.55,59,0.02,0.0,-0.02,0.09,-0.10000000000000009
8485414,Ben Kindel,C,19.0,63,0.81,1.05,20.0,,,0.68,0.69,-0.35,1.72,28.74,12.3,66,0.03,-0.01,-0.0,-0.05,-0.13
8473986,Alex Killorn,L,37.0,66,1.05,1.3,38.0,19.0,37.0,0.68,0.68,-0.35,1.71,29.25,11.89,64,0.04,0.01,-0.07,-0.19,-0.37
8482088,Justin Sourdif,R,24.0,64,0.87,1.11,25.0,1.0,1.0,0.68,0.69,-0.35,1.71,28.98,12.84,62,0.03,-0.0,-0.06,-0.03,-0.18999999999999995
8478882,Vladislav Gavrikov,D,31.0,66,0.94,1.17,32.0,5.0,30.0,0.68,0.7,-0.36,1.71,25.41,5.09,64,0.01,0.05,-0.35,0.01,-0.2599999999999999
8479353,Brett Howden,C,28.0,43,0.6,1.14,29.0,23.0,40.0,0.68,0.69,-0.35,1.71,19.09,8.1,58,0.03,-0.0,-0.04,0.01,0.08000000000000007
8479996,Cody Glass,C,27.0,54,0.75,1.14,28.0,6.0,22.0,0.68,0.69,-0.35,1.71,19.55,8.57,59,0.04,0.0,-0.04,0.01,-0.06999999999999995
8475455,Brenden Dillon,D,36.0,66,1.04,1.29,37.0,2.0,16.0,0.68,0.7,-0.35,1.71,10.88,1.32,61,-0.01,0.04,-0.07,-0.08,-0.36
8482078,Lucas Raymond,L,24.0,65,0.87,1.1,25.0,27.0,80.0,0.68,0.7,-0.35,1.71,48.14,19.07,67,0.03,-0.02,-0.06,0.0,-0.18999999999999995
8480873,Rasmus Sandin,D,26.0,61,0.83,1.12,27.0,4.0,30.0,0.68,0.69,-0.35,1.71,24.24,5.9,61,0.01,0.02,-0.43,0.11,-0.1499999999999999
8475149,Marcus Johansson,L,36.0,60,0.95,1.3,37.0,11.0,34.0,0.68,0.69,-0.36,1.71,33.06,13.18,60,0.04,0.0,-0.05,-0.01,-0.2699999999999999
8483525,Danila Yurov,R,23.0,60,0.81,1.11,24.0,,,0.68,0.69,-0.35,1.71,25.52,11.12,59,0.03,-0.01,-0.23,0.02,-0.13
8478508,Yakov Trenin,C,29.0,67,0.93,1.14,30.0,7.0,15.0,0.67,0.68,-0.36,1.7,21.86,10.42,60,0.01,-0.0,-0.04,0.25,-0.26
8484230,Otto Stenberg,C,21.0,21,0.26,1.02,22.0,,,0.67,0.67,-0.37,1.7,7.75,3.63,54,0.01,-0.01,-0.05,0.01,0.41000000000000003
8484158,Easton Cowan,R,21.0,51,0.64,1.03,22.0,,,0.67,0.68,-0.36,1.7,19.87,9.09,60,0.03,-0.01,-0.16,0.02,0.030000000000000027
8484153,Leo Carlsson,C,22.0,54,0.68,1.03,23.0,20.0,44.0,0.66,0.65,-0.37,1.69,42.89,16.6,66,0.07,-0.01,0.27,-0.01,-0.020000000000000018
8476875,Michael Matheson,D,32.0,62,0.79,1.04,33.0,6.0,31.0,0.66,0.66,-0.37,1.69,25.39,4.35,67,0.03,0.07,-0.01,0.04,-0.13
8480459,Pius Suter,C,30.0,49,0.69,1.15,31.0,25.0,46.0,0.66,0.67,-0.37,1.69,21.88,9.0,61,0.05,0.0,-0.04,-0.16,-0.029999999999999916
8483489,Fraser Minten,C,22.0,66,0.86,1.07,23.0,3.0,5.0,0.66,0.67,-0.38,1.69,30.33,13.01,64,0.03,-0.01,-0.1,-0.02,-0.19999999999999996
8482705,Cole Sillinger,C,23.0,65,0.83,1.05,24.0,11.0,33.0,0.65,0.66,-0.38,1.68,25.81,11.35,63,0.03,-0.0,-0.13,-0.01,-0.17999999999999994
8476873,Mark Jankowski,C,32.0,53,0.72,1.11,33.0,12.0,17.0,0.65,0.66,-0.38,1.68,13.74,6.13,55,0.04,0.0,-0.05,0.04,-0.06999999999999995
8475167,Victor Hedman,D,36.0,31,0.46,1.22,37.0,15.0,66.0,0.64,0.63,-0.39,1.67,11.96,3.02,50,0.02,0.01,-0.62,0.07,0.18
8478416,Erik Cernak,D,29.0,44,0.57,1.06,30.0,3.0,21.0,0.64,0.66,-0.39,1.67,7.56,1.09,54,-0.01,0.02,-0.01,-0.08,0.07000000000000006
8476479,Phillip Danault,L,33.0,59,0.84,1.17,34.0,8.0,43.0,0.64,0.65,-0.39,1.68,18.38,8.34,60,0.04,0.01,-0.06,0.07,-0.19999999999999996
8481605,Jackson LaCombe,D,25.0,66,0.84,1.04,26.0,14.0,43.0,0.64,0.65,-0.39,1.67,39.2,9.49,69,0.0,0.03,-0.64,0.15,-0.19999999999999996
8482911,Joel Nystrom,D,24.0,37,0.46,1.02,25.0,,,0.64,0.66,-0.39,1.67,6.4,1.23,54,0.0,0.02,-0.18,0.1,0.18
8475171,Oliver Ekman-Larsson,D,35.0,64,0.91,1.17,36.0,4.0,29.0,0.64,0.63,-0.4,1.67,31.37,7.74,59,0.01,0.03,-0.86,0.05,-0.27
8480849,Barrett Hayton,C,26.0,62,0.81,1.07,27.0,20.0,46.0,0.64,0.65,-0.39,1.67,29.79,12.59,62,0.04,-0.01,-0.1,0.0,-0.17000000000000004
8475848,Brendan Gallagher,R,34.0,64,0.92,1.18,35.0,21.0,38.0,0.64,0.65,-0.39,1.67,23.39,10.18,58,0.04,-0.01,-0.06,-0.05,-0.28
8478397,Rasmus Andersson,D,30.0,66,0.91,1.13,31.0,11.0,31.0,0.64,0.64,-0.39,1.67,35.31,8.12,64,0.01,0.05,-1.12,-0.0,-0.27
8484829,Justin Hryckowian,C,25.0,65,0.84,1.06,26.0,0.0,1.0,0.63,0.65,-0.4,1.67,19.26,8.74,60,0.02,0.0,-0.05,0.16,-0.20999999999999996
8479323,Adam Fox,D,28.0,39,0.48,1.01,29.0,10.0,61.0,0.63,0.66,-0.41,1.66,24.49,6.39,55,0.03,0.04,-0.73,0.15,0.15000000000000002
8476853,Morgan Rielly,D,32.0,64,0.86,1.1,33.0,7.0,41.0,0.63,0.67,-0.4,1.66,40.78,10.28,60,-0.01,0.03,-0.51,0.19,-0.22999999999999998
8474586,Jordan Eberle,C,36.0,63,0.93,1.21,37.0,9.0,26.0,0.63,0.63,-0.4,1.66,38.82,15.49,64,0.05,-0.01,-0.14,-0.01,-0.30000000000000004
8474150,Mikael Backlund,C,37.0,66,0.97,1.21,38.0,15.0,32.0,0.63,0.64,-0.4,1.66,29.67,11.84,66,0.04,0.02,-0.07,-0.23,-0.33999999999999997
8478854,Ryan Shea,D,29.0,66,0.81,1.01,30.0,2.0,5.0,0.63,0.66,-0.4,1.66,25.2,5.35,61,0.01,0.04,-0.02,0.16,-0.18000000000000005
8476422,Mike Reilly,D,33.0,33,0.44,1.09,34.0,0.0,2.0,0.63,0.65,-0.4,1.66,5.81,0.92,51,0.01,0.03,-0.24,0.35,0.19
8480043,Timothy Liljegren,D,27.0,46,0.59,1.05,28.0,6.0,17.0,0.63,0.65,-0.4,1.66,13.49,2.91,56,0.0,0.02,-0.06,-0.19,0.040000000000000036
8476462,Dougie Hamilton,D,33.0,61,0.82,1.1,34.0,9.0,40.0,0.62,0.62,-0.42,1.65,28.05,6.12,60,0.01,0.02,-0.62,0.07,-0.19999999999999996
8475172,Nazem Kadri,C,36.0,65,0.94,1.19,37.0,35.0,67.0,0.62,0.64,-0.41,1.65,45.69,17.52,65,0.06,-0.03,-0.01,-0.02,-0.31999999999999995
8477950,Tony DeAngelo,D,31.0,67,0.84,1.03,32.0,4.0,19.0,0.62,0.62,-0.41,1.65,26.99,6.23,59,-0.0,0.02,-0.69,0.13,-0.21999999999999997
8482124,Quinton Byfield,C,24.0,63,0.77,1.0,25.0,23.0,54.0,0.62,0.63,-0.41,1.65,36.25,14.81,69,0.04,-0.0,-0.12,0.1,-0.15000000000000002
8482089,Jake Neighbours,L,24.0,53,0.66,1.02,25.0,22.0,46.0,0.62,0.63,-0.41,1.65,28.61,12.14,61,0.03,-0.01,-0.03,0.03,-0.040000000000000036
8475798,Mikael Granlund,R,34.0,42,0.59,1.15,35.0,22.0,66.0,0.62,0.62,-0.42,1.65,28.68,11.24,60,0.04,-0.01,-0.18,0.01,0.030000000000000027
8480036,Miro Heiskanen,D,27.0,64,0.78,1.0,28.0,5.0,25.0,0.62,0.67,-0.41,1.65,46.78,10.72,66,0.02,0.07,-0.09,0.06,-0.16000000000000003
8479705,Jeffrey Viel,L,29.0,29,0.37,1.05,30.0,0.0,0.0,0.62,0.63,-0.41,1.65,10.44,3.83,51,0.01,-0.0,-0.01,0.08,0.25
8484911,Collin Graf,R,24.0,63,0.74,0.96,25.0,5.0,11.0,0.61,0.61,-0.43,1.64,29.65,12.09,66,0.03,0.0,-0.08,-0.01,-0.13
8481754,Nikita Nesterenko,C,25.0,29,0.36,1.02,26.0,4.0,6.0,0.61,0.62,-0.42,1.64,6.72,3.14,53,0.01,-0.0,-0.03,0.04,0.25
8477365,Connor Clifton,D,31.0,35,0.45,1.05,32.0,1.0,16.0,0.61,0.63,-0.42,1.65,6.07,0.88,51,-0.02,0.01,-0.01,0.14,0.15999999999999998
8478443,Brandon Carlo,D,30.0,44,0.55,1.03,31.0,1.0,12.0,0.61,0.63,-0.43,1.64,8.12,1.19,53,-0.01,0.05,-0.02,-0.23,0.05999999999999994
8479999,Casey Mittelstadt,C,28.0,56,0.7,1.02,29.0,15.0,40.0,0.61,0.61,-0.43,1.64,34.88,13.63,59,0.08,-0.02,-0.28,0.0,-0.08999999999999997
8475692,Mats Zuccarello,R,39.0,47,0.67,1.17,40.0,19.0,54.0,0.61,0.63,-0.42,1.64,35.31,13.58,60,0.06,-0.01,0.02,-0.03,-0.06000000000000005
8479371,Dante Fabbro,D,28.0,58,0.7,0.99,29.0,9.0,26.0,0.61,0.63,-0.42,1.65,9.34,1.41,55,0.01,0.02,-0.02,0.1,-0.08999999999999997
8483573,Ethen Frank,C,28.0,57,0.71,1.02,29.0,4.0,7.0,0.61,0.61,-0.43,1.64,25.83,10.81,57,0.03,-0.01,-0.03,0.0,-0.09999999999999998
8481554,Kaapo Kakko,R,25.0,48,0.59,1.01,26.0,14.0,44.0,0.6,0.6,-0.43,1.63,21.61,9.34,58,0.03,-0.01,-0.21,0.02,0.010000000000000009
8481582,Nicholas Robertson,L,25.0,62,0.76,1.01,26.0,15.0,22.0,0.6,0.61,-0.43,1.63,27.12,11.7,59,0.03,-0.01,-0.2,0.01,-0.16000000000000003
8478454,Noah Juulsen,D,29.0,47,0.55,0.96,30.0,0.0,0.0,0.6,0.62,-0.43,1.63,9.48,2.16,52,-0.01,0.02,-0.02,0.09,0.04999999999999993
8482087,Kaiden Guhle,D,24.0,25,0.29,0.95,25.0,6.0,18.0,0.6,0.62,-0.43,1.63,1.74,0.0,53,-0.02,0.01,-0.02,0.05,0.31
8478463,Anthony Beauvillier,C,29.0,68,0.82,0.99,30.0,15.0,25.0,0.6,0.62,-0.43,1.63,29.34,12.5,63,0.04,-0.01,-0.07,0.13,-0.21999999999999997
8473419,Brad Marchand,L,38.0,52,0.72,1.14,39.0,23.0,51.0,0.6,0.6,-0.43,1.63,39.22,14.89,61,0.04,-0.01,-0.07,-0.02,-0.12
8480113,Alex Iafallo,C,33.0,65,0.87,1.1,34.0,15.0,31.0,0.6,0.63,-0.43,1.63,24.43,10.59,61,0.03,0.0,-0.09,0.16,-0.27
8481481,Blake Lizotte,C,27.0,55,0.66,0.98,28.0,11.0,20.0,0.6,0.61,-0.43,1.63,16.62,7.01,61,0.02,0.0,-0.01,0.29,-0.06000000000000005
8480829,Jesperi Kotkaniemi,C,26.0,37,0.45,1.0,27.0,12.0,33.0,0.6,0.6,-0.43,1.63,8.66,4.28,52,0.03,-0.0,-0.1,0.03,0.14999999999999997
8478507,John Marino,D,29.0,67,0.76,0.93,30.0,1.0,14.0,0.6,0.63,-0.43,1.63,23.93,4.78,62,0.01,0.05,-0.07,0.37,-0.16000000000000003
8476457,Adam Larsson,D,34.0,65,0.82,1.03,35.0,7.0,28.0,0.59,0.6,-0.45,1.62,17.34,2.76,62,-0.0,0.05,-0.04,-0.25,-0.22999999999999998
8483752,Dominic James,C,24.0,43,0.5,0.95,25.0,,,0.59,0.59,-0.44,1.63,12.66,5.78,57,0.02,0.0,-0.12,0.02,0.08999999999999997
8480817,K'Andre Miller,D,26.0,58,0.62,0.88,27.0,7.0,27.0,0.59,0.6,-0.44,1.62,21.56,4.01,65,0.01,0.04,-0.35,0.94,-0.030000000000000027
8475755,Alex Petrovic,D,34.0,51,0.66,1.06,35.0,0.0,0.0,0.59,0.61,-0.44,1.62,9.56,2.23,52,-0.01,0.02,-0.03,-0.02,-0.07000000000000006
8474568,Luke Schenn,D,37.0,48,0.65,1.11,38.0,1.0,7.0,0.59,0.6,-0.45,1.62,1.84,0.0,51,-0.02,0.02,-0.03,0.4,-0.06000000000000005
8477456,J.T. Compher,L,31.0,67,0.83,1.02,32.0,11.0,32.0,0.59,0.6,-0.44,1.62,25.22,10.66,62,0.03,-0.0,-0.07,-0.03,-0.24
8479336,Carl Grundstrom,R,29.0,37,0.45,1.0,30.0,3.0,9.0,0.59,0.6,-0.44,1.62,10.53,4.62,51,0.01,-0.0,-0.03,0.12,0.13999999999999996
8483524,Shane Wright,C,22.0,65,0.76,0.96,23.0,19.0,44.0,0.59,0.6,-0.44,1.62,25.49,11.19,62,0.04,-0.01,-0.08,-0.0,-0.17000000000000004
8481553,Bobby Brink,R,25.0,57,0.69,0.99,26.0,12.0,41.0,0.59,0.6,-0.44,1.63,24.96,11.21,61,0.03,-0.01,-0.03,-0.0,-0.09999999999999998
8477503,Max Domi,L,31.0,65,0.83,1.05,32.0,8.0,33.0,0.59,0.61,-0.44,1.62,31.22,12.74,60,0.06,-0.02,-0.16,0.02,-0.24
8478057,Dakota Joshua,C,30.0,44,0.55,1.03,31.0,7.0,14.0,0.59,0.6,-0.44,1.62,14.39,6.27,52,0.0,-0.0,-0.04,0.04,0.039999999999999925
8485702,Max Shabanov,R,26.0,42,0.5,0.98,27.0,,,0.59,0.6,-0.44,1.62,18.06,7.71,56,0.03,-0.01,-0.06,-0.01,0.08999999999999997
8480028,Morgan Frost,C,27.0,66,0.78,0.97,28.0,14.0,37.0,0.58,0.58,-0.45,1.61,36.55,14.85,62,0.03,-0.02,-0.15,0.04,-0.20000000000000007
8474564,Steven Stamkos,C,36.0,65,0.89,1.12,37.0,27.0,53.0,0.58,0.59,-0.45,1.61,40.36,16.11,62,0.04,-0.03,-0.25,-0.01,-0.31000000000000005
8478047,Michael Bunting,L,31.0,65,0.78,0.98,32.0,19.0,38.0,0.58,0.58,-0.45,1.61,31.86,12.89,61,0.04,-0.01,-0.19,0.04,-0.20000000000000007
8475760,Nick Bjugstad,C,34.0,45,0.58,1.06,35.0,8.0,19.0,0.58,0.58,-0.45,1.61,1.72,1.75,53,0.02,0.0,-0.03,0.05,0.0
8476458,Ryan Strome,C,33.0,38,0.49,1.06,34.0,10.0,41.0,0.58,0.58,-0.45,1.61,14.51,6.16,54,0.04,-0.02,-0.11,0.01,0.08999999999999997
8477505,Alexander Wennberg,C,32.0,64,0.78,1.0,33.0,10.0,35.0,0.58,0.6,-0.45,1.61,43.45,16.92,68,0.03,-0.0,-0.05,-0.02,-0.20000000000000007
8483570,Ben Meyers,C,28.0,40,0.47,0.96,29.0,0.0,0.0,0.58,0.6,-0.45,1.61,17.22,6.8,54,0.02,-0.0,-0.01,0.02,0.10999999999999999
8477969,Marcus Pettersson,D,30.0,66,0.76,0.94,31.0,4.0,29.0,0.57,0.59,-0.46,1.6,15.87,2.31,63,0.0,0.04,-0.02,-0.04,-0.19000000000000006
8482408,Jeff Malott,L,27.0,49,0.57,0.95,28.0,0.0,1.0,0.57,0.58,-0.46,1.6,10.59,4.85,52,0.01,-0.0,-0.02,0.05,0.0
8483513,Reid Schaefer,L,23.0,30,0.33,0.9,24.0,,,0.56,0.56,-0.47,1.59,1.79,1.32,53,0.0,-0.0,-0.03,0.01,0.23000000000000004
8480049,Dylan Samberg,D,27.0,49,0.52,0.87,28.0,6.0,20.0,0.56,0.58,-0.47,1.59,9.9,0.98,60,-0.0,0.05,-0.07,0.22,0.040000000000000036
8479414,Nathan Bastian,R,27.0,31,0.35,0.93,28.0,4.0,10.0,0.56,0.57,-0.47,1.59,9.66,2.89,51,0.0,-0.0,-0.01,0.07,0.21000000000000008
8476393,Nick Cousins,C,33.0,64,0.79,1.01,34.0,6.0,15.0,0.56,0.57,-0.48,1.59,13.66,6.76,55,0.02,-0.0,-0.02,0.12,-0.22999999999999998
8482079,Marco Rossi,C,25.0,34,0.4,0.96,26.0,24.0,60.0,0.56,0.58,-0.47,1.6,18.79,8.07,57,0.03,-0.01,-0.26,-0.0,0.16000000000000003
8482660,Kent Johnson,C,24.0,63,0.69,0.9,25.0,24.0,57.0,0.56,0.56,-0.48,1.59,27.48,11.46,60,0.05,-0.01,-0.3,0.02,-0.1299999999999999
8483487,Rutger McGroarty,R,22.0,20,0.22,0.9,23.0,1.0,3.0,0.56,0.56,-0.47,1.59,4.77,2.3,52,0.01,-0.0,-0.09,0.06,0.3400000000000001
8477495,Seth Jones,D,32.0,39,0.45,0.95,33.0,9.0,36.0,0.56,0.57,-0.48,1.59,20.55,4.5,57,0.01,0.02,-0.66,-0.13,0.11000000000000004
8476463,Jonas Brodin,D,33.0,48,0.56,0.96,34.0,4.0,20.0,0.56,0.58,-0.47,1.6,13.77,2.32,57,0.0,0.03,-0.1,0.1,0.0
8482667,William Eklund,C,24.0,60,0.64,0.87,25.0,17.0,58.0,0.55,0.56,-0.48,1.58,38.79,15.81,67,0.02,-0.01,-0.07,0.06,-0.08999999999999997
8477426,Nick Paul,L,31.0,35,0.4,0.94,32.0,22.0,41.0,0.55,0.56,-0.48,1.58,12.62,5.17,55,0.02,-0.0,-0.05,-0.03,0.15000000000000002
8477942,Kevin Fiala,L,30.0,56,0.65,0.95,31.0,35.0,60.0,0.55,0.56,-0.48,1.58,31.73,13.18,62,0.06,-0.02,-0.06,-0.01,-0.09999999999999998
8477450,Jason Dickinson,C,31.0,52,0.59,0.93,32.0,7.0,16.0,0.55,0.57,-0.48,1.58,18.13,7.6,61,0.02,0.01,-0.02,0.21,-0.039999999999999925
8481711,Matias Maccelli,L,26.0,56,0.63,0.92,27.0,8.0,18.0,0.55,0.55,-0.48,1.58,32.96,13.24,60,0.04,-0.02,-0.26,0.0,-0.07999999999999996
8478233,Andrew Mangiapane,L,30.0,57,0.65,0.94,31.0,14.0,28.0,0.55,0.56,-0.48,1.59,12.49,6.07,57,0.03,0.0,-0.02,0.03,-0.09999999999999998
8475753,Justin Faulk,D,34.0,65,0.78,0.98,35.0,4.0,32.0,0.55,0.55,-0.48,1.58,30.52,6.57,63,0.0,0.03,-0.72,0.06,-0.22999999999999998
8478859,Niko Mikkola,D,30.0,65,0.69,0.87,31.0,6.0,22.0,0.55,0.57,-0.48,1.58,13.29,1.59,63,-0.0,0.05,-0.02,0.17,-0.1399999999999999
8478450,Parker Wotherspoon,D,29.0,66,0.68,0.84,30.0,1.0,7.0,0.55,0.57,-0.49,1.58,16.5,2.51,63,0.0,0.04,-0.04,0.36,-0.13
8480727,Zach Whitecloud,D,30.0,62,0.67,0.89,31.0,4.0,13.0,0.55,0.57,-0.48,1.58,11.91,1.72,61,-0.01,0.03,-0.02,0.28,-0.12
8479378,Logan Stanley,D,28.0,62,0.67,0.89,29.0,1.0,14.0,0.55,0.57,-0.48,1.58,13.07,3.07,58,-0.01,0.02,-0.03,-0.01,-0.12
8477948,Travis Sanheim,D,30.0,66,0.72,0.89,31.0,8.0,30.0,0.54,0.56,-0.49,1.57,26.43,4.78,67,0.02,0.05,-0.3,0.02,-0.17999999999999994
8478444,Brock Boeser,R,29.0,58,0.63,0.89,30.0,25.0,50.0,0.54,0.54,-0.49,1.57,34.01,13.89,64,0.03,-0.01,-0.08,-0.0,-0.08999999999999997
8475287,Erik Haula,L,35.0,65,0.77,0.97,36.0,11.0,21.0,0.54,0.54,-0.49,1.57,27.4,11.46,62,0.03,-0.0,-0.07,-0.05,-0.22999999999999998
8483490,Pavel Mintyukov,D,23.0,61,0.63,0.85,24.0,5.0,19.0,0.54,0.56,-0.49,1.57,18.56,3.7,61,-0.0,0.02,-0.36,0.11,-0.08999999999999997
8478891,Mason Appleton,C,30.0,57,0.63,0.91,31.0,10.0,22.0,0.54,0.55,-0.49,1.57,12.95,6.42,57,0.01,0.0,-0.0,0.22,-0.08999999999999997
8481024,Linus Karlsson,C,27.0,63,0.66,0.86,28.0,3.0,6.0,0.53,0.54,-0.5,1.56,25.48,10.57,58,0.03,-0.0,-0.03,0.05,-0.13
8476480,Vladislav Namestnikov,C,34.0,57,0.66,0.95,35.0,11.0,38.0,0.53,0.54,-0.5,1.56,15.47,6.99,58,0.03,-0.0,-0.06,0.05,-0.13
8481789,Tye Kartye,L,25.0,48,0.52,0.89,26.0,6.0,13.0,0.53,0.54,-0.5,1.57,12.59,5.64,55,0.0,-0.0,-0.02,0.1,0.010000000000000009
8478856,Conor Garland,R,30.0,55,0.62,0.92,31.0,19.0,50.0,0.53,0.54,-0.5,1.56,28.75,11.62,63,0.04,0.0,-0.13,-0.09,-0.08999999999999997
8476867,Brendan Gaunce,C,32.0,25,0.27,0.89,33.0,0.0,1.0,0.52,0.53,-0.51,1.55,6.63,2.0,50,0.01,0.0,-0.01,0.06,0.25
8481532,Alex Turcotte,C,25.0,58,0.6,0.85,26.0,9.0,25.0,0.52,0.52,-0.51,1.55,14.98,7.0,57,0.02,-0.01,-0.01,0.02,-0.07999999999999996
8481601,Simon Holmstrom,R,25.0,65,0.68,0.86,26.0,20.0,45.0,0.52,0.53,-0.51,1.55,32.14,12.92,64,0.04,-0.0,-0.13,0.08,-0.16000000000000003
8476906,Shayne Gostisbehere,D,33.0,45,0.5,0.91,34.0,7.0,45.0,0.52,0.53,-0.51,1.55,27.89,6.8,58,0.01,-0.0,-0.53,0.52,0.020000000000000018
8480012,Elias Pettersson,C,28.0,58,0.59,0.83,29.0,15.0,45.0,0.52,0.53,-0.51,1.55,35.3,14.48,62,0.02,-0.01,-0.04,0.11,-0.06999999999999995
8477499,Rasmus Ristolainen,D,32.0,28,0.3,0.88,33.0,4.0,19.0,0.52,0.54,-0.51,1.55,1.5,0.0,51,-0.01,0.04,-0.03,-0.18,0.22000000000000003
8484142,Denver Barkey,C,21.0,31,0.3,0.79,22.0,,,0.52,0.53,-0.51,1.55,9.99,4.51,56,0.01,-0.01,-0.05,-0.02,0.22000000000000003
8476539,Jonathan Marchessault,C,36.0,46,0.59,1.05,37.0,21.0,56.0,0.52,0.53,-0.51,1.55,22.98,9.64,56,0.04,-0.03,-0.33,-0.04,-0.06999999999999995
8477496,Elias Lindholm,C,32.0,53,0.56,0.87,33.0,17.0,47.0,0.51,0.53,-0.52,1.54,34.11,13.73,60,0.03,-0.0,-0.06,-0.0,-0.050000000000000044
8482929,Emil Lilleberg,D,25.0,35,0.35,0.82,26.0,1.0,19.0,0.51,0.54,-0.52,1.54,7.49,1.47,52,-0.01,0.01,-0.05,-0.0,0.16000000000000003
8477018,Ben Hutton,D,33.0,51,0.56,0.9,34.0,0.0,2.0,0.51,0.52,-0.52,1.54,11.56,2.3,52,0.0,0.02,-0.11,0.0,-0.050000000000000044
8475790,Erik Gudbranson,D,34.0,21,0.23,0.9,35.0,0.0,4.0,0.51,0.53,-0.52,1.54,3.04,0.09,47,-0.01,0.02,-0.03,-0.01,0.28
8474013,Ian Cole,D,37.0,67,0.78,0.95,38.0,1.0,17.0,0.51,0.53,-0.52,1.54,15.31,2.28,60,-0.0,0.04,-0.04,0.05,-0.27
8484210,Gabe Perreault,R,21.0,33,0.31,0.77,22.0,0.0,0.0,0.51,0.52,-0.53,1.54,14.88,6.61,57,0.02,-0.0,-0.21,0.02,0.2
8477416,Oliver Bjorkstrand,R,31.0,65,0.68,0.86,32.0,21.0,46.0,0.51,0.54,-0.52,1.54,29.75,12.1,61,0.03,-0.02,-0.0,0.0,-0.17000000000000004
8477508,Curtis Lazar,C,31.0,38,0.41,0.88,32.0,2.0,5.0,0.51,0.52,-0.52,1.54,6.76,2.24,50,-0.0,-0.0,-0.02,0.07,0.10000000000000003
8477407,Anthony Duclair,L,31.0,57,0.61,0.88,32.0,7.0,11.0,0.51,0.51,-0.52,1.54,25.16,10.39,57,0.03,-0.01,-0.19,0.02,-0.09999999999999998
8483553,Marc Gatcomb,C,27.0,37,0.39,0.86,28.0,8.0,9.0,0.51,0.52,-0.52,1.55,3.86,1.97,51,-0.01,-0.0,0.0,0.04,0.12
8484387,Matvei Michkov,R,22.0,65,0.65,0.82,23.0,26.0,63.0,0.51,0.5,-0.52,1.54,30.65,12.7,62,0.04,-0.02,-0.37,0.01,-0.14
8480220,Noah Cates,L,27.0,66,0.68,0.84,28.0,16.0,37.0,0.51,0.52,-0.52,1.54,29.4,12.51,64,0.02,-0.0,-0.03,-0.02,-0.17000000000000004
8476917,Adam Pelech,D,32.0,67,0.66,0.81,33.0,0.0,21.0,0.51,0.53,-0.52,1.54,14.6,1.66,64,0.0,0.06,-0.06,0.06,-0.15000000000000002
8478498,Jake DeBrusk,L,30.0,65,0.69,0.87,31.0,28.0,48.0,0.51,0.54,-0.52,1.55,35.15,14.37,62,0.02,-0.01,0.13,0.08,-0.17999999999999994
8481806,Louis Crevier,D,25.0,63,0.62,0.81,26.0,3.0,4.0,0.51,0.53,-0.52,1.54,11.21,2.17,59,-0.02,0.01,-0.02,0.12,-0.10999999999999999
8477527,Ross Johnston,L,32.0,62,0.65,0.86,33.0,1.0,4.0,0.5,0.5,-0.53,1.53,15.08,6.94,54,0.0,-0.0,-0.01,0.1,-0.15000000000000002
8482665,Matty Beniers,C,24.0,65,0.62,0.78,25.0,20.0,43.0,0.5,0.51,-0.53,1.53,41.79,16.57,68,0.05,-0.01,-0.15,0.03,-0.12
8481523,Kirby Dach,C,25.0,31,0.31,0.82,26.0,10.0,22.0,0.5,0.5,-0.53,1.53,15.41,6.01,54,0.02,-0.0,-0.03,0.03,0.19
8471215,Evgeni Malkin,C,40.0,46,0.5,0.89,41.0,16.0,50.0,0.5,0.48,-0.53,1.53,33.87,12.54,58,0.11,-0.02,0.05,0.0,0.0
8476892,Colton Parayko,D,33.0,61,0.65,0.87,34.0,16.0,36.0,0.5,0.53,-0.53,1.53,15.6,2.13,63,-0.01,0.05,-0.1,-0.07,-0.15000000000000002
8477993,Justin Kirkland,C,30.0,20,0.21,0.86,31.0,2.0,8.0,0.5,0.51,-0.53,1.53,5.53,1.97,47,0.01,-0.0,0.01,0.05,0.29000000000000004
8476854,Hampus Lindholm,D,32.0,52,0.54,0.85,33.0,3.0,7.0,0.5,0.52,-0.53,1.53,21.36,4.29,58,0.0,0.04,-0.66,-0.03,-0.040000000000000036
8479351,Sam Steel,C,28.0,66,0.66,0.82,29.0,6.0,25.0,0.5,0.51,-0.54,1.53,27.0,11.25,63,0.03,-0.0,-0.05,0.03,-0.16000000000000003
8480878,Nils Lundkvist,D,26.0,39,0.38,0.8,27.0,0.0,5.0,0.5,0.52,-0.53,1.53,9.22,2.19,51,-0.0,0.01,-0.16,0.04,0.12
8475765,Vladimir Tarasenko,R,35.0,60,0.69,0.94,36.0,11.0,33.0,0.5,0.53,-0.53,1.53,29.6,12.26,58,0.03,-0.02,-0.16,-0.25,-0.18999999999999995
8475220,Marcus Foligno,L,35.0,48,0.52,0.89,36.0,14.0,29.0,0.5,0.5,-0.53,1.53,8.99,4.28,55,-0.0,0.0,-0.03,-0.13,-0.020000000000000018
8481641,Joel Kiviranta,L,30.0,35,0.36,0.84,31.0,16.0,23.0,0.5,0.51,-0.54,1.53,11.45,4.06,52,0.01,-0.0,-0.03,0.11,0.14
8477451,Ryan Hartman,L,32.0,63,0.66,0.86,33.0,11.0,26.0,0.5,0.52,-0.53,1.53,29.03,12.45,62,0.03,-0.01,-0.05,-0.0,-0.16000000000000003
8481546,Cam York,D,25.0,59,0.56,0.78,26.0,4.0,17.0,0.49,0.51,-0.54,1.52,25.52,5.4,64,0.01,0.05,-0.6,-0.05,-0.07000000000000006
8483406,Taylor Ward,R,28.0,24,0.24,0.82,29.0,1.0,1.0,0.49,0.5,-0.54,1.52,9.11,3.66,50,0.02,-0.01,-0.02,-0.04,0.25
8476871,Tanner Pearson,L,34.0,53,0.57,0.88,35.0,12.0,27.0,0.49,0.49,-0.54,1.52,14.92,6.06,53,0.01,-0.0,-0.04,0.05,-0.07999999999999996
8480800,Quinn Hughes,D,27.0,61,0.58,0.78,28.0,16.0,76.0,0.49,0.57,-0.54,1.53,54.79,13.16,64,0.0,0.03,-0.08,0.25,-0.08999999999999997
8474600,Roman Josi,D,36.0,53,0.6,0.93,37.0,9.0,38.0,0.49,0.51,-0.54,1.53,34.23,7.76,59,0.02,0.02,-0.62,0.22,-0.10999999999999999
8479977,Kailer Yamamoto,R,28.0,45,0.45,0.82,29.0,2.0,3.0,0.49,0.51,-0.54,1.52,18.9,7.63,54,0.02,-0.01,-0.02,-0.01,0.03999999999999998
8482655,J.J. Moser,D,26.0,63,0.55,0.72,27.0,2.0,14.0,0.49,0.52,-0.54,1.52,19.64,2.92,64,0.02,0.04,-0.13,0.28,-0.06000000000000005
8482765,Isak Rosen,R,23.0,20,0.17,0.7,24.0,0.0,1.0,0.49,0.47,-0.54,1.52,5.68,3.15,50,0.01,-0.02,0.14,-0.0,0.31999999999999995
8480950,Ilya Lyubushkin,D,32.0,44,0.44,0.82,33.0,1.0,14.0,0.49,0.51,-0.54,1.52,4.55,0.21,51,-0.02,0.02,-0.01,0.15,0.04999999999999999
8480434,Sean Durzi,D,28.0,46,0.43,0.77,29.0,4.0,11.0,0.49,0.5,-0.54,1.52,20.06,4.85,57,-0.0,0.02,-0.38,-0.12,0.06
8479370,Tyson Jost,C,28.0,52,0.5,0.79,29.0,4.0,9.0,0.48,0.49,-0.55,1.51,7.56,4.14,54,0.01,-0.0,-0.02,0.09,-0.020000000000000018
8478133,Jake Evans,C,30.0,50,0.49,0.8,31.0,13.0,36.0,0.48,0.49,-0.55,1.51,13.39,5.61,59,0.01,0.01,-0.01,0.01,-0.010000000000000009
8481593,Jayden Struble,D,25.0,43,0.41,0.78,26.0,2.0,13.0,0.48,0.5,-0.55,1.51,5.41,1.26,51,-0.01,0.01,-0.04,0.04,0.07
8473507,Jeff Petry,D,39.0,58,0.63,0.89,40.0,1.0,8.0,0.48,0.49,-0.55,1.51,7.51,0.67,53,-0.01,0.02,-0.13,0.1,-0.15000000000000002
8482726,Samuel Helenius,C,24.0,37,0.35,0.78,25.0,4.0,7.0,0.48,0.49,-0.55,1.51,6.45,2.77,50,-0.0,-0.0,0.0,0.07,0.13
8481043,Cole Koepke,L,28.0,49,0.47,0.79,29.0,10.0,17.0,0.48,0.49,-0.55,1.51,15.23,5.54,54,-0.0,0.0,-0.02,0.05,0.010000000000000009
8482145,Mavrik Bourque,C,24.0,66,0.61,0.76,25.0,11.0,25.0,0.48,0.5,-0.55,1.51,29.08,12.35,64,0.03,-0.0,-0.1,0.14,-0.13
8477573,Nathan Walker,L,32.0,41,0.41,0.82,33.0,8.0,16.0,0.48,0.49,-0.55,1.51,14.86,5.61,51,-0.0,0.0,-0.02,0.03,0.07
8477947,Sonny Milano,L,30.0,31,0.31,0.82,31.0,0.0,0.0,0.48,0.49,-0.55,1.51,9.64,4.32,52,0.03,-0.01,-0.2,0.02,0.16999999999999998
8478046,Danton Heinen,C,31.0,31,0.3,0.79,32.0,9.0,29.0,0.47,0.48,-0.56,1.5,5.14,2.14,50,0.02,-0.0,-0.06,0.1,0.16999999999999998
8477015,Connor Brown,R,32.0,59,0.57,0.79,33.0,13.0,30.0,0.47,0.48,-0.56,1.5,26.44,10.44,63,0.03,0.0,-0.06,-0.05,-0.09999999999999998
8483565,Nick Blankenburg,D,28.0,51,0.47,0.76,29.0,4.0,16.0,0.47,0.48,-0.56,1.5,15.15,3.04,57,-0.0,0.02,-0.56,-0.07,0.0
8475279,Ben Chiarot,D,35.0,67,0.66,0.81,36.0,4.0,13.0,0.47,0.48,-0.56,1.5,13.99,1.98,61,-0.02,0.05,-0.03,-0.0,-0.19000000000000006
8478413,Jordan Greenway,L,29.0,33,0.31,0.77,30.0,3.0,8.0,0.47,0.48,-0.56,1.5,2.78,1.82,51,0.01,-0.0,0.01,0.07,0.15999999999999998
8483497,Jani Nyman,R,22.0,24,0.22,0.75,23.0,3.0,6.0,0.47,0.47,-0.56,1.5,0.0,1.15,53,0.01,-0.0,-0.14,-0.04,0.24999999999999997
8474716,Jared Spurgeon,D,37.0,67,0.71,0.87,38.0,7.0,32.0,0.47,0.47,-0.57,1.5,19.57,3.39,60,-0.01,0.04,-0.1,-0.07,-0.24
8479372,Josh Mahura,D,28.0,21,0.19,0.74,29.0,0.0,9.0,0.46,0.48,-0.57,1.49,0.15,0.0,45,-0.01,0.01,-0.01,-0.06,0.27
8482178,Ian Moore,D,24.0,51,0.45,0.72,25.0,0.0,1.0,0.46,0.48,-0.57,1.5,9.02,1.93,55,-0.01,0.01,-0.11,-0.05,0.010000000000000009
8478462,Nicolas Roy,C,29.0,64,0.59,0.76,30.0,15.0,31.0,0.46,0.47,-0.57,1.5,24.9,10.5,59,0.03,-0.0,-0.05,0.03,-0.12999999999999995
8474037,James van Riemsdyk,L,37.0,58,0.64,0.9,38.0,16.0,36.0,0.46,0.47,-0.57,1.49,20.69,8.73,56,0.02,-0.02,-0.13,-0.05,-0.18
8479425,Filip Hronek,D,29.0,66,0.6,0.75,30.0,5.0,33.0,0.46,0.48,-0.57,1.49,31.87,6.65,65,0.01,0.05,-0.78,0.01,-0.13999999999999996
8479998,Mikey Anderson,D,27.0,64,0.54,0.69,28.0,6.0,24.0,0.45,0.47,-0.58,1.49,12.33,1.56,63,-0.01,0.03,-0.02,0.34,-0.09000000000000002
8479576,Vincent Desharnais,D,30.0,37,0.33,0.73,31.0,0.0,3.0,0.45,0.46,-0.58,1.48,6.7,0.33,52,-0.02,0.02,-0.01,0.2,0.12
8482095,Tyler Kleven,D,24.0,60,0.5,0.68,25.0,4.0,10.0,0.45,0.47,-0.58,1.48,10.51,1.72,58,-0.02,0.01,-0.02,0.15,-0.04999999999999999
8476292,Ondrej Palat,L,35.0,66,0.66,0.82,36.0,15.0,28.0,0.45,0.46,-0.58,1.48,18.98,8.45,57,0.02,-0.0,-0.07,0.03,-0.21000000000000002
8476374,Sean Kuraly,C,33.0,66,0.65,0.81,34.0,6.0,17.0,0.45,0.47,-0.58,1.48,18.89,7.86,60,0.02,0.01,-0.04,-0.07,-0.2
8484958,Maxim Tsyplakov,R,28.0,39,0.35,0.74,29.0,10.0,35.0,0.45,0.45,-0.58,1.48,2.79,1.94,50,0.02,-0.01,-0.0,0.07,0.10000000000000003
8479982,Conor Timmins,D,28.0,33,0.29,0.72,29.0,3.0,15.0,0.45,0.47,-0.58,1.48,7.0,0.86,51,-0.01,0.02,-0.0,0.01,0.16000000000000003
8483512,Matt Savoie,C,22.0,67,0.58,0.71,23.0,0.0,1.0,0.45,0.45,-0.59,1.48,23.68,9.71,63,0.03,-0.0,-0.16,0.07,-0.12999999999999995
8477429,Andrew Copp,C,32.0,65,0.62,0.78,33.0,10.0,23.0,0.45,0.47,-0.58,1.49,31.07,12.41,61,0.04,0.0,-0.13,0.03,-0.16999999999999998
8481167,Brayden Pachal,D,27.0,32,0.28,0.72,28.0,3.0,12.0,0.45,0.47,-0.58,1.48,4.08,0.63,48,-0.02,0.01,-0.0,0.07,0.16999999999999998
8475763,Kevin Hayes,C,34.0,25,0.24,0.79,35.0,13.0,23.0,0.44,0.44,-0.59,1.47,8.31,3.34,51,0.02,-0.01,-0.09,-0.02,0.2
8481522,Peyton Krebs,C,25.0,67,0.59,0.72,26.0,10.0,28.0,0.44,0.45,-0.59,1.47,20.42,9.77,61,0.01,-0.0,-0.05,0.02,-0.14999999999999997
8476981,Josh Anderson,R,32.0,59,0.53,0.74,33.0,15.0,27.0,0.44,0.45,-0.59,1.47,13.34,5.9,58,0.01,0.01,-0.01,-0.02,-0.09000000000000002
8482110,Dawson Mercer,C,25.0,66,0.59,0.73,26.0,19.0,36.0,0.44,0.46,-0.59,1.47,31.87,13.08,66,0.03,-0.01,-0.16,-0.02,-0.14999999999999997
8475784,Jeff Skinner,L,34.0,31,0.31,0.82,35.0,16.0,29.0,0.44,0.45,-0.59,1.47,8.21,3.87,50,0.03,-0.02,-0.13,-0.01,0.13
8480891,Michael Kesselring,D,26.0,32,0.27,0.69,27.0,7.0,29.0,0.44,0.46,-0.59,1.47,2.78,0.8,47,-0.01,0.02,-0.26,0.12,0.16999999999999998
8479944,Zach Aston-Reese,C,32.0,26,0.24,0.76,33.0,6.0,17.0,0.44,0.45,-0.59,1.48,3.53,0.61,48,-0.0,-0.0,-0.02,0.04,0.2
8481178,Egor Zamula,D,26.0,28,0.24,0.7,27.0,3.0,15.0,0.44,0.47,-0.59,1.47,1.07,0.0,48,-0.01,0.02,-0.12,0.05,0.2
8482103,Ozzy Wiesblatt,C,24.0,33,0.28,0.7,25.0,0.0,1.0,0.44,0.45,-0.59,1.47,8.08,3.16,52,0.0,-0.0,-0.04,0.1,0.15999999999999998
8478020,Michael Amadio,C,30.0,65,0.58,0.73,31.0,11.0,27.0,0.44,0.46,-0.59,1.48,22.69,9.9,62,0.03,0.0,-0.04,0.19,-0.13999999999999996
8477987,Ryan Donato,C,30.0,66,0.59,0.73,31.0,31.0,62.0,0.43,0.45,-0.6,1.46,27.11,11.46,60,0.03,-0.02,-0.07,0.01,-0.15999999999999998
8482073,Braden Schneider,D,25.0,66,0.55,0.68,26.0,6.0,21.0,0.43,0.44,-0.6,1.46,15.15,2.64,64,-0.02,0.02,-0.05,-0.28,-0.12000000000000005
8481719,Maxwell Crozier,D,26.0,34,0.29,0.7,27.0,0.0,0.0,0.43,0.47,-0.6,1.46,6.19,1.13,51,-0.01,0.01,-0.13,0.06,0.14
8476331,Dylan DeMelo,D,33.0,65,0.58,0.73,34.0,3.0,19.0,0.43,0.46,-0.6,1.46,19.16,2.95,62,0.0,0.05,-0.09,0.03,-0.14999999999999997
8482166,Shakir Mukhamadullin,D,24.0,34,0.28,0.68,25.0,2.0,9.0,0.43,0.46,-0.6,1.46,8.67,2.13,51,-0.01,0.01,-0.39,0.0,0.14999999999999997
8477425,Miles Wood,L,31.0,43,0.38,0.72,32.0,4.0,8.0,0.43,0.44,-0.6,1.46,10.27,4.54,53,0.01,-0.0,-0.02,0.11,0.04999999999999999
8477446,Michael McCarron,R,31.0,64,0.57,0.73,32.0,5.0,14.0,0.43,0.44,-0.6,1.46,7.61,4.66,62,-0.0,0.01,-0.01,0.28,-0.13999999999999996
8482751,Ryan Winterton,C,23.0,60,0.5,0.68,24.0,0.0,1.0,0.43,0.44,-0.6,1.46,16.78,7.47,58,0.01,-0.0,-0.03,0.08,-0.07
8478874,Adam Gaudette,C,30.0,51,0.45,0.72,31.0,19.0,26.0,0.42,0.43,-0.61,1.45,16.2,7.01,55,0.02,-0.01,-0.01,-0.01,-0.030000000000000027
8485493,David Tomasek,R,30.0,22,0.19,0.71,31.0,,,0.42,0.42,-0.61,1.45,3.23,1.53,49,0.02,-0.01,-0.04,-0.0,0.22999999999999998
8480246,Nick Perbix,D,28.0,62,0.48,0.63,29.0,6.0,19.0,0.42,0.45,-0.61,1.45,15.24,1.81,59,0.01,0.04,-0.12,0.27,-0.06
8480834,Ty Emberson,D,26.0,60,0.48,0.66,27.0,2.0,13.0,0.42,0.45,-0.61,1.45,11.18,2.01,58,-0.02,0.01,-0.03,0.14,-0.06
8478840,William Borgen,D,30.0,59,0.48,0.67,31.0,5.0,15.0,0.41,0.43,-0.62,1.44,12.27,2.09,57,-0.02,0.04,-0.18,-0.03,-0.07
8473422,Nick Foligno,L,39.0,40,0.38,0.78,40.0,15.0,35.0,0.41,0.41,-0.62,1.44,11.48,4.04,52,0.0,-0.0,-0.07,-0.07,0.02999999999999997
8470621,Corey Perry,R,41.0,55,0.53,0.79,42.0,19.0,30.0,0.41,0.42,-0.62,1.44,23.41,9.4,56,0.04,-0.0,0.07,-0.06,-0.12000000000000005
8475714,Calle Jarnkrok,C,35.0,43,0.38,0.72,36.0,1.0,7.0,0.41,0.41,-0.62,1.44,3.72,2.1,50,0.01,-0.0,-0.01,-0.05,0.02999999999999997
8476905,Chandler Stephenson,C,32.0,63,0.54,0.7,33.0,13.0,51.0,0.41,0.42,-0.62,1.44,35.65,14.08,65,0.03,-0.0,0.1,0.07,-0.13000000000000006
8477220,Nate Schmidt,D,35.0,67,0.57,0.7,36.0,5.0,19.0,0.41,0.42,-0.62,1.44,21.68,3.65,61,0.0,0.04,-0.28,0.09,-0.15999999999999998
8481219,Jonathan Aspirot,D,27.0,45,0.35,0.64,28.0,,,0.41,0.43,-0.63,1.44,11.54,2.58,52,-0.01,0.01,-0.01,0.15,0.06
8480980,Connor Dewar,C,27.0,66,0.55,0.68,28.0,4.0,10.0,0.41,0.43,-0.62,1.45,20.82,8.56,64,0.01,0.0,-0.02,0.01,-0.14000000000000007
8484860,Matvei Gridin,R,20.0,22,0.16,0.6,21.0,,,0.4,0.41,-0.63,1.44,3.34,2.54,53,0.01,-0.01,-0.11,-0.0,0.24000000000000002
8475324,Nick Jensen,D,36.0,61,0.53,0.71,37.0,3.0,21.0,0.4,0.43,-0.63,1.44,13.77,2.08,56,-0.0,0.03,-0.1,0.12,-0.13
8482126,Emil Andrae,D,24.0,47,0.36,0.63,25.0,1.0,7.0,0.4,0.41,-0.63,1.44,12.61,2.85,54,-0.01,0.01,-0.33,0.03,0.040000000000000036
8482125,Alexander Holtz,R,24.0,28,0.22,0.64,25.0,4.0,12.0,0.4,0.41,-0.63,1.43,9.5,4.07,52,0.01,-0.01,-0.09,-0.02,0.18000000000000002
8479026,Philippe Myers,D,29.0,32,0.25,0.64,30.0,2.0,5.0,0.39,0.42,-0.64,1.43,5.22,1.0,47,-0.02,0.01,-0.01,0.06,0.14
8479398,Samuel Girard,D,28.0,47,0.35,0.61,29.0,3.0,24.0,0.39,0.42,-0.64,1.42,12.76,2.35,54,-0.0,0.01,-0.17,-0.06,0.040000000000000036
8477998,Warren Foegele,L,30.0,50,0.4,0.66,31.0,24.0,46.0,0.39,0.41,-0.64,1.42,11.84,5.62,56,0.03,-0.0,0.03,-0.04,-0.010000000000000009
8477903,Garnet Hathaway,R,35.0,54,0.46,0.7,36.0,10.0,21.0,0.39,0.4,-0.64,1.42,3.42,1.89,50,-0.01,0.01,-0.03,0.06,-0.07
8479390,Taylor Raddysh,R,28.0,60,0.46,0.63,29.0,7.0,27.0,0.39,0.4,-0.65,1.42,17.09,7.27,57,0.01,-0.0,-0.03,0.04,-0.07
8483808,Andrei Kuzmenko,L,30.0,52,0.42,0.66,31.0,11.0,37.0,0.39,0.37,-0.64,1.42,24.68,9.88,57,0.04,-0.02,-0.28,-0.02,-0.02999999999999997
8474578,Erik Karlsson,D,36.0,61,0.54,0.73,37.0,11.0,53.0,0.39,0.41,-0.64,1.43,40.13,8.24,61,-0.0,0.03,-0.59,0.14,-0.15000000000000002
8482460,Matt Rempe,C,24.0,25,0.19,0.62,25.0,3.0,8.0,0.39,0.4,-0.65,1.42,5.91,1.27,47,-0.01,-0.0,0.0,0.04,0.2
8477494,Jonathan Drouin,L,31.0,57,0.45,0.65,32.0,11.0,37.0,0.38,0.39,-0.65,1.41,25.02,10.44,60,0.03,-0.02,-0.16,-0.03,-0.07
8481006,Tyler Tucker,D,26.0,59,0.43,0.6,27.0,3.0,7.0,0.38,0.41,-0.65,1.42,11.28,2.08,55,-0.02,0.01,-0.04,0.1,-0.04999999999999999
8474563,Drew Doughty,D,37.0,56,0.48,0.7,38.0,4.0,17.0,0.38,0.39,-0.65,1.41,19.23,3.17,59,0.0,0.02,-0.45,0.17,-0.09999999999999998
8475191,Reilly Smith,R,35.0,60,0.5,0.68,36.0,13.0,40.0,0.38,0.39,-0.65,1.41,15.95,6.92,58,0.03,-0.0,-0.06,-0.02,-0.12
8478904,Steven Lorentz,C,30.0,56,0.44,0.64,31.0,8.0,19.0,0.38,0.39,-0.65,1.41,13.69,5.63,55,-0.0,0.01,-0.01,0.06,-0.06
8476967,Brett Kulak,D,32.0,66,0.49,0.61,33.0,7.0,25.0,0.38,0.41,-0.65,1.41,14.3,1.75,58,0.0,0.02,-0.09,0.13,-0.10999999999999999
8482165,Yan Kuznetsov,D,24.0,52,0.36,0.57,25.0,,,0.38,0.4,-0.65,1.42,10.1,1.65,58,-0.01,0.01,-0.0,0.28,0.020000000000000018
8483510,Elias Salomonsson,D,22.0,22,0.13,0.48,23.0,,,0.37,0.39,-0.66,1.4,3.66,0.59,51,-0.02,0.01,-0.07,-0.03,0.24
8476438,Brandon Saad,L,34.0,46,0.37,0.66,35.0,13.0,30.0,0.37,0.38,-0.66,1.4,9.77,4.3,55,0.02,-0.0,-0.09,0.05,0.0
8476826,Yanni Gourde,C,35.0,65,0.52,0.66,36.0,7.0,31.0,0.37,0.38,-0.66,1.4,16.84,7.46,62,0.02,0.01,-0.03,0.12,-0.15000000000000002
8477444,Andre Burakovsky,L,31.0,60,0.46,0.63,32.0,10.0,37.0,0.37,0.38,-0.66,1.41,33.33,13.25,60,0.03,-0.02,-0.17,0.01,-0.09000000000000002
8484160,Nate Danielson,C,22.0,28,0.2,0.59,23.0,,,0.37,0.38,-0.66,1.4,2.89,2.02,54,0.01,-0.0,-0.1,-0.03,0.16999999999999998
8477488,Brett Pesce,D,32.0,37,0.26,0.58,33.0,3.0,17.0,0.37,0.39,-0.66,1.4,4.47,0.0,54,-0.0,0.01,-0.14,-0.03,0.10999999999999999
8482511,Mason Lohrei,D,25.0,61,0.43,0.58,26.0,5.0,33.0,0.37,0.37,-0.66,1.4,22.71,5.46,56,-0.0,0.01,-1.0,0.22,-0.06
8484149,Gavin Brindley,C,22.0,52,0.36,0.57,23.0,,,0.37,0.37,-0.67,1.4,14.08,5.87,55,0.02,-0.0,-0.1,0.05,0.010000000000000009
8482679,Matt Coronato,R,24.0,65,0.38,0.48,25.0,24.0,47.0,0.36,0.37,-0.67,1.39,34.27,13.95,65,0.02,-0.01,-0.13,0.04,-0.020000000000000018
8483450,Ryan Greene,C,23.0,65,0.38,0.48,24.0,0.0,0.0,0.36,0.37,-0.67,1.39,29.96,12.03,64,0.03,-0.01,-0.21,0.01,-0.020000000000000018
8484806,Sam Dickinson,D,20.0,54,0.33,0.5,21.0,,,0.36,0.38,-0.67,1.4,10.85,2.18,57,-0.01,0.01,-0.04,-0.04,0.02999999999999997
8485366,Matthew Schaefer,D,19.0,67,0.41,0.5,20.0,,,0.36,0.38,-0.67,1.39,36.5,8.43,69,-0.0,0.01,-0.99,0.13,-0.04999999999999999
8476897,Oskar Sundqvist,C,32.0,48,0.35,0.6,33.0,6.0,20.0,0.35,0.36,-0.68,1.39,17.1,6.43,55,0.01,-0.0,-0.04,0.05,0.0
8481655,Cole Schwindt,C,25.0,22,0.13,0.48,26.0,1.0,8.0,0.35,0.36,-0.68,1.38,6.31,2.5,48,0.01,-0.0,-0.1,0.01,0.21999999999999997
8483678,Elias Pettersson,D,22.0,56,0.31,0.45,23.0,,,0.35,0.37,-0.68,1.38,7.19,0.88,56,-0.03,0.0,-0.05,-0.03,0.03999999999999998
8475200,Dmitry Orlov,D,35.0,64,0.49,0.63,36.0,6.0,28.0,0.35,0.36,-0.68,1.38,27.11,5.75,60,-0.0,0.02,-0.64,-0.13,-0.14
8481535,Nils Hoglander,L,26.0,25,0.17,0.56,27.0,8.0,25.0,0.35,0.35,-0.68,1.38,0.89,0.99,51,0.01,-0.0,-0.03,0.05,0.17999999999999997
8479591,Michael Eyssimont,C,30.0,51,0.37,0.59,31.0,9.0,16.0,0.35,0.36,-0.68,1.38,14.76,6.17,53,0.01,-0.01,-0.02,0.03,-0.020000000000000018
8478500,Ivan Provorov,D,29.0,66,0.44,0.55,30.0,7.0,33.0,0.35,0.36,-0.68,1.38,28.44,5.02,67,0.02,0.02,-0.53,-0.09,-0.09000000000000002
8476958,Jaccob Slavin,D,32.0,26,0.16,0.5,33.0,6.0,27.0,0.35,0.34,-0.68,1.38,1.34,0.0,52,-0.0,0.04,-0.22,0.87,0.18999999999999997
8484185,Nick Lardis,L,21.0,25,0.16,0.52,22.0,,,0.35,0.36,-0.68,1.38,1.51,1.23,53,0.01,-0.0,-0.05,-0.02,0.18999999999999997
8481477,Nico Sturm,C,31.0,42,0.25,0.49,32.0,7.0,14.0,0.35,0.37,-0.68,1.38,6.18,2.71,49,0.0,0.0,0.25,0.16,0.09999999999999998
8482177,Marat Khusnutdinov,C,24.0,61,0.4,0.54,25.0,5.0,12.0,0.35,0.36,-0.69,1.38,26.23,10.54,60,0.03,-0.0,-0.21,0.06,-0.050000000000000044
8479980,Nicolas Hague,D,28.0,51,0.33,0.53,29.0,5.0,12.0,0.35,0.38,-0.68,1.38,11.67,1.55,57,-0.01,0.03,-0.09,0.12,0.019999999999999962
8479365,Trent Frederic,C,28.0,64,0.45,0.58,29.0,8.0,15.0,0.35,0.35,-0.68,1.38,4.96,3.73,55,0.0,-0.0,0.0,0.02,-0.10000000000000003
8476467,Jamie Oleksiak,D,34.0,63,0.45,0.59,35.0,4.0,17.0,0.35,0.37,-0.68,1.38,10.39,0.95,57,-0.02,0.03,-0.03,0.22,-0.10000000000000003
8482768,Fedor Svechkov,C,23.0,53,0.31,0.48,24.0,8.0,17.0,0.35,0.36,-0.68,1.38,13.23,5.87,56,0.02,-0.0,-0.26,0.03,0.03999999999999998
8482758,Ville Koivunen,R,23.0,32,0.18,0.46,24.0,0.0,7.0,0.35,0.35,-0.68,1.38,5.93,3.05,54,0.01,-0.0,-0.08,0.03,0.16999999999999998
8482094,Daemon Hunt,D,24.0,28,0.15,0.44,25.0,0.0,0.0,0.35,0.38,-0.68,1.38,0.29,0.0,47,-0.02,0.0,0.11,0.1,0.19999999999999998
8485512,Tim Washe,C,25.0,23,0.16,0.57,26.0,0.0,0.0,0.35,0.36,-0.69,1.38,3.98,1.77,50,0.01,-0.0,0.05,0.06,0.18999999999999997
8482947,Zakhar Bardakov,C,25.0,51,0.35,0.56,26.0,,,0.35,0.35,-0.69,1.38,8.81,3.89,51,0.01,-0.01,-0.06,0.06,0.0
8476469,Joel Armia,R,33.0,53,0.4,0.62,34.0,11.0,29.0,0.35,0.36,-0.68,1.38,15.03,6.33,57,0.01,-0.0,-0.05,-0.03,-0.050000000000000044
8479324,Ryan Lindgren,D,28.0,60,0.38,0.52,29.0,4.0,22.0,0.34,0.36,-0.69,1.37,10.99,0.98,58,-0.01,0.02,-0.01,0.24,-0.03999999999999998
8478472,Mathieu Joseph,R,29.0,40,0.27,0.55,30.0,4.0,14.0,0.34,0.35,-0.69,1.37,5.93,2.98,53,0.01,-0.0,-0.02,0.12,0.07
8480035,Henri Jokiharju,D,27.0,35,0.2,0.47,28.0,3.0,10.0,0.34,0.36,-0.69,1.37,10.34,2.47,50,-0.01,0.01,-0.46,0.02,0.14
8482858,Ryker Evans,D,25.0,50,0.32,0.52,26.0,5.0,25.0,0.34,0.35,-0.69,1.37,13.23,2.84,54,-0.01,0.01,-0.15,-0.1,0.020000000000000018
8476869,Brady Skjei,D,32.0,65,0.36,0.45,33.0,10.0,33.0,0.34,0.36,-0.69,1.37,22.94,3.38,63,0.0,0.03,-0.25,0.17,-0.019999999999999962
8477454,Adam Erne,L,31.0,32,0.19,0.49,32.0,,,0.34,0.35,-0.69,1.37,7.5,2.18,48,-0.01,-0.0,0.0,-0.02,0.15000000000000002
8480798,Philipp Kurashev,C,27.0,40,0.28,0.57,28.0,7.0,14.0,0.34,0.37,-0.69,1.38,24.07,9.42,56,0.03,-0.02,-0.12,0.01,0.06
8483506,Sam Rinzel,D,22.0,38,0.24,0.52,23.0,0.0,5.0,0.34,0.35,-0.69,1.37,14.84,4.2,52,-0.01,0.01,-0.85,0.21,0.10000000000000003
8483493,Frank Nazar,C,22.0,49,0.31,0.52,23.0,12.0,26.0,0.33,0.34,-0.7,1.36,31.07,12.13,64,0.02,-0.01,-0.3,-0.13,0.020000000000000018
8476456,Jonathan Huberdeau,L,33.0,50,0.36,0.59,34.0,28.0,62.0,0.33,0.32,-0.7,1.36,28.92,11.22,59,0.03,-0.01,-0.27,-0.09,-0.02999999999999997
8478136,Jacob Middleton,D,30.0,60,0.38,0.52,31.0,8.0,21.0,0.33,0.35,-0.7,1.36,9.81,1.03,57,-0.03,0.02,-0.01,0.12,-0.04999999999999999
8480084,Nick DeSimone,D,32.0,37,0.24,0.53,33.0,1.0,6.0,0.33,0.35,-0.7,1.36,4.9,0.62,48,-0.01,0.01,-0.13,0.03,0.09000000000000002
8476474,Stefan Noesen,R,33.0,38,0.27,0.58,34.0,22.0,41.0,0.33,0.33,-0.71,1.36,2.21,1.75,50,0.01,-0.01,-0.01,0.0,0.06
8479992,Michael Rasmussen,C,27.0,61,0.4,0.54,28.0,11.0,21.0,0.33,0.34,-0.7,1.37,11.65,5.71,58,0.01,-0.0,-0.01,-0.02,-0.07
8480003,Jesper Boqvist,C,28.0,56,0.31,0.45,29.0,12.0,23.0,0.33,0.33,-0.71,1.36,9.56,4.41,54,0.01,-0.0,-0.02,0.08,0.020000000000000018
8479066,Ryan Lomberg,L,32.0,55,0.37,0.55,33.0,3.0,13.0,0.32,0.33,-0.71,1.36,6.02,3.05,50,-0.01,-0.0,-0.01,0.06,-0.04999999999999999
8475231,Casey Cizikas,C,35.0,66,0.46,0.57,36.0,7.0,17.0,0.32,0.33,-0.71,1.35,9.57,4.56,56,-0.0,0.01,-0.03,0.05,-0.14
8478407,Vince Dunn,D,30.0,64,0.34,0.44,31.0,11.0,39.0,0.32,0.35,-0.71,1.35,32.57,7.15,60,-0.0,0.01,-0.69,0.23,-0.020000000000000018
8474574,Tyler Myers,D,36.0,61,0.42,0.56,37.0,6.0,24.0,0.32,0.34,-0.71,1.35,10.66,0.31,59,-0.02,0.03,-0.07,0.09,-0.09999999999999998
8480879,Jacob Bernard-Docker,D,26.0,51,0.27,0.43,27.0,2.0,8.0,0.32,0.35,-0.71,1.35,6.29,0.57,52,-0.02,0.02,-0.11,0.14,0.04999999999999999
8476925,Colton Sissons,C,33.0,51,0.3,0.48,34.0,7.0,21.0,0.32,0.33,-0.71,1.35,5.84,2.78,54,0.0,0.01,-0.02,-0.07,0.020000000000000018
8479293,Brandon Tanev,L,35.0,45,0.27,0.49,36.0,10.0,22.0,0.32,0.33,-0.71,1.35,0.0,0.13,48,-0.01,-0.0,-0.04,-0.06,0.04999999999999999
8477839,Conor Sheary,L,34.0,46,0.32,0.57,35.0,0.0,0.0,0.32,0.32,-0.71,1.36,10.75,5.0,55,0.02,-0.01,-0.15,0.05,0.0
8477986,Brandon Montour,D,32.0,47,0.31,0.54,33.0,18.0,41.0,0.32,0.34,-0.71,1.35,17.81,3.46,57,-0.01,0.01,-0.6,0.03,0.010000000000000009
8471724,Kris Letang,D,39.0,60,0.32,0.44,40.0,9.0,30.0,0.31,0.31,-0.72,1.34,21.08,3.27,58,-0.01,0.02,-0.77,0.38,-0.010000000000000009
8480355,Mark Kastelic,C,27.0,66,0.41,0.51,28.0,5.0,14.0,0.31,0.32,-0.72,1.35,13.76,6.59,59,-0.0,0.0,-0.01,0.0,-0.09999999999999998
8481013,Jonatan Berggren,R,26.0,39,0.2,0.42,27.0,12.0,24.0,0.31,0.32,-0.72,1.34,14.29,5.87,54,0.02,-0.0,-0.14,0.05,0.10999999999999999
8481624,Ilya Mikheyev,R,32.0,61,0.37,0.5,33.0,20.0,34.0,0.31,0.32,-0.72,1.34,19.35,8.03,63,0.01,0.01,-0.03,0.12,-0.06
8483395,Arshdeep Bains,L,25.0,28,0.17,0.5,26.0,1.0,1.0,0.31,0.31,-0.72,1.34,0.0,0.84,50,0.01,-0.02,-0.14,0.0,0.13999999999999999
8477479,Tyler Bertuzzi,L,31.0,63,0.33,0.43,32.0,23.0,46.0,0.31,0.34,-0.73,1.34,40.82,15.73,63,0.03,-0.02,-0.14,0.05,-0.020000000000000018
8475343,Nic Dowd,C,36.0,60,0.42,0.57,37.0,14.0,27.0,0.31,0.31,-0.72,1.34,10.99,5.25,61,-0.0,0.01,-0.03,-0.23,-0.10999999999999999
8484800,Berkly Catton,C,20.0,49,0.22,0.37,21.0,,,0.3,0.3,-0.73,1.33,11.45,5.46,58,0.01,-0.01,-0.07,-0.03,0.07999999999999999
8476889,Radek Faksa,C,32.0,56,0.34,0.5,33.0,5.0,15.0,0.3,0.31,-0.73,1.34,5.74,2.48,57,-0.0,0.01,-0.01,0.11,-0.040000000000000036
8480876,Curtis Douglas,C,26.0,32,0.16,0.41,27.0,,,0.3,0.31,-0.73,1.33,0.0,0.0,47,0.0,-0.0,-0.0,0.05,0.13999999999999999
8481068,Yegor Sharangovich,C,28.0,62,0.38,0.5,29.0,17.0,32.0,0.3,0.3,-0.73,1.33,28.83,11.31,61,0.03,-0.01,-0.18,-0.02,-0.08000000000000002
8476441,Joel Edmundson,D,33.0,66,0.41,0.51,34.0,6.0,20.0,0.3,0.32,-0.73,1.33,16.0,2.1,58,0.0,0.03,-0.15,0.01,-0.10999999999999999
8482762,Simon Edvinsson,D,23.0,57,0.26,0.37,24.0,7.0,31.0,0.3,0.31,-0.74,1.33,14.77,2.41,62,-0.01,0.02,-0.06,-0.03,0.03999999999999998
8475768,Jaden Schwartz,L,34.0,42,0.29,0.57,35.0,26.0,49.0,0.3,0.32,-0.73,1.33,21.0,8.14,56,0.03,-0.01,-0.23,-0.01,0.010000000000000009
8476473,Connor Murphy,D,33.0,65,0.35,0.44,34.0,2.0,19.0,0.3,0.32,-0.73,1.34,9.31,0.24,59,-0.02,0.01,-0.02,-0.16,-0.04999999999999999
8477070,Liam O'Brien,C,32.0,32,0.2,0.51,33.0,0.0,2.0,0.3,0.31,-0.73,1.33,1.03,0.0,46,-0.01,-0.0,0.01,-0.12,0.09999999999999998
8479393,Noah Gregor,C,28.0,24,0.12,0.41,29.0,4.0,7.0,0.3,0.31,-0.73,1.33,0.0,0.0,47,0.0,-0.01,-0.02,-0.0,0.18
8474612,Travis Hamonic,D,36.0,25,0.17,0.56,37.0,1.0,7.0,0.3,0.33,-0.73,1.34,0.0,0.0,45,-0.02,0.01,-0.04,0.02,0.12999999999999998
8474641,Adam Henrique,C,36.0,50,0.33,0.54,37.0,12.0,27.0,0.29,0.29,-0.75,1.32,8.71,3.67,56,0.01,0.0,-0.05,-0.2,-0.040000000000000036
8477810,Joel Hanley,D,35.0,62,0.3,0.4,36.0,2.0,9.0,0.29,0.31,-0.75,1.32,5.04,0.0,53,-0.02,0.03,-0.08,0.01,-0.010000000000000009
8475799,Nino Niederreiter,R,34.0,55,0.35,0.52,35.0,17.0,37.0,0.29,0.3,-0.74,1.32,15.14,6.75,57,0.01,-0.0,-0.06,-0.01,-0.06
8483455,Isaac Howard,L,22.0,28,0.13,0.38,23.0,,,0.29,0.29,-0.74,1.32,1.37,1.39,52,0.01,-0.0,-0.1,-0.01,0.15999999999999998
8483733,Nikita Grebenkin,R,23.0,52,0.25,0.39,24.0,0.0,0.0,0.29,0.3,-0.74,1.33,8.13,4.28,56,0.0,-0.0,-0.03,0.04,0.03999999999999998
8481598,Philip Broberg,D,25.0,64,0.28,0.36,26.0,8.0,29.0,0.29,0.31,-0.74,1.32,25.95,4.16,66,0.01,0.05,-0.37,0.13,0.009999999999999953
8474189,Lars Eller,C,37.0,51,0.34,0.55,38.0,10.0,22.0,0.29,0.3,-0.74,1.32,11.7,4.51,54,0.01,0.0,-0.06,0.03,-0.050000000000000044
8482090,Jack Finley,C,24.0,30,0.14,0.38,25.0,0.0,0.0,0.28,0.3,-0.75,1.32,1.18,0.85,50,0.0,-0.0,-0.0,0.08,0.14
8484388,Daniil But,L,21.0,28,0.12,0.35,22.0,,,0.28,0.29,-0.75,1.32,7.06,3.28,52,0.01,-0.01,-0.01,0.01,0.16000000000000003
8482111,Justin Barron,D,25.0,38,0.16,0.35,26.0,6.0,13.0,0.27,0.29,-0.76,1.3,3.56,0.35,49,-0.01,0.01,-0.14,-0.06,0.11000000000000001
8476882,Teuvo Teravainen,L,32.0,59,0.28,0.39,33.0,15.0,58.0,0.27,0.27,-0.76,1.3,29.39,11.08,62,0.02,-0.0,-0.22,-0.1,-0.010000000000000009
8479369,Andrew Peeke,D,28.0,63,0.26,0.34,29.0,1.0,17.0,0.27,0.29,-0.76,1.3,11.74,1.38,60,-0.03,0.02,-0.04,-0.12,0.010000000000000009
8484197,Oliver Moore,C,21.0,50,0.2,0.33,22.0,0.0,4.0,0.27,0.28,-0.76,1.3,14.94,6.67,58,0.01,-0.01,-0.25,0.03,0.07
8482131,Donovan Sebrango,D,24.0,26,0.1,0.32,25.0,0.0,0.0,0.26,0.28,-0.77,1.29,0.21,0.0,47,-0.02,0.01,-0.02,0.04,0.16
8474567,Zach Bogosian,D,36.0,34,0.16,0.39,37.0,4.0,16.0,0.26,0.29,-0.77,1.29,4.74,0.41,46,-0.01,0.01,-0.23,0.06,0.1
8483495,Simon Nemec,D,22.0,52,0.22,0.35,23.0,2.0,4.0,0.26,0.29,-0.77,1.29,18.05,3.9,58,-0.01,-0.0,-0.5,0.17,0.04000000000000001
8480871,Adam Boqvist,D,26.0,21,0.09,0.35,27.0,4.0,14.0,0.26,0.28,-0.77,1.29,0.0,0.0,45,-0.01,0.01,-0.23,0.06,0.17
8481525,Matthew Robertson,D,25.0,56,0.23,0.34,26.0,0.0,0.0,0.26,0.29,-0.77,1.29,12.54,2.23,56,-0.01,0.01,-0.19,0.15,0.03
8476874,Olli Maatta,D,32.0,26,0.11,0.35,33.0,,,0.26,0.29,-0.77,1.29,1.06,0.0,48,-0.02,0.01,-0.14,0.02,0.15000000000000002
8476878,Zemgus Girgensons,C,32.0,58,0.25,0.35,33.0,2.0,6.0,0.25,0.26,-0.78,1.28,9.59,4.84,59,-0.01,0.01,-0.01,0.15,0.0
8475208,Brian Dumoulin,D,35.0,66,0.26,0.32,36.0,3.0,22.0,0.25,0.26,-0.78,1.28,13.49,1.29,58,-0.01,0.02,-0.1,0.04,-0.010000000000000009
8475235,Nicolas Deslauriers,L,35.0,24,0.11,0.38,36.0,2.0,3.0,0.25,0.25,-0.78,1.28,2.62,0.0,43,-0.01,-0.0,-0.01,-0.14,0.14
8482122,Brock Faber,D,24.0,67,0.26,0.32,25.0,10.0,29.0,0.25,0.27,-0.78,1.28,31.59,5.75,69,0.02,0.03,-0.6,0.15,-0.010000000000000009
8475764,Cam Fowler,D,35.0,66,0.29,0.36,36.0,9.0,40.0,0.24,0.26,-0.79,1.27,26.3,4.39,60,-0.01,0.01,-0.6,0.14,-0.04999999999999999
8477845,Trevor van Riemsdyk,D,35.0,54,0.23,0.35,36.0,1.0,21.0,0.24,0.27,-0.79,1.27,8.0,0.1,51,-0.01,0.02,-0.14,-0.02,0.009999999999999981
8477919,Frederick Gaudreau,C,33.0,51,0.22,0.35,34.0,18.0,37.0,0.24,0.25,-0.8,1.27,14.8,6.06,58,0.02,0.0,-0.02,-0.1,0.01999999999999999
8478831,Kevin Stenlund,C,30.0,66,0.26,0.32,31.0,14.0,28.0,0.24,0.25,-0.8,1.27,13.85,5.69,61,-0.0,0.0,-0.01,0.17,-0.020000000000000018
8484164,Dalibor Dvorsky,R,21.0,55,0.19,0.28,22.0,0.0,0.0,0.23,0.24,-0.8,1.26,19.88,8.59,60,0.02,-0.02,-0.07,-0.01,0.04000000000000001
8474679,Gustav Nyquist,R,37.0,43,0.2,0.38,38.0,11.0,28.0,0.23,0.24,-0.8,1.26,7.51,3.35,53,0.01,-0.01,-0.08,-0.06,0.03
8482148,Hendrix Lapierre,C,24.0,63,0.23,0.3,25.0,0.0,8.0,0.23,0.25,-0.8,1.26,10.64,4.53,55,0.01,-0.0,-0.09,0.04,0.0
8475906,John Klingberg,D,34.0,50,0.22,0.36,35.0,1.0,4.0,0.22,0.23,-0.81,1.25,27.44,6.59,54,0.0,0.0,-0.99,0.04,0.0
8478043,Sam Lafferty,C,31.0,22,0.08,0.3,32.0,4.0,7.0,0.22,0.23,-0.81,1.25,2.9,0.85,44,0.01,-0.01,-0.01,0.01,0.14
8481122,Simon Benoit,D,28.0,59,0.2,0.28,29.0,1.0,10.0,0.22,0.24,-0.81,1.25,5.94,0.29,56,-0.03,-0.0,0.01,0.06,0.01999999999999999
8477369,Carson Soucy,D,32.0,61,0.2,0.27,33.0,4.0,13.0,0.21,0.23,-0.82,1.24,9.45,0.74,54,-0.03,0.03,-0.03,0.03,0.009999999999999981
8484223,Axel Sandin-Pellikka,D,21.0,63,0.19,0.25,22.0,,,0.21,0.23,-0.82,1.24,19.82,4.29,58,-0.02,0.0,-0.89,-0.02,0.01999999999999999
8476429,Scott Mayfield,D,34.0,65,0.22,0.28,35.0,3.0,9.0,0.21,0.23,-0.82,1.24,8.42,0.02,56,-0.03,0.02,-0.02,-0.07,-0.010000000000000009
8483690,Noah Laba,C,23.0,63,0.21,0.27,24.0,,,0.21,0.22,-0.82,1.24,17.0,7.57,61,0.0,-0.0,-0.06,-0.01,0.0
8479359,Beck Malenstyn,L,28.0,66,0.23,0.29,29.0,4.0,10.0,0.21,0.23,-0.82,1.24,12.0,5.26,55,-0.01,0.0,-0.01,0.13,-0.020000000000000018
8482516,Matthew Kessel,D,26.0,27,0.08,0.24,27.0,0.0,3.0,0.2,0.22,-0.83,1.23,0.37,0.0,47,-0.02,0.01,-0.14,-0.05,0.12000000000000001
8482896,Tyson Kozak,C,24.0,38,0.12,0.26,25.0,3.0,5.0,0.2,0.21,-0.83,1.23,9.3,3.9,51,-0.0,-0.01,0.09,0.08,0.08000000000000002
8475752,Tyler Pitlick,C,35.0,31,0.11,0.29,36.0,,,0.2,0.22,-0.84,1.23,3.57,0.72,44,-0.01,-0.0,0.45,-0.04,0.09000000000000001
8481563,Drew Helleson,D,25.0,53,0.14,0.22,26.0,4.0,13.0,0.19,0.22,-0.84,1.22,11.62,1.58,56,-0.0,0.01,-0.09,0.11,0.04999999999999999
8477380,Jonny Brodzinski,C,33.0,43,0.14,0.27,34.0,12.0,19.0,0.19,0.2,-0.84,1.22,4.76,2.22,52,0.01,-0.0,-0.0,-0.01,0.04999999999999999
8484768,Zayne Parekh,D,20.0,21,0.05,0.2,21.0,1.0,1.0,0.19,0.2,-0.84,1.22,0.0,0.0,48,-0.03,0.01,-0.11,-0.01,0.14
8479442,Troy Stecher,D,32.0,51,0.13,0.21,33.0,3.0,7.0,0.18,0.2,-0.85,1.21,12.13,1.33,54,-0.01,0.01,-0.11,-0.04,0.04999999999999999
8482964,Arber Xhekaj,D,25.0,54,0.15,0.23,26.0,1.0,6.0,0.18,0.2,-0.85,1.21,2.19,0.0,49,-0.02,-0.01,-0.02,0.03,0.03
8482074,Connor Zary,C,25.0,64,0.18,0.23,26.0,13.0,27.0,0.18,0.19,-0.85,1.21,24.87,10.05,61,0.02,-0.01,-0.07,0.04,0.0
8480995,Pontus Holmberg,R,27.0,58,0.14,0.2,28.0,7.0,19.0,0.16,0.18,-0.87,1.19,14.32,6.3,59,0.01,0.0,-0.02,0.09,0.01999999999999999
8484304,Uvis Balinskis,D,30.0,54,0.13,0.2,31.0,4.0,18.0,0.16,0.18,-0.87,1.19,12.21,1.85,54,-0.01,0.01,-0.21,0.0,0.03
8480831,Alec Regula,D,26.0,28,0.06,0.18,27.0,,,0.16,0.18,-0.87,1.19,0.0,0.0,48,-0.02,0.01,-0.1,0.07,0.1
8481161,Jake Christiansen,D,27.0,35,0.07,0.16,28.0,1.0,8.0,0.15,0.17,-0.88,1.18,0.0,0.0,48,-0.02,0.01,-0.12,0.02,0.07999999999999999
8477996,Juho Lammikko,R,30.0,24,0.06,0.2,31.0,,,0.15,0.16,-0.89,1.18,0.62,0.3,44,-0.0,-0.01,0.01,0.03,0.09
8484136,Max Sasson,C,26.0,56,0.12,0.18,27.0,3.0,7.0,0.15,0.15,-0.89,1.18,10.96,4.89,56,0.01,-0.01,-0.05,0.06,0.03
8482703,Colton Dach,C,23.0,55,0.13,0.19,24.0,2.0,7.0,0.15,0.15,-0.88,1.18,6.87,3.8,56,-0.01,-0.01,-0.04,-0.07,0.01999999999999999
8480813,Joe Veleno,C,26.0,49,0.1,0.17,27.0,8.0,17.0,0.14,0.15,-0.9,1.17,9.89,3.99,54,-0.0,-0.0,-0.02,0.08,0.04000000000000001
8479316,Luke Kunin,C,29.0,46,0.1,0.18,30.0,11.0,18.0,0.14,0.15,-0.89,1.17,6.1,1.7,50,-0.01,0.0,-0.02,0.03,0.04000000000000001
8481032,Paul Cotter,C,27.0,63,0.14,0.18,28.0,16.0,22.0,0.14,0.14,-0.89,1.17,5.08,3.58,55,-0.0,-0.0,0.01,-0.03,0.0
8484386,Dmitri Simashev,D,21.0,25,0.04,0.13,22.0,,,0.14,0.15,-0.9,1.17,0.0,0.0,49,-0.02,0.0,-0.15,0.04,0.1
8482861,Vincent Iorio,D,24.0,26,0.04,0.13,25.0,,,0.13,0.15,-0.9,1.16,2.01,0.0,47,-0.01,0.01,-0.1,0.0,0.09
8480058,Pierre-Olivier Joseph,D,27.0,24,0.04,0.14,28.0,0.0,3.0,0.13,0.15,-0.91,1.16,0.0,0.0,47,-0.02,0.0,-0.22,-0.02,0.09
8484221,Calum Ritchie,C,21.0,50,0.09,0.15,22.0,1.0,1.0,0.13,0.14,-0.9,1.16,9.28,4.7,57,0.01,-0.01,-0.18,0.03,0.04000000000000001
8482803,Olen Zellweger,D,23.0,65,0.13,0.16,24.0,7.0,20.0,0.13,0.16,-0.9,1.16,19.79,3.5,58,0.0,0.0,-0.39,0.05,0.0
8477938,Haydn Fleury,D,30.0,24,0.04,0.14,31.0,0.0,7.0,0.12,0.15,-0.91,1.15,2.06,0.0,45,-0.02,0.02,-0.03,-0.01,0.07999999999999999
8481133,Cole Reinhardt,L,26.0,45,0.08,0.15,27.0,1.0,2.0,0.12,0.13,-0.91,1.15,3.34,1.85,51,-0.0,-0.0,-0.0,0.02,0.039999999999999994
8476278,Colin Blackwell,C,33.0,55,0.11,0.16,34.0,6.0,17.0,0.12,0.14,-0.91,1.15,11.69,3.98,54,-0.0,0.01,-0.02,0.04,0.009999999999999995
8480848,Ty Dellandrea,C,26.0,42,0.08,0.16,27.0,1.0,8.0,0.12,0.14,-0.91,1.16,9.69,3.79,55,-0.0,0.0,-0.01,-0.05,0.039999999999999994
8476879,Cody Ceci,D,33.0,66,0.11,0.14,34.0,4.0,24.0,0.12,0.14,-0.91,1.15,10.12,0.0,57,-0.01,0.02,-0.11,-0.09,0.009999999999999995
8484305,Zach Metsa,D,28.0,34,0.06,0.14,29.0,,,0.12,0.14,-0.91,1.15,3.29,0.72,44,-0.01,0.02,-0.26,-0.03,0.06
8478399,Jonas Siegenthaler,D,29.0,66,0.09,0.11,30.0,2.0,9.0,0.12,0.13,-0.91,1.15,9.31,0.05,59,-0.01,0.01,-0.04,-0.11,0.03
8482055,Drew O'Connor,L,28.0,66,0.1,0.12,29.0,10.0,25.0,0.11,0.12,-0.93,1.14,18.16,7.37,60,0.01,-0.0,-0.04,0.04,0.009999999999999995
8484471,Emmitt Finnie,C,21.0,67,0.1,0.12,22.0,,,0.11,0.12,-0.92,1.14,22.26,9.69,65,0.01,-0.0,-0.08,-0.1,0.009999999999999995
8480281,Alexei Toropchenko,R,27.0,50,0.08,0.13,28.0,4.0,18.0,0.11,0.11,-0.93,1.14,7.72,3.14,53,-0.01,-0.0,-0.02,0.08,0.03
8480196,Jacob Bryson,D,29.0,38,0.05,0.11,30.0,0.0,7.0,0.1,0.14,-0.93,1.13,6.43,1.56,45,-0.01,0.02,-0.43,-0.04,0.05
8480860,Kevin Bahl,D,26.0,65,0.07,0.09,27.0,3.0,20.0,0.1,0.1,-0.94,1.13,15.76,1.82,64,0.01,0.02,-0.08,-0.0,0.03
8479022,Rodrigo Abols,C,30.0,41,0.06,0.12,31.0,2.0,5.0,0.1,0.11,-0.93,1.13,4.22,2.09,49,0.0,-0.0,0.01,0.06,0.04000000000000001
8483460,David Jiricek,D,23.0,25,0.03,0.1,24.0,1.0,3.0,0.1,0.13,-0.93,1.13,1.26,0.18,45,-0.02,0.01,-0.19,0.01,0.07
8484240,Tom Willander,D,21.0,54,0.07,0.11,22.0,,,0.1,0.12,-0.93,1.14,13.56,2.71,56,-0.01,0.0,-0.59,0.04,0.03
8484783,Artyom Levshunov,D,21.0,61,0.08,0.11,22.0,0.0,6.0,0.09,0.11,-0.94,1.13,21.86,4.44,60,-0.02,-0.0,-0.66,0.05,0.009999999999999995
8480144,David Kampf,C,31.0,38,0.05,0.11,32.0,5.0,13.0,0.09,0.11,-0.94,1.13,7.31,2.72,55,-0.0,0.0,-0.02,0.1,0.039999999999999994
8481725,Elmer Soderblom,L,25.0,43,0.06,0.11,26.0,4.0,11.0,0.09,0.1,-0.94,1.12,2.98,2.23,51,0.01,-0.01,0.0,0.01,0.03
8482684,Luke Hughes,D,23.0,56,0.06,0.09,24.0,7.0,44.0,0.09,0.11,-0.94,1.12,27.25,5.19,62,-0.0,0.02,-0.69,0.04,0.03
8481726,Adam Edstrom,C,26.0,30,0.03,0.08,27.0,5.0,9.0,0.07,0.08,-0.96,1.1,9.16,2.97,48,-0.0,-0.0,-0.01,-0.01,0.04000000000000001
8479983,Mario Ferraro,D,28.0,64,0.04,0.05,29.0,5.0,17.0,0.06,0.07,-0.97,1.09,14.85,1.06,61,0.01,0.01,-0.03,-1.37,0.019999999999999997
8482666,Scott Morrow,D,24.0,29,0.01,0.03,25.0,1.0,6.0,0.05,0.07,-0.98,1.08,2.73,0.23,49,-0.01,0.0,-0.17,0.02,0.04
8476891,Matt Grzelcyk,D,32.0,66,0.03,0.04,33.0,1.0,40.0,0.04,0.06,-0.99,1.08,17.18,2.24,56,-0.0,0.02,-0.46,0.09,0.010000000000000002
8480806,Isac Lundestrom,C,27.0,52,0.01,0.02,28.0,,,0.03,0.05,-1.0,1.07,12.55,4.84,55,-0.0,-0.0,-0.02,0.11,0.019999999999999997
8481237,Kyle MacLean,C,27.0,48,0.01,0.02,28.0,4.0,11.0,0.03,0.04,-1.0,1.06,6.09,2.77,52,-0.01,-0.0,-0.02,0.01,0.019999999999999997
8475842,Sam Carrick,C,34.0,65,0.01,0.01,35.0,6.0,20.0,0.02,0.02,-1.02,1.05,10.47,4.06,54,-0.01,0.0,-0.03,0.09,0.01
8483499,Liam Ohgren,L,22.0,53,0.0,0.0,23.0,2.0,5.0,0.02,0.03,-1.01,1.05,10.08,4.78,56,0.01,-0.01,-0.05,0.02,0.02
8478476,Kyle Capobianco,D,29.0,31,0.0,0.0,30.0,0.0,0.0,0.01,0.03,-1.02,1.05,4.54,0.77,46,-0.01,0.02,-0.33,-0.01,0.01
8476994,Vinnie Hinostroza,L,32.0,50,-0.01,-0.02,33.0,5.0,10.0,0.0,0.01,-1.03,1.03,6.74,2.96,49,0.01,-0.01,0.06,0.05,0.01
8478424,Jansen Harkins,C,29.0,39,-0.01,-0.02,30.0,2.0,6.0,-0.0,0.0,-1.04,1.03,5.51,1.89,50,-0.0,-0.0,-0.01,0.03,0.01
8479520,Brandon Duhaime,R,29.0,68,-0.02,-0.02,30.0,9.0,21.0,0.0,0.01,-1.03,1.03,7.79,3.81,56,-0.01,0.0,-0.01,0.14,0.02
8480990,Declan Chisholm,D,26.0,26,-0.02,-0.06,27.0,2.0,12.0,-0.01,0.01,-1.04,1.02,6.93,1.85,45,-0.01,0.01,-0.49,0.04,0.01
8481556,John Beecher,C,25.0,32,-0.02,-0.05,26.0,3.0,11.0,-0.02,-0.01,-1.06,1.01,0.77,0.1,50,-0.01,-0.0,0.0,-0.01,0.0
8480001,Urho Vaakanainen,D,27.0,31,-0.03,-0.08,28.0,2.0,16.0,-0.03,0.0,-1.06,1.01,4.36,0.57,47,-0.01,0.01,-0.11,0.13,0.0
8482733,Logan Mailloux,D,23.0,51,-0.05,-0.08,24.0,2.0,4.0,-0.03,-0.01,-1.06,1.0,4.77,0.0,52,-0.02,0.01,-0.14,-0.05,0.020000000000000004
8482142,Jamie Drysdale,D,24.0,63,-0.07,-0.09,25.0,7.0,20.0,-0.05,-0.03,-1.08,0.98,28.31,5.67,61,-0.01,0.02,-0.8,0.25,0.020000000000000004
8480259,Ben Jones,C,27.0,26,-0.03,-0.09,28.0,0.0,0.0,-0.05,-0.04,-1.08,0.98,1.1,0.01,45,-0.01,-0.01,-0.02,0.02,-0.020000000000000004
8482859,Zack Ostapchuk,C,23.0,41,-0.04,-0.08,24.0,1.0,4.0,-0.05,-0.04,-1.08,0.99,4.96,1.94,50,-0.01,-0.0,-0.02,0.03,-0.010000000000000002
8484321,Nikolas Matinpalo,D,28.0,33,-0.05,-0.12,29.0,1.0,4.0,-0.05,-0.03,-1.09,0.98,2.93,0.0,48,-0.01,0.01,-0.12,0.13,0.0
8482482,Adam Wilsby,D,26.0,45,-0.07,-0.13,27.0,1.0,5.0,-0.06,-0.03,-1.09,0.97,5.07,0.0,53,-0.02,0.0,-0.14,0.06,0.010000000000000009
8471817,Ryan Reaves,R,39.0,49,-0.06,-0.1,40.0,0.0,2.0,-0.06,-0.05,-1.09,0.97,5.64,1.23,45,-0.01,-0.0,-0.01,-0.04,0.0
8482623,Josh Dunne,C,28.0,31,-0.05,-0.13,29.0,0.0,0.0,-0.08,-0.07,-1.11,0.95,0.81,0.34,46,-0.0,-0.0,-0.01,0.01,-0.03
8473604,Jonathan Toews,C,38.0,65,-0.1,-0.13,39.0,,,-0.08,-0.08,-1.12,0.95,20.42,7.53,60,0.01,-0.01,-0.21,-0.04,0.020000000000000004
8476822,Luke Glendening,R,37.0,56,-0.09,-0.13,38.0,4.0,7.0,-0.08,-0.06,-1.11,0.96,5.28,1.54,52,-0.01,0.01,-0.01,-0.11,0.009999999999999995
8477406,Mattias Janmark,C,34.0,43,-0.11,-0.21,35.0,2.0,18.0,-0.13,-0.12,-1.16,0.9,1.33,0.33,51,-0.0,0.0,-0.03,-0.0,-0.020000000000000004
8481568,Alex Vlasic,D,27.0,65,-0.21,-0.26,28.0,4.0,30.0,-0.15,-0.12,-1.18,0.88,14.06,0.0,63,-0.01,0.04,-0.17,-0.18,0.06
8476624,Barclay Goodrow,R,33.0,64,-0.17,-0.22,34.0,5.0,8.0,-0.15,-0.13,-1.18,0.88,9.31,3.39,54,-0.01,0.02,0.0,0.1,0.020000000000000018
8483398,Declan Carlile,D,26.0,38,-0.15,-0.32,27.0,1.0,1.0,-0.2,-0.18,-1.24,0.83,2.06,0.0,47,-0.01,0.01,-0.06,0.0,-0.05000000000000002
8478841,Colton White,D,29.0,23,-0.1,-0.36,30.0,,,-0.24,-0.21,-1.27,0.79,1.44,0.0,42,-0.01,0.01,-0.4,-0.06,-0.13999999999999999
8482062,Cole Smith,L,31.0,46,-0.21,-0.37,32.0,4.0,12.0,-0.24,-0.24,-1.27,0.79,9.34,3.09,55,-0.01,0.01,-0.02,0.05,-0.03
8481056,Spencer Stastney,D,26.0,63,-0.31,-0.4,27.0,0.0,3.0,-0.25,-0.22,-1.28,0.78,7.74,0.0,55,-0.03,0.01,-0.18,0.47,0.06
8482172,Landon Slaggert,L,24.0,38,-0.16,-0.35,25.0,2.0,6.0,-0.25,-0.24,-1.28,0.78,6.75,2.07,49,-0.01,-0.0,-0.02,0.09,-0.09
8480840,Oskar Bck,C,27.0,56,-0.27,-0.4,28.0,,,-0.26,-0.25,-1.3,0.77,12.66,4.11,55,0.01,0.0,-0.04,0.21,0.010000000000000009
8481607,Albert Johansson,D,25.0,67,-0.32,-0.39,26.0,3.0,9.0,-0.26,-0.23,-1.29,0.77,10.06,0.1,57,-0.01,0.01,-0.11,-0.01,0.06
8482176,Wyatt Kaiser,D,27.0,61,-0.42,-0.56,28.0,4.0,8.0,-0.35,-0.32,-1.38,0.68,13.23,0.34,57,-0.02,0.05,-0.25,0.43,0.07
8484798,Zeev Buium,D,21.0,60,-0.34,-0.46,22.0,,,-0.35,-0.33,-1.38,0.68,21.55,4.01,59,-0.02,-0.0,-0.6,0.07,-0.009999999999999953
