trade_id,year,team_1,team_2,side_1_assets,side_2_assets,side_1_value,side_2_value,imbalance,abs_imbalance,side_1_picks,side_1_players,side_2_picks,side_2_players
1,2020,Senators,Sharks,1,5,-4491387.773781266,2824912.135938637,-7316299.909719903,7316299.909719903,0,1,2,3
2,2020,Hurricanes,Maple Leafs,1,2,664605.9207996923,1443700.1978772487,-779094.2770775565,779094.2770775565,1,0,1,1
3,2020,Maple Leafs,Penguins,2,4,80109.62317592169,3687580.899392495,-3607471.276216573,3607471.276216573,0,2,1,3
4,2020,Devils,Coyotes,2,1,-2481114.4816544093,1708126.931488379,-4189241.413142788,4189241.413142788,0,2,0,1
5,2020,Rangers,Flames,2,1,3285780.141843972,2328333.3333333335,957446.8085106383,957446.8085106383,2,0,1,0
6,2020,Lightning,Canucks,1,1,0.0,957446.8085106383,-957446.8085106383,957446.8085106383,0,1,1,0
7,2020,Rangers,Hurricanes,1,1,-408878.0390931621,2328333.3333333335,-2737211.3724264954,2737211.3724264954,0,1,1,0
8,2020,Flames,Capitals,1,2,2328333.3333333335,3285780.141843972,-957446.8085106383,957446.8085106383,1,0,2,0
9,2020,Ducks,Bruins,1,2,2089730.8007076425,2328333.3333333335,-238602.53262569103,238602.53262569103,0,1,1,1
10,2020,Senators,Islanders,1,2,-1307308.336763149,2282919.445818148,-3590227.7825812967,3590227.7825812967,0,1,2,0
11,2020,Sharks,Lightning,2,2,-1473961.8910026867,2328333.3333333335,-3802295.22433602,3802295.22433602,1,1,1,1
12,2020,Sabres,Sharks,2,1,2688468.6539316922,1546195.2164316922,1142273.4375,1142273.4375,2,0,1,0
13,2020,Predators,Devils,1,3,0.0,2832445.8598201033,-2832445.8598201033,2832445.8598201033,0,1,2,1
14,2020,Sharks,Sabres,1,2,1546195.2164316922,2688468.6539316922,-1142273.4375,1142273.4375,1,0,2,0
15,2020,Hurricanes,Rangers,1,1,-322934.19088418846,1546195.2164316922,-1869129.4073158808,1869129.4073158808,0,1,1,0
16,2020,Senators,Maple Leafs,2,1,2503642.0249423306,1546195.2164316922,957446.8085106383,957446.8085106383,2,0,1,0
17,2020,Red Wings,Oilers,2,3,-947255.4541070957,4283568.560264334,-5230824.01437143,5230824.01437143,0,2,2,1
18,2020,Golden Knights,"select 
Marc-Andre Fleury in expansion draft to Penguins",0,1,0.0,1546195.2164316922,-1546195.2164316922,1546195.2164316922,0,0,1,0
19,2020,Canadiens,Blackhawks,2,3,582987.6498242914,3050666.7587319445,-2467679.108907653,2467679.108907653,1,1,3,0
20,2020,Kings,Canucks,1,2,-354726.60233064176,2425137.535222089,-2779864.1375527307,2779864.1375527307,0,1,2,0
21,2020,Senators,Blue Jackets,2,3,1110180.8979731011,3241274.005883931,-2131093.10791083,2131093.10791083,1,1,2,1
22,2020,Red Wings,Capitals,2,2,737888.1490671486,1843073.9024510433,-1105185.7533838947,1105185.7533838947,1,1,1,1
23,2020,Capitals,Avalanche,1,3,236653.16552671543,2503642.0249423306,-2266988.859415615,2266988.859415615,0,1,2,1
24,2020,Canadiens,Blues,1,2,-2025095.4612166279,2548189.459852745,-4573284.921069372,4573284.921069372,0,1,2,0
25,2020,Senators,Islanders,1,2,-1307308.336763149,2282919.445818148,-3590227.7825812967,3590227.7825812967,0,1,2,0
26,2020,Kings,Golden Knights,1,2,-1963100.6036248927,2902506.809792826,-4865607.413417718,4865607.413417718,0,1,2,0
27,2020,Golden Knights,Stars,1,2,0.0,1546195.2164316922,-1546195.2164316922,1546195.2164316922,0,1,1,1
28,2020,Maple Leafs,Senators,1,2,1546195.2164316922,2503642.0249423306,-957446.8085106383,957446.8085106383,1,0,2,0
29,2020,Red Wings,Sharks,1,1,-1945868.9496570437,1546195.2164316922,-3492064.1660887357,3492064.1660887357,0,1,1,0
30,2020,Golden Knights,Devils,1,2,573983.4078800941,2313758.4018717716,-1739774.9939916774,1739774.9939916774,0,1,2,0
31,2020,Hurricanes,Sabres,1,3,-4262002.187604688,3168247.9457420227,-7430250.13334671,7430250.13334671,0,1,3,0
32,2020,Predators,Wild,1,1,957446.8085106383,957446.8085106383,0.0,0.0,1,0,1,0
33,2020,Senators,Jets,1,1,993131.5609496835,957446.8085106383,35684.75243904523,35684.75243904523,0,1,1,0
34,2020,Flames,Rangers,1,2,2328333.3333333335,3285780.141843972,-957446.8085106383,957446.8085106383,1,0,2,0
35,2020,Avalanche,Maple Leafs,2,3,834009.5456613046,1631313.0200620196,-797303.474400715,797303.474400715,1,1,1,2
36,2020,Sharks,Oilers,2,1,2130645.5305232555,957446.8085106383,1173198.7220126172,1173198.7220126172,2,0,1,0
37,2020,Blue Jackets,Canadiens,1,2,-2567207.0770677566,648416.3154916598,-3215623.3925594166,3215623.3925594166,0,1,1,1
38,2020,Avalanche,Coyotes,1,2,0.0,1202264.7973391893,-1202264.7973391893,1202264.7973391893,0,1,1,1
39,2020,Blackhawks,Flames,1,1,2867957.3746526786,957446.8085106383,1910510.5661420403,1910510.5661420403,0,1,1,0
40,2020,Senators,Blue Jackets,1,1,-961226.6320720034,957446.8085106383,-1918673.4405826419,1918673.4405826419,0,1,1,0
41,2020,Devils,Hurricanes,1,4,0.0,2207402.2280670605,-2207402.2280670605,2207402.2280670605,0,1,2,2
42,2020,Sharks,Flyers,1,2,-323925.2354410991,2503642.0249423306,-2827567.2603834295,2827567.2603834295,0,1,2,0
43,2020,Canadiens,Capitals,1,1,-219469.32834066707,957446.8085106383,-1176916.1368513054,1176916.1368513054,0,1,1,0
44,2020,Panthers,Avalanche,2,1,2288481.256310877,957446.8085106383,1331034.4478002386,1331034.4478002386,1,1,1,0
45,2020,Rangers,Stars,1,0,-2183800.559991046,0.0,-2183800.559991046,2183800.559991046,0,1,0,0
46,2020,Lightning,Red Wings,1,1,-771768.0397585289,1142273.4374999998,-1914041.4772585286,1914041.4772585286,0,1,1,0
47,2020,Panthers,Senators,1,1,195517.25016200417,1142273.4374999998,-946756.1873379956,946756.1873379956,0,1,1,0
48,2020,Canadiens,Sharks,1,1,1142273.4374999998,1142273.4374999998,0.0,0.0,1,0,1,0
49,2020,Red Wings,Kings,1,2,1546195.2164316922,2688468.6539316922,-1142273.4375,1142273.4375,1,0,2,0
50,2020,Canadiens,Ducks,1,1,-353014.05445669004,1142273.4374999998,-1495287.4919566899,1495287.4919566899,0,1,1,0
51,2020,Sharks,Sabres,1,2,1546195.2164316922,2688468.6539316922,-1142273.4375,1142273.4375,1,0,2,0
52,2020,Predators,Wild,3,2,1941975.8733075685,815497.0270395859,1126478.8462679826,1126478.8462679826,2,1,1,1
53,2020,Canadiens,Jets,0,3,0.0,1806879.3582996922,-1806879.3582996922,1806879.3582996922,0,0,2,1
54,2020,Flyers,Predators,1,1,-1259275.325835233,1747934.284820665,-3007209.610655898,3007209.610655898,0,1,0,1
55,2020,Red Wings,Oilers,1,0,0.0,0.0,0.0,0.0,0,1,0,0
56,2020,Kings,Flames,1,0,402183.0944045121,0.0,402183.0944045121,402183.0944045121,0,1,0,0
57,2020,Lightning,Flyers,1,2,1142273.4374999998,2130645.5305232555,-988372.0930232557,988372.0930232557,1,0,2,0
58,2020,Devils,Bruins,1,2,834132.6080091737,2688468.6539316922,-1854336.0459225187,1854336.0459225187,0,1,2,0
59,2020,Maple Leafs,Golden Knights,1,2,0.0,1142273.4374999998,-1142273.4374999998,1142273.4374999998,0,1,1,1
60,2020,Canadiens,Lightning,1,2,1546195.2164316922,2344683.686384389,-798488.4699526969,798488.4699526969,1,0,2,0
61,2020,Golden Knights,Red Wings,1,1,878942.3187903967,988372.0930232557,-109429.77423285902,109429.77423285902,1,0,1,0
62,2020,Sharks,Senators,2,1,664605.9207996923,988372.0930232557,-323766.1722235634,323766.1722235634,1,1,1,0
63,2020,Rangers,Sharks,2,1,1329211.8415993846,988372.0930232557,340839.74857612886,340839.74857612886,2,0,1,0
64,2020,Red Wings,Wild,1,2,957446.8085106383,1945818.901533894,-988372.0930232557,988372.0930232557,1,0,2,0
65,2020,Flyers,Predators,2,1,1329211.8415993846,988372.0930232557,340839.74857612886,340839.74857612886,2,0,1,0
66,2020,Canadiens,Panthers,1,1,988372.0930232557,988372.0930232557,0.0,0.0,1,0,1,0
67,2020,Panthers,Maple Leafs,1,1,0.0,988372.0930232557,-988372.0930232557,988372.0930232557,0,1,1,0
68,2020,Avalanche,Penguins,2,1,1652978.013822948,988372.0930232557,664605.9207996924,664605.9207996924,2,0,1,0
69,2020,Hurricanes,Joel Edmundson to Canadiens,0,1,0.0,988372.0930232557,-988372.0930232557,988372.0930232557,0,0,1,0
70,2020,Blues,Hurricanes,2,1,-273917.43361606356,988372.0930232557,-1262289.5266393193,1262289.5266393193,1,1,1,0
71,2020,Lightning,Flyers,1,2,1142273.4374999998,2130645.5305232555,-988372.0930232557,988372.0930232557,1,0,2,0
72,2020,Penguins,Avalanche,1,2,988372.0930232557,1652978.013822948,-664605.9207996924,664605.9207996924,1,0,2,0
73,2020,Maple Leafs,Unknown,0,1,0.0,988372.0930232557,-988372.0930232557,988372.0930232557,0,0,1,0
74,2020,Senators,Lightning,2,2,664605.9207996923,988372.0930232557,-323766.1722235634,323766.1722235634,1,1,1,1
75,2020,Lightning,Senators,2,2,988372.0930232557,664605.9207996923,323766.1722235634,323766.1722235634,1,1,1,1
76,2020,Senators,Sharks,2,2,-470557.92218536604,664605.9207996923,-1135163.8429850582,1135163.8429850582,1,1,1,1
77,2020,Hurricanes,Kings,1,2,988372.0930232557,1247593.5706239836,-259221.47760072793,259221.47760072793,1,0,2,0
78,2020,Hurricanes,Sabres,1,3,-4262002.187604688,3168247.9457420227,-7430250.13334671,7430250.13334671,0,1,3,0
79,2020,Blues,Wild,1,2,988372.0930232557,1329211.8415993846,-340839.74857612886,340839.74857612886,1,0,2,0
80,2020,Avalanche,Panthers,1,2,957446.8085106383,2288481.256310877,-1331034.4478002386,1331034.4478002386,1,0,1,1
81,2020,Maple Leafs,Hurricanes,2,1,1443700.1978772487,664605.9207996923,779094.2770775565,779094.2770775565,1,1,1,0
82,2020,Maple Leafs,Avalanche,3,3,1631313.0200620196,-258483.82394360588,1889796.8440056255,1889796.8440056255,1,2,1,2
83,2020,Oilers,Blues,1,0,0.0,0.0,0.0,0.0,0,1,0,0
84,2020,Canadiens,Senators,1,1,955934.9050776584,664605.9207996923,291328.9842779661,291328.9842779661,0,1,1,0
85,2020,Maple Leafs,Sharks,1,1,0.0,664605.9207996923,-664605.9207996923,664605.9207996923,0,1,1,0
86,2020,Canucks,Ducks,1,2,2061361.1669718195,621455.2207029718,1439905.9462688477,1439905.9462688477,0,1,1,1
87,2020,Coyotes,Devils,1,1,582987.6498242914,664605.9207996923,-81618.27097540093,81618.27097540093,1,0,1,0
88,2020,Blues,Wild,1,2,988372.0930232557,1329211.8415993846,-340839.74857612886,340839.74857612886,1,0,2,0
89,2020,Wild,Jets,1,1,0.0,664605.9207996923,-664605.9207996923,664605.9207996923,0,1,1,0
90,2020,Sharks,Rangers,1,2,988372.0930232557,1329211.8415993846,-340839.74857612886,340839.74857612886,1,0,2,0
91,2020,Rangers,Predators,1,1,0.0,664605.9207996923,-664605.9207996923,664605.9207996923,0,1,1,0
92,2020,Hurricanes,Maple Leafs,1,2,664605.9207996923,1443700.1978772487,-779094.2770775565,779094.2770775565,1,0,1,1
93,2020,Sharks,Penguins,1,1,664605.9207996923,664605.9207996923,0.0,0.0,1,0,1,0
94,2020,Flyers,Canadiens,1,1,664605.9207996923,664605.9207996923,0.0,0.0,1,0,1,0
95,2020,Canadiens,Blackhawks,2,3,582987.6498242914,3050666.7587319445,-2467679.108907653,2467679.108907653,1,1,3,0
96,2020,Rangers,Canucks,1,1,0.0,664605.9207996923,-664605.9207996923,664605.9207996923,0,1,1,0
97,2020,Ducks,Blue Jackets,0,1,0.0,664605.9207996923,-664605.9207996923,664605.9207996923,0,0,1,0
98,2020,Predators,Flyers,1,2,988372.0930232557,1329211.8415993846,-340839.74857612886,340839.74857612886,1,0,2,0
99,2020,Sharks,Capitals,1,2,988372.0930232557,1329211.8415993846,-340839.74857612886,340839.74857612886,1,0,2,0
100,2020,Penguins,Avalanche,1,2,988372.0930232557,1652978.013822948,-664605.9207996924,664605.9207996924,1,0,2,0
101,2020,Maple Leafs,Blues,1,1,664605.9207996923,664605.9207996923,0.0,0.0,1,0,1,0
102,2020,Maple Leafs,Bruins,1,1,582987.6498242914,664605.9207996923,-81618.27097540093,81618.27097540093,1,0,1,0
103,2020,Sabres,Stars,1,1,20318.00556705603,664605.9207996923,-644287.9152326363,644287.9152326363,0,1,1,0
104,2021,Coyotes,Canucks,2,6,-872423.173615746,-205927.25735598098,-666495.9162597649,666495.9162597649,0,2,3,3
105,2021,Blue Jackets,Blackhawks,3,3,872002.1479406104,3364831.693585235,-2492829.5456446246,2492829.5456446246,2,1,2,1
106,2021,Sabres,Flyers,1,3,-235129.91654184158,3300828.769075943,-3535958.685617785,3535958.685617785,0,1,2,1
107,2021,Red Wings,Stars,3,1,4862900.642788282,2328333.3333333335,2534567.309454948,2534567.309454948,3,0,1,0
108,2021,Wild,Oilers,2,1,3285780.141843972,2328333.3333333335,957446.8085106383,957446.8085106383,2,0,1,0
109,2021,Oilers,Wild,1,2,2328333.3333333335,3285780.141843972,-957446.8085106383,957446.8085106383,1,0,2,0
110,2021,Red Wings,Capitals,1,4,-1073176.8168938742,2446262.8911489956,-3519439.70804287,3519439.70804287,0,1,2,2
111,2021,Blue Jackets,Unknown,0,2,0.0,3330327.5767543856,-3330327.5767543856,3330327.5767543856,0,0,2,0
112,2021,Wild,Penguins,1,1,-422549.3757984379,-731203.285622232,308653.9098237941,308653.9098237941,0,1,0,1
113,2021,Predators,Hurricanes,2,1,3092390.4328633845,2328333.3333333335,764057.099530051,764057.099530051,2,0,1,0
114,2021,Devils,Islanders,2,3,666671.1674045104,3470606.770833333,-2803935.6034288225,2803935.6034288225,0,2,2,1
115,2021,Blue Jackets,Unknown,0,2,0.0,3168198.954833893,-3168198.954833893,3168198.954833893,0,0,2,0
116,2021,Golden Knights,Devils,1,2,2454213.8132616063,2503642.0249423306,-49428.211680724286,49428.211680724286,0,1,2,0
117,2021,Senators,Blue Jackets,2,3,1594296.0966632138,3322118.06702416,-1727821.9703609464,1727821.9703609464,1,1,2,1
118,2021,Golden Knights,Red Wings,1,2,1546195.2164316922,2688468.6539316922,-1142273.4375,1142273.4375,1,0,2,0
119,2021,Senators,Sharks,1,5,-4427364.739051221,2139341.2879630798,-6566706.0270143,6566706.0270143,0,1,2,3
120,2021,Predators,Kings,1,2,-675601.0319473951,2386060.8379322523,-3061661.869879647,3061661.869879647,0,1,2,0
121,2021,Kings,Senators,2,1,2534567.3094549477,1546195.2164316922,988372.0930232555,988372.0930232555,2,0,1,0
122,2021,Blue Jackets,Blackhawks,3,3,872002.1479406104,3364831.693585235,-2492829.5456446246,2492829.5456446246,2,1,2,1
123,2021,Red Wings,Unknown,0,2,0.0,1462423.586747719,-1462423.586747719,1462423.586747719,0,0,1,1
124,2021,Sabres,Blues,1,3,469141.6189158284,3220851.5356225693,-2751709.916706741,2751709.916706741,0,1,1,2
125,2021,Hurricanes,Predators,1,2,2328333.3333333335,3092390.4328633845,-764057.099530051,764057.099530051,1,0,2,0
126,2021,Red Wings,Oilers,2,3,-920850.7479971461,4570770.857743842,-5491621.605740988,5491621.605740988,0,2,2,1
127,2021,Sabres,Bruins,2,2,-1065276.8302216367,2045139.406282663,-3110416.2365042996,3110416.2365042996,0,2,1,1
128,2021,Kings,Hurricanes,2,1,2099720.246010638,1546195.2164316922,553525.0295789456,553525.0295789456,2,0,1,0
129,2021,Islanders,Avalanche,1,2,-455300.14027855033,2902506.809792826,-3357806.9500713763,3357806.9500713763,0,1,2,0
130,2021,Devils,Islanders,1,1,-943398.839050486,1546195.2164316922,-2489594.055482178,2489594.055482178,0,1,1,0
131,2021,Blackhawks,Unknown,2,2,969545.0949510178,2386060.8379322523,-1416515.7429812346,1416515.7429812346,1,1,2,0
132,2021,Canadiens,Lightning,1,2,1546195.2164316922,2534567.3094549477,-988372.0930232555,988372.0930232555,1,0,2,0
133,2021,Rangers,Sabres,1,1,840693.2804690015,957446.8085106383,-116753.5280416368,116753.5280416368,0,1,1,0
134,2021,Blues,Sharks,2,1,1622052.7293103305,957446.8085106383,664605.9207996922,664605.9207996922,2,0,1,0
135,2021,Hurricanes,Kings,1,2,1546195.2164316922,2099720.246010638,-553525.0295789456,553525.0295789456,1,0,2,0
136,2021,Stars,Canucks,1,1,439128.79961032997,957446.8085106383,-518318.00890030834,518318.00890030834,0,1,1,0
137,2021,Devils,Coyotes,2,1,-2086665.9543364649,1666739.2957441162,-3753405.250080581,3753405.250080581,0,2,0,1
138,2021,Canadiens,Blackhawks,2,3,664605.9207996923,3168247.9457420227,-2503642.0249423306,2503642.0249423306,1,1,3,0
139,2021,Capitals,Rangers,1,2,957446.8085106383,1622052.7293103305,-664605.9207996922,664605.9207996922,1,0,2,0
140,2021,Sharks,Blues,1,2,957446.8085106383,1622052.7293103305,-664605.9207996922,664605.9207996922,1,0,2,0
141,2021,Hurricanes,Predators,1,2,957446.8085106383,1945818.901533894,-988372.0930232557,988372.0930232557,1,0,2,0
142,2021,Flames,Oilers,1,2,-766412.0615809495,1914893.6170212766,-2681305.678602226,2681305.678602226,0,1,2,0
143,2021,Sharks,Capitals,1,1,-2664204.0797212822,1546195.2164316922,-4210399.2961529745,4210399.2961529745,0,1,1,0
144,2021,Sabres,Panthers,1,1,-157782.66726640807,957446.8085106383,-1115229.4757770463,1115229.4757770463,0,1,1,0
145,2021,Kings,Maple Leafs,2,4,264327.67346319865,3935815.835370019,-3671488.1619068203,3671488.1619068203,0,2,3,1
146,2021,Sharks,Penguins,1,0,831917.6363423704,0.0,831917.6363423704,831917.6363423704,0,1,0,0
147,2021,Blackhawks,Hurricanes,1,1,839865.6215005598,957446.8085106383,-117581.18701007846,117581.18701007846,1,0,1,0
148,2021,Red Wings,Golden Knights,1,3,-1554333.0778657126,4831975.358275664,-6386308.436141376,6386308.436141376,0,1,3,0
149,2021,Sabres,Canadiens,1,2,2433452.5369008956,1945818.901533894,487633.63536700164,487633.63536700164,0,1,2,0
150,2021,Golden Knights,Red Wings,2,1,2130645.5305232555,1142273.4374999998,988372.0930232557,988372.0930232557,2,0,1,0
151,2021,Rangers,Kings,1,1,-541847.5747510967,1142273.4374999998,-1684121.0122510963,1684121.0122510963,0,1,1,0
152,2021,Blackhawks,Canucks,2,1,1384846.1207957005,1142273.4374999998,242572.6832957007,242572.6832957007,1,1,1,0
153,2021,Rangers,Senators,1,1,826987.1530057535,1142273.4374999998,-315286.28449424624,315286.28449424624,0,1,1,0
154,2021,Kings,Flames,1,0,617302.1996431047,0.0,617302.1996431047,617302.1996431047,0,1,0,0
155,2021,Canadiens,Blues,1,2,-2025067.977673468,2688468.6539316922,-4713536.63160516,4713536.63160516,0,1,2,0
156,2021,Golden Knights,Jets,1,0,-586657.1628966708,0.0,-586657.1628966708,586657.1628966708,0,1,0,0
157,2021,Sharks,Unknown,0,1,0.0,1142273.4374999998,-1142273.4374999998,1142273.4374999998,0,0,1,0
158,2021,Coyotes,Penguins,1,2,1112278.147330911,1142273.4374999998,-29995.29016908887,29995.29016908887,0,1,1,1
159,2021,Senators,Hurricanes,2,1,1652978.013822948,1142273.4374999998,510704.5763229483,510704.5763229483,2,0,1,0
160,2021,Senators,Avalanche,1,1,826987.1530057535,1142273.4374999998,-315286.28449424624,315286.28449424624,0,1,1,0
161,2021,Canadiens,Golden Knights,1,1,525560.0166624667,1142273.4374999998,-616713.4208375331,616713.4208375331,0,1,1,0
162,2021,Wild,Canadiens,2,1,1652978.013822948,1142273.4374999998,510704.5763229483,510704.5763229483,2,0,1,0
163,2021,Red Wings,Unknown,0,1,0.0,1142273.4374999998,-1142273.4374999998,1142273.4374999998,0,0,1,0
164,2021,Devils,Sabres,1,0,133849.31970407697,0.0,133849.31970407697,133849.31970407697,0,1,0,0
165,2021,Blue Jackets,Devils,1,1,-232103.39322931715,988372.0930232557,-1220475.4862525729,1220475.4862525729,0,1,1,0
166,2021,Senators,Kings,1,2,1546195.2164316922,2534567.3094549477,-988372.0930232555,988372.0930232555,1,0,2,0
167,2021,Canadiens,Senators,1,1,-43772.572625082124,988372.0930232557,-1032144.6656483378,1032144.6656483378,0,1,1,0
168,2021,Canucks,Blackhawks,1,2,1142273.4374999998,1384846.1207957005,-242572.6832957007,242572.6832957007,1,0,1,1
169,2021,Canadiens,Flyers,1,1,228655.44606053492,988372.0930232557,-759716.6469627208,759716.6469627208,0,1,1,0
170,2021,Hurricanes,Predators,1,2,957446.8085106383,1945818.901533894,-988372.0930232557,988372.0930232557,1,0,2,0
171,2021,Senators,Oilers,1,1,2005205.2620730177,988372.0930232557,1016833.169049762,1016833.169049762,0,1,1,0
172,2021,Canadiens,Wild,1,2,1142273.4374999998,1652978.013822948,-510704.5763229483,510704.5763229483,1,0,2,0
173,2021,Golden Knights,Hurricanes,1,2,1156933.7951783887,789834.7791042648,367099.0160741239,367099.0160741239,0,1,1,1
174,2021,Sharks,Avalanche,1,2,0.0,1401086.4523463487,-1401086.4523463487,1401086.4523463487,0,1,1,1
175,2021,Capitals,Golden Knights,1,1,1481779.9446801392,988372.0930232557,493407.8516568835,493407.8516568835,0,1,1,0
176,2021,Sabres,Canadiens,1,2,2433452.5369008956,1945818.901533894,487633.63536700164,487633.63536700164,0,1,2,0
177,2021,Flames,Kings,1,2,957446.8085106383,1622052.7293103305,-664605.9207996922,664605.9207996922,1,0,2,0
178,2021,Hurricanes,Senators,1,2,1142273.4374999998,1652978.013822948,-510704.5763229483,510704.5763229483,1,0,2,0
179,2021,Capitals,Rangers,1,2,957446.8085106383,1622052.7293103305,-664605.9207996922,664605.9207996922,1,0,2,0
180,2021,Sharks,Blues,1,2,957446.8085106383,1622052.7293103305,-664605.9207996922,664605.9207996922,1,0,2,0
181,2021,Canucks,Jets,1,1,-928240.4236670559,664605.9207996923,-1592846.3444667482,1592846.3444667482,0,1,1,0
182,2021,Oilers,Penguins,1,1,-506975.4128950521,664605.9207996923,-1171581.3336947444,1171581.3336947444,0,1,1,0
183,2021,Sabres,Avalanche,1,1,0.0,664605.9207996923,-664605.9207996923,664605.9207996923,0,1,1,0
184,2021,Penguins,Ducks,1,2,125708.0614940064,664605.9207996923,-538897.8593056859,538897.8593056859,0,1,1,1
185,2021,Lightning,Devils,1,1,0.0,664605.9207996923,-664605.9207996923,664605.9207996923,0,1,1,0
186,2021,Blues,Red Wings,1,1,664605.9207996923,664605.9207996923,0.0,0.0,1,0,1,0
187,2021,Hurricanes,Kings,1,2,988372.0930232557,1329211.8415993846,-340839.74857612886,340839.74857612886,1,0,2,0
188,2021,Devils,Coyotes,1,1,664605.9207996923,664605.9207996923,0.0,0.0,1,0,1,0
189,2021,Hurricanes,Blues,2,2,-45665.12188076426,-216372.74858665327,170707.626705889,170707.626705889,1,1,1,1
190,2021,Panthers,Jets,1,1,0.0,664605.9207996923,-664605.9207996923,664605.9207996923,0,1,1,0
191,2021,Lightning,Predators,1,1,0.0,664605.9207996923,-664605.9207996923,664605.9207996923,0,1,1,0
192,2021,Canadiens,Wild,1,2,1142273.4374999998,1652978.013822948,-510704.5763229483,510704.5763229483,1,0,2,0
193,2021,Penguins,Capitals,1,1,664605.9207996923,664605.9207996923,0.0,0.0,1,0,1,0
194,2021,Blackhawks,Panthers,2,3,95945.82062124356,-81703.6782365957,177649.49885783927,177649.49885783927,0,2,1,2
195,2021,Bruins,Maple Leafs,1,1,664605.9207996923,664605.9207996923,0.0,0.0,1,0,1,0
196,2021,Blackhawks,Canadiens,3,2,3168247.9457420227,664605.9207996923,2503642.0249423306,2503642.0249423306,3,0,1,1
197,2022,Blue Jackets,Blackhawks,3,3,244037.16867517924,3121349.203461712,-2877312.034786533,2877312.034786533,2,1,2,1
198,2022,Blackhawks,Senators,1,3,-914232.8764934298,4611252.779151482,-5525485.655644911,5525485.655644911,0,1,3,0
199,2022,Coyotes,Sharks,3,1,5420723.766196718,2328333.3333333335,3092390.432863385,3092390.432863385,3,0,1,0
200,2022,Canadiens,Islanders,2,1,583601.4174654172,2328333.3333333335,-1744731.9158679163,1744731.9158679163,1,1,1,0
201,2022,Sabres,Golden Knights,1,2,-2631740.7586770076,1893901.2372813197,-4525641.995958327,4525641.995958327,0,1,0,2
202,2022,Wild,Kings,1,2,-1753566.8020516327,3601116.218777641,-5354683.020829273,5354683.020829273,0,1,1,1
203,2022,Ducks,Bruins,1,5,-866907.0620433288,5467350.867382393,-6334257.929425722,6334257.929425722,0,1,3,2
204,2022,Blackhawks,Maple Leafs,1,2,1546195.2164316922,2328333.3333333335,-782138.1169016412,782138.1169016412,1,0,1,1
205,2022,Canadiens,Flames,1,4,-277821.97391938895,5237724.058207534,-5515546.032126923,5515546.032126923,0,1,3,1
206,2022,Sabres,Sam Reinhart to Panthers,0,1,0.0,0.0,0.0,0.0,0,0,0,1
207,2022,Coyotes,Oilers,1,4,2328333.3333333335,2408716.4973078948,-80383.16397456126,80383.16397456126,1,0,3,1
208,2022,Jets,Rangers,2,2,-686023.637498607,1637564.6087325327,-2323588.2462311396,2323588.2462311396,1,1,1,1
209,2022,Coyotes,Avalanche,1,3,0.0,3836821.482423921,-3836821.482423921,3836821.482423921,0,1,2,1
210,2022,Sharks,Coyotes,1,3,2328333.3333333335,5420723.766196718,-3092390.432863385,3092390.432863385,1,0,3,0
211,2022,Coyotes,Unknown,0,3,0.0,2946616.395411862,-2946616.395411862,2946616.395411862,0,0,2,1
212,2022,Capitals,Devils,2,2,1546195.2164316922,2503642.0249423306,-957446.8085106383,957446.8085106383,1,1,2,0
213,2022,Maple Leafs,Blackhawks,2,1,2328333.3333333335,1546195.2164316922,782138.1169016412,782138.1169016412,1,1,1,0
214,2022,Blackhawks,Senators,1,3,-914232.8764934298,4611252.779151482,-5525485.655644911,5525485.655644911,0,1,3,0
215,2022,Coyotes,Sharks,2,2,664605.9207996923,1546195.2164316922,-881589.295632,881589.295632,1,1,1,1
216,2022,Coyotes,Unknown,0,4,0.0,3932256.0543639446,-3932256.0543639446,3932256.0543639446,0,0,3,1
217,2022,Capitals,Jets,1,2,-2694515.842351998,2902506.809792826,-5597022.652144824,5597022.652144824,0,1,2,0
218,2022,Coyotes,Canucks,2,6,-69807.00149290852,22995.151831058203,-92802.15332396672,92802.15332396672,0,2,3,3
219,2022,Kraken,Predators,1,1,157561.60053194576,1546195.2164316922,-1388633.6158997465,1388633.6158997465,0,1,1,0
220,2022,Red Wings,Capitals,1,4,-881558.7511158705,2571458.458130108,-3453017.209245979,3453017.209245979,0,1,2,2
221,2022,Ducks,Penguins,1,3,1600182.0139778634,1812039.737816264,-211857.72383840056,211857.72383840056,0,1,1,2
222,2022,Rangers,Blues,1,2,-1103136.6428763908,1732137.4384468696,-2835274.0813232604,2835274.0813232604,0,1,1,1
223,2022,Blackhawks,Wild,1,0,0.0,0.0,0.0,0.0,0,1,0,0
224,2022,Kraken,Maple Leafs,2,3,775551.7468998086,3639231.0391792813,-2863679.2922794726,2863679.2922794726,0,2,3,0
225,2022,Flames,Panthers,2,2,601210.0289209622,1546195.2164316922,-944985.18751073,944985.18751073,1,1,1,1
226,2022,Canadiens,Oilers,1,1,768183.9159156624,511392.67528446607,256791.24063119636,256791.24063119636,0,1,1,0
227,2022,Senators,Lightning,2,3,0.0,3604528.666081088,-3604528.666081088,3604528.666081088,0,2,1,2
228,2022,Islanders,Avalanche,1,2,-648866.0385750054,3092390.4328633845,-3741256.4714383897,3741256.4714383897,0,1,2,0
229,2022,Blackhawks,Canadiens,1,2,11183.183593571652,3285780.141843972,-3274596.9582504,3274596.9582504,0,1,2,0
230,2022,Capitals,Devils,2,2,1546195.2164316922,2503642.0249423306,-957446.8085106383,957446.8085106383,1,1,2,0
231,2022,Hurricanes,Blackhawks,1,1,957446.8085106383,957446.8085106383,0.0,0.0,1,0,1,0
232,2022,Blues,Red Wings,1,1,0.0,957446.8085106383,-957446.8085106383,957446.8085106383,0,1,1,0
233,2022,Canadiens,Ducks,1,1,957446.8085106383,957446.8085106383,0.0,0.0,1,0,1,0
234,2022,Jets,"Blue 
Jackets",2,2,-2557453.2466119453,-906031.4111398186,-1651421.8354721267,1651421.8354721267,0,2,1,1
235,2022,Canucks,Jets,1,1,-1668073.5869036429,957446.8085106383,-2625520.395414281,2625520.395414281,0,1,1,0
236,2022,Golden Knights,Canucks,1,1,-1668073.5869036429,957446.8085106383,-2625520.395414281,2625520.395414281,0,1,1,0
237,2022,Blackhawks,Unknown,2,2,1300560.0765395144,2503642.0249423306,-1203081.9484028162,1203081.9484028162,1,1,2,0
238,2022,Predators,Kings,1,2,-537767.6090994169,2503642.0249423306,-3041409.6340417475,3041409.6340417475,0,1,2,0
239,2022,Kings,Penguins,1,0,-1040959.9840365833,0.0,-1040959.9840365833,1040959.9840365833,0,1,0,0
240,2022,Senators,Bruins,1,1,212563.5494368168,957446.8085106383,-744883.2590738215,744883.2590738215,0,1,1,0
241,2022,Flames,Maple Leafs,1,1,0.0,957446.8085106383,-957446.8085106383,957446.8085106383,0,1,1,0
242,2022,Bruins,Flames,1,1,0.0,957446.8085106383,-957446.8085106383,957446.8085106383,0,1,1,0
243,2022,Blackhawks,Oilers,1,1,0.0,1524362.049179729,-1524362.049179729,1524362.049179729,0,1,0,1
244,2022,Golden Knights,Rangers,1,1,-1046435.0675959605,957446.8085106383,-2003881.8761065989,2003881.8761065989,0,1,1,0
245,2022,Blue Jackets,Unknown,0,2,0.0,3285780.141843972,-3285780.141843972,3285780.141843972,0,0,2,0
246,2022,Rangers,Avalanche,1,3,0.0,2785684.523034454,-2785684.523034454,2785684.523034454,0,1,3,0
247,2022,Islanders,Canadiens,1,2,2328333.3333333335,583601.4174654172,1744731.9158679163,1744731.9158679163,1,0,1,1
248,2022,Jets,Nathan Smith to Coyotes,1,1,-730308.4697708052,1142273.4374999998,-1872581.907270805,1872581.907270805,0,1,1,0
249,2022,Hurricanes,Flyers,2,3,3458365.4875787743,3171886.070720852,286479.41685792245,286479.41685792245,1,1,3,0
250,2022,Lightning,Blackhawks,2,3,925452.0727983735,3538852.84796147,-2613400.7751630964,2613400.7751630964,0,2,2,1
251,2022,Devils,Islanders,2,3,844332.2923691457,3470606.770833333,-2626274.478464187,2626274.478464187,0,2,2,1
252,2022,Golden Knights,Jets,1,1,-485521.2884556738,1142273.4374999998,-1627794.7259556735,1627794.7259556735,0,1,1,0
253,2022,Red Wings,Golden Knights,1,1,988372.0930232557,1142273.4374999998,-153901.34447674407,153901.34447674407,1,0,1,0
254,2022,Kraken,Capitals,1,3,2028670.5626907349,2970233.5299155465,-941562.9672248117,941562.9672248117,0,1,2,1
255,2022,Blue Jackets,Unknown,0,2,0.0,3470606.770833333,-3470606.770833333,3470606.770833333,0,0,2,0
256,2022,Kraken,Flames,1,1,386040.8535135645,1142273.4374999998,-756232.5839864353,756232.5839864353,0,1,1,0
257,2022,Devils,Oilers,1,0,1088147.6029579348,0.0,1088147.6029579348,1088147.6029579348,0,1,0,0
258,2022,Panthers,Rangers,1,1,-2585820.5945085827,1142273.4374999998,-3728094.0320085827,3728094.0320085827,0,1,1,0
259,2022,Canadiens,Lightning,1,1,1142273.4374999998,1142273.4374999998,0.0,0.0,1,0,1,0
260,2022,Red Wings,Avalanche,1,1,-696946.0040528829,1142273.4374999998,-1839219.4415528825,1839219.4415528825,0,1,1,0
261,2022,Bruins,Kraken,1,2,957446.8085106383,2130645.5305232555,-1173198.7220126172,1173198.7220126172,1,0,2,0
262,2022,Sabres,Unknown,0,2,0.0,1411737.0419749143,-1411737.0419749143,1411737.0419749143,0,0,1,1
263,2022,Golden Knights,Unknown,3,3,3492014.1179655865,1618586.4918073653,1873427.6261582212,1873427.6261582212,3,0,1,2
264,2022,Golden Knights,Sabres,1,2,102687.38425778698,2534567.3094549477,-2431879.925197161,2431879.925197161,0,1,2,0
265,2022,Wild,Sharks,2,1,664605.9207996923,988372.0930232557,-323766.1722235634,323766.1722235634,1,1,1,0
266,2022,Devils,Blue Jackets,1,1,0.0,988372.0930232557,-988372.0930232557,988372.0930232557,0,1,1,0
267,2022,Senators,Jets,1,1,474554.5868789125,988372.0930232557,-513817.5061443432,513817.5061443432,0,1,1,0
268,2022,Senators,Bruins,1,2,280212.2576152075,1197009.7854529507,-916797.5278377433,916797.5278377433,0,1,1,1
269,2022,Ducks,Maple Leafs,1,1,1344703.6273301991,988372.0930232557,356331.5343069434,356331.5343069434,0,1,1,0
270,2022,Rangers,Avalanche,1,3,0.0,2785684.523034454,-2785684.523034454,2785684.523034454,0,1,3,0
271,2022,Penguins,Liam Gorman to Blackhawks,0,1,0.0,664605.9207996923,-664605.9207996923,664605.9207996923,0,0,1,0
272,2022,Lightning,Red Wings,1,1,-63260.24763341384,664605.9207996923,-727866.1684331062,727866.1684331062,0,1,1,0
273,2022,Hurricanes,Ducks,1,2,1346935.8503985982,563696.7686709483,783239.0817276499,783239.0817276499,0,1,1,1
274,2022,Blackhawks,Blue Jackets,3,3,3121349.203461712,244037.16867517924,2877312.034786533,2877312.034786533,2,1,2,1
275,2022,Ducks,Predators,1,2,0.0,-410868.252754107,410868.252754107,410868.252754107,0,1,1,1
276,2022,Blue Jackets,Maple Leafs,1,0,1362951.863271348,0.0,1362951.863271348,1362951.863271348,0,1,0,0
277,2022,Panthers,Flames,2,2,1546195.2164316922,601210.0289209622,944985.18751073,944985.18751073,1,1,1,1
278,2022,Blackhawks,Hurricanes,1,1,582987.6498242914,664605.9207996923,-81618.27097540093,81618.27097540093,1,0,1,0
279,2022,Sharks,Coyotes,2,2,1546195.2164316922,664605.9207996923,881589.295632,881589.295632,1,1,1,1
280,2022,Bruins,Senators,2,1,1197009.7854529507,280212.2576152075,916797.5278377433,916797.5278377433,1,1,0,1
281,2022,Blue Jackets,Ducks,1,0,664605.9207996923,0.0,664605.9207996923,664605.9207996923,1,0,0,0
282,2022,Senators,Sharks,1,1,48680.62333107179,664605.9207996923,-615925.2974686205,615925.2974686205,0,1,1,0
283,2022,Hurricanes,Blue Jackets,1,1,0.0,664605.9207996923,-664605.9207996923,664605.9207996923,0,1,1,0
284,2022,Senators,Islanders,1,1,2242811.9928298527,664605.9207996923,1578206.0720301606,1578206.0720301606,0,1,1,0
285,2022,Sabres,Unknown,0,2,0.0,664605.9207996923,-664605.9207996923,664605.9207996923,0,0,1,1
286,2022,Red Wings,Kings,1,1,703828.9658113669,664605.9207996923,39223.045011674636,39223.045011674636,0,1,1,0
287,2022,Panthers,Penguins,1,1,582987.6498242914,664605.9207996923,-81618.27097540093,81618.27097540093,1,0,1,0
288,2022,Kings,Bruins,1,1,582987.6498242914,664605.9207996923,-81618.27097540093,81618.27097540093,1,0,1,0
289,2022,Canadiens,Blues,2,2,1622052.7293103305,664605.9207996923,957446.8085106382,957446.8085106382,2,0,1,1
290,2022,Sharks,Wild,1,2,988372.0930232557,664605.9207996923,323766.1722235634,323766.1722235634,1,0,1,1
291,2022,Flyers,Hurricanes,3,2,3171886.070720852,3458365.4875787743,-286479.41685792245,286479.41685792245,3,0,1,1
292,2022,Lightning,Rangers,1,1,-2966612.321503469,664605.9207996923,-3631218.242303161,3631218.242303161,0,1,1,0
293,2023,Coyotes,Senators,1,1,1333726.4517815348,1043637.7295792038,290088.72220233106,290088.72220233106,0,1,1,0
294,2023,Canucks,Islanders,1,2,-1047360.3682061393,911559.0317260971,-1958919.3999322364,1958919.3999322364,0,1,0,2
295,2023,Blackhawks,Lightning,3,2,3021348.4177364428,993238.47464191,2028109.9430945327,2028109.9430945327,2,1,0,2
296,2023,Blue Jackets,Kings,2,2,-1553869.363322666,839865.6215005598,-2393734.984823226,2393734.984823226,0,2,1,1
297,2023,Predators,Oilers,2,4,-1176936.3019210543,4085814.050345023,-5262750.352266077,5262750.352266077,1,1,2,2
298,2023,Blues,Unknown,1,4,2084584.5146631773,6047739.864866912,-3963155.350203735,3963155.350203735,0,1,3,1
299,2023,Sharks,Devils,4,5,-390915.5950099962,2366116.766843386,-2757032.361853382,2757032.361853382,1,3,2,3
300,2023,Capitals,Unknown,1,4,-2628568.957498266,4267784.403859684,-6896353.36135795,6896353.36135795,0,1,3,1
301,2023,Rangers,Stars,1,0,1570791.6283623278,0.0,1570791.6283623278,1570791.6283623278,0,1,0,0
302,2023,Canadiens,Panthers,1,1,-1057226.865229694,1142273.4374999998,-2199500.3027296937,2199500.3027296937,0,1,1,0
303,2023,Avalanche,Canadiens,1,2,503302.67020498804,3874528.5497650257,-3371225.8795600375,3371225.8795600375,0,1,2,0
304,2023,Sabres,Flyers,1,3,95180.21225573293,4027356.7713349876,-3932176.5590792545,3932176.5590792545,0,1,2,1
305,2023,Red Wings,Blues,2,3,76355.7706383805,2914894.9922633893,-2838539.2216250086,2838539.2216250086,0,2,1,2
306,2023,Red Wings,Canucks,2,1,248229.3415827019,1546195.2164316922,-1297965.8748489902,1297965.8748489902,1,1,1,0
307,2023,Blackhawks,Unknown,0,3,0.0,2317197.250458356,-2317197.250458356,2317197.250458356,0,0,2,1
308,2023,Predators,Penguins,1,1,1066006.0036252665,1546195.2164316922,-480189.21280642576,480189.21280642576,0,1,1,0
309,2023,Red Wings,Predators,1,2,1546195.2164316922,2534567.3094549477,-988372.0930232555,988372.0930232555,1,0,2,0
310,2023,Capitals,Jets,1,2,-2725495.221487836,3092390.4328633845,-5817885.6543512205,5817885.6543512205,0,1,2,0
311,2023,Blackhawks,Brent Seabrook to Lightning,0,2,0.0,1546195.2164316922,-1546195.2164316922,1546195.2164316922,0,0,1,1
312,2023,Blackhawks,Unknown,1,2,2212222.2450333536,878942.3187903967,1333279.926242957,1333279.926242957,0,1,1,1
313,2023,Kraken,Maple Leafs,2,3,772483.2372355296,3932256.0543639446,-3159772.817128415,3159772.817128415,0,2,3,0
314,2023,Ducks,Avalanche,1,2,-991222.9959273785,1546195.2164316922,-2537418.212359071,2537418.212359071,0,1,1,1
315,2023,Ducks,Bruins,1,5,-719907.913633278,6491347.633160758,-7211255.5467940355,7211255.5467940355,0,1,3,2
316,2023,Sabres,Golden Knights,1,2,-2498989.854861399,1851787.2931100114,-4350777.14797141,4350777.14797141,0,1,0,2
317,2023,Predators,Sharks,1,2,-99438.41664713474,672391.1053344777,-771829.5219816124,771829.5219816124,0,1,1,1
318,2023,Hurricanes,Flyers,2,3,3283118.7430444947,3456031.8393717716,-172913.0963272769,172913.0963272769,1,1,3,0
319,2023,Coyotes,Capitals,1,1,0.0,957446.8085106383,-957446.8085106383,957446.8085106383,0,1,1,0
320,2023,Maple Leafs,Unknown,0,3,0.0,1540434.4583349298,-1540434.4583349298,1540434.4583349298,0,0,2,1
321,2023,Golden Knights,Sabres,2,1,1851787.2931100114,-2498989.854861399,4350777.14797141,4350777.14797141,0,2,0,1
322,2023,Kings,Penguins,1,0,-1009520.9883397454,0.0,-1009520.9883397454,1009520.9883397454,0,1,0,0
323,2023,Stars,Predators,2,1,1422853.271324851,957446.8085106383,465406.4628142128,465406.4628142128,2,0,1,0
324,2023,Kraken,Flames,1,3,-193952.32564824223,3086629.674766622,-3280582.000414864,3280582.000414864,0,1,3,0
325,2023,Coyotes,Unknown,0,4,0.0,4049837.241374023,-4049837.241374023,4049837.241374023,0,0,3,1
326,2023,Predators,Lightning,1,6,-863408.9068767984,6235980.827850038,-7099389.734726837,7099389.734726837,0,1,5,1
327,2023,Ducks,Wild,1,1,-538953.7390907333,957446.8085106383,-1496400.5476013715,1496400.5476013715,0,1,1,0
328,2023,Sabres,Erik Portillo to Kings,0,1,0.0,957446.8085106383,-957446.8085106383,957446.8085106383,0,0,1,0
329,2023,Flyers,Rangers,1,1,418692.2947726676,957446.8085106383,-538754.5137379707,538754.5137379707,0,1,1,0
330,2023,Coyotes,Oilers,2,2,1237962.7960399033,1184897.718310554,53065.07772934926,53065.07772934926,0,2,1,1
331,2023,Canucks,Maple Leafs,1,1,-619516.3935067852,957446.8085106383,-1576963.2020174235,1576963.2020174235,0,1,1,0
332,2023,Penguins,Devils,1,2,-320270.6746524592,1336735.1452507903,-1657005.8199032494,1657005.8199032494,0,1,1,1
333,2023,Rangers,Avalanche,1,3,0.0,2903265.710044532,-2903265.710044532,2903265.710044532,0,1,3,0
334,2023,Coyotes,Stars,1,0,0.0,0.0,0.0,0.0,0,1,0,0
335,2023,Sharks,Hurricanes,2,3,633606.0475815035,1574047.219255665,-940441.1716741616,940441.1716741616,0,2,1,2
336,2023,Flyers,Panthers,4,2,526362.781192251,1134521.2405706986,-608158.4593784476,608158.4593784476,1,3,1,1
337,2023,Hurricanes,Sharks,1,2,957446.8085106383,2099720.246010638,-1142273.4374999995,1142273.4374999995,1,0,2,0
338,2023,Canucks,Red Wings,1,2,1546195.2164316922,248229.3415827019,1297965.8748489902,1297965.8748489902,1,0,1,1
339,2023,Canadiens,Penguins,2,2,-307487.3945751847,2254966.0704233954,-2562453.46499858,2562453.46499858,0,2,1,1
340,2023,Kraken,Jets,1,1,176843.9674839195,1142273.4374999998,-965429.4700160803,965429.4700160803,0,1,1,0
341,2023,Predators,Lightning,1,6,-863408.9068767984,6235980.827850038,-7099389.734726837,7099389.734726837,0,1,5,1
342,2023,Red Wings,Wild,1,1,751900.3390028375,1142273.4374999998,-390373.0984971622,390373.0984971622,0,1,1,0
343,2023,Canucks,Rangers,1,1,718028.326409075,1142273.4374999998,-424245.1110909248,424245.1110909248,0,1,1,0
344,2023,Flyers,Oilers,1,1,2238494.2738131667,1142273.4374999998,1096220.836313167,1096220.836313167,0,1,1,0
345,2023,Predators,Maple Leafs,1,1,1142273.4374999998,1142273.4374999998,0.0,0.0,1,0,1,0
346,2023,Kraken,Avalanche,1,1,-1660118.4128818016,1142273.4374999998,-2802391.8503818014,2802391.8503818014,0,1,1,0
347,2023,Canadiens,Golden Knights,1,1,1142273.4374999998,1142273.4374999998,0.0,0.0,1,0,1,0
348,2023,Sharks,Blue Jackets,1,1,988372.0930232557,988372.0930232557,0.0,0.0,1,0,1,0
349,2023,Hurricanes,Canucks,2,1,485955.9663471413,988372.0930232557,-502416.1266761144,502416.1266761144,0,2,1,0
350,2023,Canadiens,Flames,1,4,-274419.062109737,5645038.759689922,-5919457.821799659,5919457.821799659,0,1,3,1
351,2023,Predators,Lightning,1,5,-863408.9068767984,6235980.827850038,-7099389.734726837,7099389.734726837,0,1,5,0
352,2023,Jets,Rangers,2,2,-1024640.5373365654,1760550.1500746715,-2785190.687411237,2785190.687411237,1,1,1,1
353,2023,Rangers,Oilers,0,1,0.0,988372.0930232557,-988372.0930232557,988372.0930232557,0,0,1,0
354,2023,Wild,Unknown,0,1,0.0,988372.0930232557,-988372.0930232557,988372.0930232557,0,0,1,0
355,2023,Coyotes,Golden Knights,1,2,-12651.289967031285,988372.0930232557,-1001023.382990287,1001023.382990287,0,1,1,1
356,2023,Coyotes,Blue Jackets,1,2,0.0,664605.9207996923,-664605.9207996923,664605.9207996923,0,1,1,1
357,2023,Hurricanes,Blackhawks,1,1,664605.9207996923,664605.9207996923,0.0,0.0,1,0,1,0
358,2023,Devils,Sharks,1,1,0.0,664605.9207996923,-664605.9207996923,664605.9207996923,0,1,1,0
359,2023,Blackhawks,Flyers,1,2,1546195.2164316922,2020917.5141608259,-474722.2977291336,474722.2977291336,1,0,2,0
360,2023,Kraken,Capitals,1,3,2140918.7684816667,3016610.1943945996,-875691.425912933,875691.425912933,0,1,2,1
361,2023,Flyers,Senators,1,1,-51104.28853307323,664605.9207996923,-715710.2093327655,715710.2093327655,0,1,1,0
362,2023,Rangers,Jets,2,2,1760550.1500746715,-1024640.5373365654,2785190.687411237,2785190.687411237,1,1,1,1
363,2023,Lightning,Ducks,1,0,0.0,0.0,0.0,0.0,0,1,0,0
364,2023,Panthers,Coyotes,2,1,2282820.6211878397,664605.9207996923,1618214.7003881475,1618214.7003881475,1,1,1,0
365,2023,Coyotes,Canucks,2,6,1124940.962890526,4539134.470564718,-3414193.507674192,3414193.507674192,0,2,3,3
366,2023,Sharks,Unknown,2,1,1228503.519963551,664605.9207996923,563897.5991638588,563897.5991638588,1,1,1,0
367,2023,Senators,Predators,1,1,-491544.41913725407,664605.9207996923,-1156150.3399369463,1156150.3399369463,0,1,1,0
368,2023,Bruins,Kings,1,1,664605.9207996923,664605.9207996923,0.0,0.0,1,0,1,0
369,2023,Senators,Rangers,1,1,718028.326409075,1546195.2164316922,-828166.8900226173,828166.8900226173,0,1,1,0
370,2023,Penguins,Maple Leafs,1,2,548082.8709079891,664605.9207996923,-116523.04989170318,116523.04989170318,0,1,1,1
371,2023,Predators,Devils,1,1,582987.6498242914,664605.9207996923,-81618.27097540093,81618.27097540093,1,0,1,0
372,2023,Penguins,Panthers,1,1,664605.9207996923,664605.9207996923,0.0,0.0,1,0,1,0
373,2023,Blue Jackets,Golden Knights,1,1,582987.6498242914,664605.9207996923,-81618.27097540093,81618.27097540093,1,0,1,0
374,2024,Sharks,Sabres,2,1,3874528.5497650257,2328333.3333333335,1546195.2164316922,1546195.2164316922,2,0,1,0
375,2024,Wild,Flyers,2,1,3168198.954833893,2328333.3333333335,839865.6215005596,839865.6215005596,2,0,1,0
376,2024,Flyers,Wild,1,2,2328333.3333333335,3168198.954833893,-839865.6215005596,839865.6215005596,1,0,2,0
377,2024,Sharks,Unknown,2,3,-3353821.8511383655,2340578.1300640497,-5694399.981202415,5694399.981202415,1,1,1,2
378,2024,Blackhawks,Islanders,3,2,5420723.766196718,3874528.5497650257,1546195.2164316927,1546195.2164316927,3,0,2,0
379,2024,Blackhawks,Lightning,3,2,1616373.5091541996,1149835.9439183907,466537.56523580896,466537.56523580896,2,1,0,2
380,2024,Canadiens,Kings,3,1,4539134.470564718,2328333.3333333335,2210801.137231385,2210801.137231385,3,0,1,0
381,2024,Ducks,Maple Leafs,2,1,3874528.5497650257,2328333.3333333335,1546195.2164316922,1546195.2164316922,2,0,1,0
382,2024,Utah,Avalanche,3,1,3859953.618303464,2328333.3333333335,1531620.2849701303,1531620.2849701303,3,0,1,0
383,2024,Red Wings,Bruins,1,2,1805820.9204322405,3330327.5767543856,-1524506.6563221451,1524506.6563221451,0,1,2,0
384,2024,Canadiens,Jets,1,2,441142.9348624821,2974582.6573565407,-2533439.7224940583,2533439.7224940583,0,1,2,0
385,2024,Blackhawks,Hurricanes,2,1,3092390.4328633845,2328333.3333333335,764057.099530051,764057.099530051,2,0,1,0
386,2024,Flames,Canucks,1,3,-125316.98749345448,1222630.0737622748,-1347947.0612557293,1347947.0612557293,0,1,1,2
387,2024,Ducks,Unknown,3,1,485011.167942803,2328333.3333333335,-1843322.1653905306,1843322.1653905306,1,2,1,0
388,2024,Flyers,Panthers,4,2,1504032.8806153443,-344667.38503978425,1848700.2656551285,1848700.2656551285,1,3,1,1
389,2024,Hurricanes,Blackhawks,1,2,2328333.3333333335,3092390.4328633845,-764057.099530051,764057.099530051,1,0,2,0
390,2024,Coyotes,Canadiens,1,2,-2464895.768651982,3874528.5497650257,-6339424.318417007,6339424.318417007,0,1,2,0
391,2024,Avalanche,Utan,1,3,2328333.3333333335,3859953.618303464,-1531620.2849701303,1531620.2849701303,1,0,3,0
392,2024,Sharks,Devils,4,5,-1578907.8388923511,1999028.6606548396,-3577936.499547191,3577936.499547191,1,3,2,3
393,2024,Capitals,Sabres,1,1,-293490.2692322725,1546195.2164316922,-1839685.4856639649,1839685.4856639649,0,1,1,0
394,2024,Hurricanes,Flyers,2,3,4740671.925538583,3645915.46244233,1094756.4630962526,1094756.4630962526,1,1,3,0
395,2024,Senators,Capitals,1,1,3011458.3243681435,1546195.2164316922,1465263.1079364512,1465263.1079364512,0,1,1,0
396,2024,Blackhawks,Islanders,3,2,5420723.766196718,3874528.5497650257,1546195.2164316927,1546195.2164316927,3,0,2,0
397,2024,Capitals,Golden Knights,1,2,-78258.13414393924,2425137.535222089,-2503395.669366028,2503395.669366028,0,1,2,0
398,2024,Predators,Lightning,1,6,-1476633.7142327598,6676685.216284299,-8153318.930517059,8153318.930517059,0,1,5,1
399,2024,Flyers,Unknown,2,5,-926683.970719707,6544121.276824608,-7470805.247544316,7470805.247544316,0,2,3,2
400,2024,Blues,Unknown,1,4,2396949.9710888104,6253770.322745105,-3856820.351656295,3856820.351656295,0,1,3,1
401,2024,Canadiens,Avalanche,1,2,873632.9573313263,1867016.3488109491,-993383.3914796228,993383.3914796228,0,1,1,1
402,2024,Ducks,Bruins,1,5,-522104.01869536395,9027125.06796759,-9549229.086662954,9549229.086662954,0,1,3,2
403,2024,Predators,Jets,1,1,472868.13277070783,1546195.2164316922,-1073327.0836609844,1073327.0836609844,0,1,1,0
404,2024,Blue Jackets,Hurricanes,2,1,1945818.901533894,1546195.2164316922,399623.68510220177,399623.68510220177,2,0,1,0
405,2024,Blackhawks,Canucks,1,2,760317.095591604,1094143.3159154325,-333826.2203238285,333826.2203238285,0,1,1,1
406,2024,Flames,Unknown,0,2,0.0,2282919.445818148,-2282919.445818148,2282919.445818148,0,0,2,0
407,2024,Kraken,Rangers,0,2,0.0,2548189.459852745,-2548189.459852745,2548189.459852745,0,0,2,0
408,2024,Coyotes,Panthers,1,2,664605.9207996923,4496890.508128786,-3832284.5873290943,3832284.5873290943,1,0,1,1
409,2024,Ducks,Henry Thrun to Sharks,0,1,0.0,957446.8085106383,-957446.8085106383,957446.8085106383,0,0,1,0
410,2024,Hurricanes,Blue Jackets,1,2,1546195.2164316922,1945818.901533894,-399623.68510220177,399623.68510220177,1,0,2,0
411,2024,Avalanche,Utan,1,3,2328333.3333333335,3859953.618303464,-1531620.2849701303,1531620.2849701303,1,0,3,0
412,2024,Blackhawks,Senators,1,3,-926501.3778114005,4831975.358275664,-5758476.736087064,5758476.736087064,0,1,3,0
413,2024,Capitals,Devils,2,1,1945818.901533894,957446.8085106383,988372.0930232557,988372.0930232557,2,0,1,0
414,2024,Avalanche,Sabres,1,2,957446.8085106383,1945818.901533894,-988372.0930232557,988372.0930232557,1,0,2,0
415,2024,Predators,Flyers,1,2,1546195.2164316922,1797312.4300111982,-251117.21357950591,251117.21357950591,1,0,2,0
416,2024,Capitals,Wild,1,1,2509126.8162258286,957446.8085106383,1551680.0077151903,1551680.0077151903,0,1,1,0
417,2024,Ducks,Penguins,1,2,1867112.1136629228,41453.08143886435,1825659.0322240584,1825659.0322240584,0,1,1,1
418,2024,Devils,Capitals,1,2,957446.8085106383,1945818.901533894,-988372.0930232557,988372.0930232557,1,0,2,0
419,2024,Maple Leafs,Islanders,1,1,-522557.816821748,957446.8085106383,-1480004.6253323862,1480004.6253323862,0,1,1,0
420,2024,Penguins,Golden Knights,1,1,1982842.5356619996,957446.8085106383,1025395.7271513613,1025395.7271513613,0,1,1,0
421,2024,Sharks,Lightning,2,2,669037.2700176451,957446.8085106383,-288409.5384929932,288409.5384929932,1,1,1,1
422,2024,Blue Jackets,Kings,1,2,-1637722.5000992017,957446.8085106383,-2595169.30860984,2595169.30860984,0,1,1,1
423,2024,Kraken,Maple Leafs,2,3,1309909.047971125,4049837.241374023,-2739928.1934028976,2739928.1934028976,0,2,3,0
424,2024,Coyotes,Avalanche,1,3,0.0,3823654.3013750766,-3823654.3013750766,3823654.3013750766,0,1,2,1
425,2024,Capitals,Unknown,1,4,-2475228.1205155,5317666.89279065,-7792895.01330615,7792895.01330615,0,1,3,1
426,2024,Devils,Jets,1,2,-462282.4957586342,2313758.4018717716,-2776040.8976304056,2776040.8976304056,0,1,2,0
427,2024,Blackhawks,Hurricanes,1,1,839865.6215005598,957446.8085106383,-117581.18701007846,117581.18701007846,1,0,1,0
428,2024,Predators,Stars,1,2,957446.8085106383,1622052.7293103305,-664605.9207996922,664605.9207996922,1,0,2,0
429,2024,Blues,Rangers,2,3,1656347.4267045225,2916771.2611305015,-1260423.834425979,1260423.834425979,0,2,1,2
430,2024,Coyotes,Oilers,1,4,2328333.3333333335,4642091.7352051055,-2313758.401871772,2313758.401871772,1,0,3,1
431,2024,Coyotes,Sharks,1,1,474602.3877251426,1142273.4374999998,-667671.0497748572,667671.0497748572,0,1,1,0
432,2024,Lightning,Blackhawks,2,3,1149835.9439183907,1616373.5091541996,-466537.56523580896,466537.56523580896,0,2,2,1
433,2024,Canucks,Devils,1,1,1175482.2344581273,1142273.4374999998,33208.796958127525,33208.796958127525,0,1,1,0
434,2024,Sabres,Flyers,1,1,-221179.34808734502,1142273.4374999998,-1363452.7855873448,1363452.7855873448,0,1,1,0
435,2024,Bruins,Wild,2,2,946673.2699538629,2436948.394488246,-1490275.1245343834,1490275.1245343834,1,1,1,1
436,2024,Senators,Red Wings,1,4,-926501.3778114005,3407596.5365466624,-4334097.914358063,4334097.914358063,0,1,2,2
437,2024,Sharks,Golden Knights,1,1,0.0,1142273.4374999998,-1142273.4374999998,1142273.4374999998,0,1,1,0
438,2024,Senators,Lightning,1,2,602611.5879477572,467368.67806044396,135242.90988731326,135242.90988731326,0,1,1,1
439,2024,Lightning,Kings,1,2,-1476633.7142327598,2498585.0308611332,-3975218.7450938933,3975218.7450938933,0,1,2,0
440,2024,Rangers,Unknown,2,1,1653666.1127844658,1142273.4374999998,511392.675284466,511392.675284466,2,0,1,0
441,2024,Wild,Bruins,2,2,2436948.394488246,946673.2699538629,1490275.1245343834,1490275.1245343834,1,1,1,1
442,2024,Sabres,Jets,1,2,1142273.4374999998,1806879.3582996922,-664605.9207996924,664605.9207996924,1,0,2,0
443,2024,Red Wings,Stars,1,1,967467.0384714573,1142273.4374999998,-174806.39902854245,174806.39902854245,0,1,1,0
444,2024,Predators,Rangers,1,2,1142273.4374999998,1653666.1127844658,-511392.675284466,511392.675284466,1,0,2,0
445,2024,Predators,Oilers,2,4,-983878.7683774139,4884422.887953113,-5868301.656330527,5868301.656330527,1,1,2,2
446,2024,Canadiens,Unknown,0,1,0.0,988372.0930232557,-988372.0930232557,988372.0930232557,0,0,1,0
447,2024,Canucks,Blackhawks,1,1,1551312.3623131434,988372.0930232557,562940.2692898877,562940.2692898877,0,1,1,0
448,2024,Avalanche,Ducks,1,1,450867.0352702559,988372.0930232557,-537505.0577529998,537505.0577529998,0,1,1,0
449,2024,Hurricanes,Blue Jackets,1,2,1546195.2164316922,1945818.901533894,-399623.68510220177,399623.68510220177,1,0,2,0
450,2024,Avalanche,Kraken,1,1,279754.77322145645,988372.0930232557,-708617.3198017993,708617.3198017993,0,1,1,0
451,2024,Blackhawks,Flames,1,1,-549326.1448542001,988372.0930232557,-1537698.2378774558,1537698.2378774558,0,1,1,0
452,2024,Wild,Sabres,1,2,-1292112.750940267,2534567.3094549477,-3826680.0603952147,3826680.0603952147,0,1,2,0
453,2024,Panthers,Flyers,2,3,-344667.38503978425,988372.0930232557,-1333039.47806304,1333039.47806304,1,1,1,2
454,2024,Sharks,Unknown,2,1,2088364.23250227,664605.9207996923,1423758.3117025779,1423758.3117025779,1,1,1,0
455,2024,Devils,Capitals,1,2,957446.8085106383,1945818.901533894,-988372.0930232557,988372.0930232557,1,0,2,0
456,2024,Flyers,Unknown,0,1,0.0,988372.0930232557,-988372.0930232557,988372.0930232557,0,0,1,0
457,2024,Flyers,Kings,1,2,-205691.16174510703,1019207.3702421958,-1224898.531987303,1224898.531987303,0,1,1,1
458,2024,Blackhawks,Predators,1,1,1551312.3623131434,988372.0930232557,562940.2692898877,562940.2692898877,0,1,1,0
459,2024,Sharks,Avalanche,1,1,418056.7649507518,988372.0930232557,-570315.3280725039,570315.3280725039,0,1,1,0
460,2024,Maple Leafs,Canucks,1,1,-526966.6289863593,988372.0930232557,-1515338.722009615,1515338.722009615,0,1,1,0
461,2024,Sabres,Panthers,1,0,0.0,0.0,0.0,0.0,0,1,0,0
462,2024,Canucks,Sharks,1,2,206467.03730574623,664605.9207996923,-458138.88349394605,458138.88349394605,0,1,1,1
463,2024,Kings,Ducks,2,1,1329211.8415993846,664605.9207996923,664605.9207996923,664605.9207996923,2,0,1,0
464,2024,Hurricanes,Senators,0,1,0.0,664605.9207996923,-664605.9207996923,664605.9207996923,0,0,1,0
465,2024,Panthers,Kraken,1,2,988372.0930232557,1329211.8415993846,-340839.74857612886,340839.74857612886,1,0,2,0
466,2024,Flyers,Blues,1,1,-3270248.774023779,664605.9207996923,-3934854.6948234714,3934854.6948234714,0,1,1,0
467,2024,Ducks,Kings,1,2,664605.9207996923,1329211.8415993846,-664605.9207996923,664605.9207996923,1,0,2,0
468,2024,Oilers,Predators,4,2,4884422.887953113,-983878.7683774139,5868301.656330527,5868301.656330527,2,2,1,1
469,2024,Hurricanes,Unknown,0,1,0.0,664605.9207996923,-664605.9207996923,664605.9207996923,0,0,1,0
470,2024,Predators,Stars,1,2,957446.8085106383,1622052.7293103305,-664605.9207996922,664605.9207996922,1,0,2,0
471,2024,Lightning,Blackhawks,1,1,2691161.8615729436,664605.9207996923,2026555.9407732515,2026555.9407732515,0,1,1,0
472,2024,Oilers,Unknown,1,3,2328333.3333333335,485011.167942803,1843322.1653905306,1843322.1653905306,1,0,1,2
473,2024,Golden Knights,Blue Jackets,1,1,664605.9207996923,664605.9207996923,0.0,0.0,1,0,1,0
474,2024,Kings,Canadiens,1,3,2328333.3333333335,4539134.470564718,-2210801.137231385,2210801.137231385,1,0,3,0
475,2024,Lightning,Utah,1,4,-2052160.9881939022,2020917.5141608259,-4073078.502354728,4073078.502354728,0,1,2,2
476,2024,Maple Leafs,Senators,0,3,0.0,1622052.7293103305,-1622052.7293103305,1622052.7293103305,0,0,2,1
477,2024,Panthers,Kraken,1,2,988372.0930232557,1329211.8415993846,-340839.74857612886,340839.74857612886,1,0,2,0
478,2024,Kraken,Flames,1,3,-120345.06022751657,3168247.9457420227,-3288593.0059695393,3288593.0059695393,0,1,3,0
479,2024,Sharks,Devils,4,5,-1578907.8388923511,1999028.6606548396,-3577936.499547191,3577936.499547191,1,3,2,3
480,2024,Lightning,Wild,1,1,787322.7059921236,664605.9207996923,122716.7851924313,122716.7851924313,0,1,1,0
481,2024,Canadiens,Capitals,1,2,-790921.743356668,1622052.7293103305,-2412974.4726669984,2412974.4726669984,0,1,2,0
482,2024,Blues,Islanders,1,1,476110.98650835373,664605.9207996923,-188494.93429133855,188494.93429133855,0,1,1,0
483,2024,Capitals,Golden Knights,1,1,582987.6498242914,664605.9207996923,-81618.27097540093,81618.27097540093,1,0,1,0
484,2024,Predators,Lightning,2,2,-1074107.3578928534,2020917.5141608259,-3095024.872053679,3095024.872053679,1,1,2,0
485,2024,Ducks,Kings,1,2,664605.9207996923,1329211.8415993846,-664605.9207996923,664605.9207996923,1,0,2,0
486,2024,Devils,Predators,1,1,664605.9207996923,664605.9207996923,0.0,0.0,1,0,1,0
487,2024,Coyotes,Michael Callahan to Bruins,0,1,0.0,664605.9207996923,-664605.9207996923,664605.9207996923,0,0,1,0
488,2024,Sabres,Jets,1,2,1142273.4374999998,1806879.3582996922,-664605.9207996924,664605.9207996924,1,0,2,0
489,2024,Penguins,Rangers,1,2,957446.8085106383,1622052.7293103305,-664605.9207996922,664605.9207996922,1,0,2,0
490,2024,Canadiens,Oilers,1,1,1040165.6659763994,664605.9207996923,375559.74517670716,375559.74517670716,0,1,1,0
491,2024,Maple Leafs,Panthers,1,2,1546195.2164316922,2020917.5141608259,-474722.2977291336,474722.2977291336,1,0,2,0
492,2025,Canucks,Rangers,2,1,775208.1322537424,623028.8842458783,152179.2480078641,152179.2480078641,0,2,0,1
493,2025,Canadiens,Unknown,0,7,0.0,14569285.07764521,-14569285.07764521,14569285.07764521,0,0,6,1
494,2025,Islanders,Canadiens,1,3,188300.8853617913,4656666.666666667,-4468365.781304875,4468365.781304875,0,1,2,1
495,2025,Flames,Devils,1,1,0.0,368144.96581970435,-368144.96581970435,368144.96581970435,0,1,0,1
496,2025,Blue Jackets,Wild,2,4,361182.38975554984,3031606.8766419045,-2670424.4868863546,2670424.4868863546,1,1,3,1
497,2025,Predators,Senators,2,1,3285780.141843972,2328333.3333333335,957446.8085106383,957446.8085106383,2,0,1,0
498,2025,Flyers,Unknown,2,2,1635167.3465208206,2328333.3333333335,-693165.9868125129,693165.9868125129,1,1,1,1
499,2025,Predators,Lightning,1,6,-1476456.3445246937,6962620.8887989195,-8439077.233323613,8439077.233323613,0,1,5,1
500,2025,Penguins,Kings,2,1,3874528.5497650257,2328333.3333333335,1546195.2164316922,1546195.2164316922,2,0,1,0
501,2025,Blackhawks,Maple Leafs,3,3,176006.97282969276,4173779.2087485,-3997772.235918807,3997772.235918807,1,2,2,1
502,2025,Sharks,Unknown,3,1,695419.1925402423,2328333.3333333335,-1632914.1407930912,1632914.1407930912,2,1,1,0
503,2025,Blackhawks,Unknown,3,1,3852910.664491005,2328333.3333333335,1524577.3311576713,1524577.3311576713,3,0,1,0
504,2025,Sharks,Stars,2,1,2155037.3517389945,2328333.3333333335,-173295.981594339,173295.981594339,0,2,1,0
505,2025,Flyers,Oilers,1,0,2328333.3333333335,0.0,2328333.3333333335,2328333.3333333335,1,0,0,0
506,2025,Flames,Panthers,1,3,1748849.9527576007,-3759189.2532672808,5508039.206024881,5508039.206024881,0,1,0,3
507,2025,Hurricanes,Blackhawks,1,3,2328333.3333333335,3852910.664491005,-1524577.3311576713,1524577.3311576713,1,0,3,0
508,2025,Kraken,Flyers,2,2,3092390.4328633845,2503642.0249423306,588748.4079210539,588748.4079210539,2,0,2,0
509,2025,Capitals,Unknown,1,4,-2392449.492800121,5608834.6000866,-8001284.092886721,8001284.092886721,0,1,3,1
510,2025,Flyers,Kraken,2,2,2503642.0249423306,3092390.4328633845,-588748.4079210539,588748.4079210539,2,0,2,0
511,2025,Penguins,Sabres,1,2,444800.30870724143,1202807.245752385,-758006.9370451435,758006.9370451435,0,1,1,1
512,2025,Flyers,Ducks,1,2,0.0,3031531.711259572,-3031531.711259572,3031531.711259572,0,1,1,1
513,2025,Canadiens,Unknown,1,3,0.0,3653519.970688001,-3653519.970688001,3653519.970688001,0,1,1,2
514,2025,Coyotes,Rangers,1,2,456052.03813944,1546195.2164316922,-1090143.1782922521,1090143.1782922521,0,1,1,1
515,2025,Flyers,Unknown,2,5,-1656659.6276869297,6188898.048662052,-7845557.676348981,7845557.676348981,0,2,3,2
516,2025,Flyers,Flames,2,4,1797463.339768311,2446458.815627629,-648995.4758593179,648995.4758593179,0,2,2,2
517,2025,Hurricanes,Canadiens,2,2,2210801.1372313844,3092390.4328633845,-881589.2956320001,881589.2956320001,2,0,2,0
518,2025,Penguins,Unknown,0,2,0.0,-1692485.4870705493,1692485.4870705493,1692485.4870705493,0,0,1,1
519,2025,Sharks,Senators,3,3,1250099.9166961412,1967440.4285949718,-717340.5118988305,717340.5118988305,1,2,1,2
520,2025,Capitals,Avalanche,1,1,-226875.14682337688,1546195.2164316922,-1773070.3632550691,1773070.3632550691,0,1,1,0
521,2025,Predators,Lightning,2,2,-1004747.6953729319,2210801.1372313844,-3215548.832604316,3215548.832604316,1,1,2,0
522,2025,Lightning,Kings,1,2,-1476456.3445246937,2688468.6539316922,-4164924.998456386,4164924.998456386,0,1,2,0
523,2025,Coyotes,Maple Leafs,2,1,-1849038.2050688737,0.0,-1849038.2050688737,1849038.2050688737,0,2,0,1
524,2025,Predators,Golden Knights,1,2,1546195.2164316922,2688468.6539316922,-1142273.4375,1142273.4375,1,0,2,0
525,2025,Penguins,Capitals,1,1,3168457.1425182605,1546195.2164316922,1622261.9260865683,1622261.9260865683,0,1,1,0
526,2025,Devils,Jets,1,2,-1247008.839787919,2503642.0249423306,-3750650.8647302496,3750650.8647302496,0,1,2,0
527,2025,Avalanche,Unknown,0,4,0.0,5145394.352900162,-5145394.352900162,5145394.352900162,0,0,2,2
528,2025,Blackhawks,Stars,2,2,959234.301309187,1546195.2164316922,-586960.9151225053,586960.9151225053,0,2,1,1
529,2025,Coyotes,Oilers,1,4,2328333.3333333335,4831975.358275664,-2503642.0249423306,2503642.0249423306,1,0,3,1
530,2025,Maple Leafs,Panthers,1,2,1546195.2164316922,2210801.1372313844,-664605.9207996922,664605.9207996922,1,0,2,0
531,2025,Golden Knights,Sharks,1,3,2328333.3333333335,695419.1925402423,1632914.1407930912,1632914.1407930912,1,0,2,1
532,2025,Hurricanes,Blackhawks,1,1,957446.8085106383,957446.8085106383,0.0,0.0,1,0,1,0
533,2025,Senators,Predators,1,3,2328333.3333333335,4243226.95035461,-1914893.6170212761,1914893.6170212761,1,0,3,0
534,2025,Kraken,Kraken,2,2,2503642.0249423306,3092390.4328633845,-588748.4079210539,588748.4079210539,2,0,2,0
535,2025,Canadiens,Bruins,2,1,2099720.246010638,957446.8085106383,1142273.4374999995,1142273.4374999995,2,0,1,0
536,2025,Rangers,Kraken,1,2,183977.3583268549,1622052.7293103305,-1438075.3709834756,1438075.3709834756,0,1,2,0
537,2025,Coyotes,Unknown,0,1,0.0,957446.8085106383,-957446.8085106383,957446.8085106383,0,0,1,0
538,2025,Blue Jackets,Unknown,2,1,2144267.680921052,957446.8085106383,1186820.8724104138,1186820.8724104138,2,0,1,0
539,2025,Avalanche,Blue Jackets,2,3,497191.6258679186,2147193.8202309306,-1650002.194363012,1650002.194363012,0,2,2,1
540,2025,Canadiens,Canucks,1,2,0.0,2035916.6933269072,-2035916.6933269072,2035916.6933269072,0,1,1,1
541,2025,Canadiens,Devils,1,0,0.0,0.0,0.0,0.0,0,1,0,0
542,2025,Flyers,Wild,1,2,2328333.3333333335,3285780.141843972,-957446.8085106383,957446.8085106383,1,0,2,0
543,2025,Blues,Unknown,0,2,0.0,326139.32125723315,-326139.32125723315,326139.32125723315,0,0,1,1
544,2025,Predators,Graham Sward to Avalanche,1,1,-1230940.6754644732,957446.8085106383,-2188387.4839751115,2188387.4839751115,0,1,1,0
545,2025,Hurricanes,Jake Guentzel to Lightning,0,1,0.0,957446.8085106383,-957446.8085106383,957446.8085106383,0,0,1,0
546,2025,Ducks,Unknown,0,1,0.0,957446.8085106383,-957446.8085106383,957446.8085106383,0,0,1,0
547,2025,Devils,Golden Knights,2,2,-165106.04956278848,1169330.9460109603,-1334436.9955737488,1334436.9955737488,0,2,1,1
548,2025,Golden Knights,Capitals,1,2,0.0,1914893.6170212766,-1914893.6170212766,1914893.6170212766,0,1,2,0
549,2025,Capitals,Hurricanes,1,1,0.0,957446.8085106383,-957446.8085106383,957446.8085106383,0,1,1,0
550,2025,Sharks,Oilers,1,2,456052.03813944,1697162.9124574102,-1241110.8743179701,1241110.8743179701,0,1,1,1
551,2025,Senators,Panthers,1,1,209294.8100306252,957446.8085106383,-748151.9984800131,748151.9984800131,0,1,1,0
552,2025,Senators,Sharks,3,3,1967440.4285949718,1250099.9166961412,717340.5118988305,717340.5118988305,1,2,1,2
553,2025,Devils,Predators,1,1,1313245.5702292658,1142273.4374999998,170972.13272926607,170972.13272926607,0,1,1,0
554,2025,Maple Leafs,Unknown,2,3,1791576.8954550114,2230753.5882692686,-439176.6928142572,439176.6928142572,1,1,2,1
555,2025,Red Wings,Bruins,1,2,2025682.1680899803,3470606.770833333,-1444924.6027433528,1444924.6027433528,0,1,2,0
556,2025,Wild,Kraken,1,1,-444562.97018285375,1142273.4374999998,-1586836.4076828535,1586836.4076828535,0,1,1,0
557,2025,Rangers,Ducks,1,2,-2259817.046531274,1637805.9141594945,-3897622.9606907684,3897622.9606907684,0,1,1,1
558,2025,Blackhawks,Unknown,1,2,2825045.8398722205,1142273.4374999998,1682772.4023722208,1682772.4023722208,0,1,1,1
559,2025,Canadiens,Red Wings,1,2,2107324.7542563085,1343510.3126311097,763814.4416251988,763814.4416251988,0,1,1,1
560,2025,Red Wings,Blue Jackets,1,2,957446.8085106383,2144267.680921052,-1186820.8724104138,1186820.8724104138,1,0,2,0
561,2025,Avalanche,Canucks,1,2,775208.1322537424,1328344.7970296207,-553136.6647758783,553136.6647758783,0,1,1,1
562,2025,Panthers,Flames,3,1,-3759189.2532672808,1748849.9527576007,-5508039.206024881,5508039.206024881,0,3,0,1
563,2025,Blue Jackets,Blues,1,1,481471.37386455527,1142273.4374999998,-660802.0636354445,660802.0636354445,0,1,1,0
564,2025,Ducks,Wild,1,3,3502333.875477546,1743537.4750559665,1758796.4004215794,1758796.4004215794,0,1,1,2
565,2025,Oilers,Senators,1,2,0.0,1142273.4374999998,-1142273.4374999998,1142273.4374999998,0,1,1,1
566,2025,Red Wings,Unknown,0,1,0.0,1142273.4374999998,-1142273.4374999998,1142273.4374999998,0,0,1,0
567,2025,Wild,Unknown,0,1,0.0,1142273.4374999998,-1142273.4374999998,1142273.4374999998,0,0,1,0
568,2025,Predators,Golden Knights,1,2,1546195.2164316922,2688468.6539316922,-1142273.4375,1142273.4375,1,0,2,0
569,2025,Wild,Capitals,2,2,1068475.2997439536,1142273.4374999998,-73798.13775604614,73798.13775604614,1,1,1,1
570,2025,Sharks,Jets,1,1,563985.6482515736,1142273.4374999998,-578287.7892484262,578287.7892484262,0,1,1,0
571,2025,Kings,Hurricanes,1,2,957446.8085106383,1982139.0590005596,-1024692.2504899213,1024692.2504899213,1,0,2,0
572,2025,Rangers,Stars,1,0,962613.9349366677,0.0,962613.9349366677,962613.9349366677,0,1,0,0
574,2025,Panthers,Sharks,1,2,-83425.52261197194,1551815.776373984,-1635241.298985956,1635241.298985956,0,1,1,1
575,2025,Maple Leafs,Unknown,3,3,4173779.2087485,176006.97282969276,3997772.235918807,3997772.235918807,2,1,1,2
576,2025,Oilers,Unknown,1,1,866993.0640554874,988372.0930232557,-121379.0289677683,121379.0289677683,1,0,1,0
577,2025,Maple Leafs,Penguins,2,1,1054210.4797781033,988372.0930232557,65838.3867548476,65838.3867548476,0,2,1,0
578,2025,Wild,Unknown,4,2,3031606.8766419045,361182.38975554984,2670424.4868863546,2670424.4868863546,3,1,1,1
579,2025,Stars,Devils,1,1,762257.4601409065,988372.0930232557,-226114.6328823492,226114.6328823492,0,1,1,0
580,2025,Rangers,Wild,1,1,-976608.5590254203,988372.0930232557,-1964980.652048676,1964980.652048676,0,1,1,0
581,2025,Sharks,Unknown,3,4,871857.8581937029,2344683.686384389,-1472825.8281906862,1472825.8281906862,1,2,2,2
582,2025,Penguins,Golden Knights,1,2,957446.8085106383,1945818.901533894,-988372.0930232557,988372.0930232557,1,0,2,0
583,2025,Flyers,Hurricanes,1,1,873715.5028697825,988372.0930232557,-114656.5901534732,114656.5901534732,0,1,1,0
584,2025,Ducks,Unknown,3,1,641572.2691213913,2328333.3333333335,-1686761.0642119423,1686761.0642119423,1,2,1,0
585,2025,Blue Jackets,Panthers,1,1,0.0,988372.0930232557,-988372.0930232557,988372.0930232557,0,1,1,0
586,2025,Devils,Sharks,1,2,957446.8085106383,1622052.7293103305,-664605.9207996922,664605.9207996922,1,0,2,0
587,2025,Rangers,Kraken,1,2,183977.3583268549,1622052.7293103305,-1438075.3709834756,1438075.3709834756,0,1,2,0
588,2025,Capitals,Wild,2,2,1142273.4374999998,1068475.2997439536,73798.13775604614,73798.13775604614,1,1,1,1
589,2025,Predators,Avalanche,1,2,0.0,664605.9207996923,-664605.9207996923,664605.9207996923,0,1,1,1
590,2025,Hurricanes,Lightning,0,1,0.0,664605.9207996923,-664605.9207996923,664605.9207996923,0,0,1,0
591,2025,Golden Knights,Capitals,1,1,664605.9207996923,664605.9207996923,0.0,0.0,1,0,1,0
592,2025,Canadiens,Hurricanes,2,2,3092390.4328633845,2210801.1372313844,881589.2956320001,881589.2956320001,2,0,2,0
593,2025,Lightning,Sharks,2,2,957446.8085106383,581180.3981877203,376266.410322918,376266.410322918,1,1,1,1
594,2025,Sabres,Predators,1,1,889199.043875336,664605.9207996923,224593.12307564367,224593.12307564367,0,1,1,0
595,2025,Kings,Unknown,1,2,736724.2293864558,300439.32385459833,436284.9055318575,436284.9055318575,1,0,1,1
596,2025,Blackhawks,Bruins,1,1,69577.20770164579,664605.9207996923,-595028.7130980465,595028.7130980465,0,1,1,0
597,2025,Blue Jackets,Kraken,2,1,1329211.8415993846,664605.9207996923,664605.9207996923,664605.9207996923,2,0,1,0
598,2025,Kraken,Blue Jackets,1,2,664605.9207996923,1329211.8415993846,-664605.9207996923,664605.9207996923,1,0,2,0
599,2025,Lightning,Unknown,1,2,760520.2316276204,1441297.0607255548,-680776.8290979344,680776.8290979344,1,0,1,1
600,2025,Sharks,Devils,1,2,0.0,664605.9207996923,-664605.9207996923,664605.9207996923,0,1,1,1
601,2025,Red Wings,Blues,1,1,1448840.5370606864,664605.9207996923,784234.6162609941,784234.6162609941,0,1,1,0
602,2025,Lightning,Wild,1,1,1520393.4254886433,664605.9207996923,855787.5046889511,855787.5046889511,0,1,1,0
603,2025,Blue Jackets,Golden Knights,1,2,0.0,664605.9207996923,-664605.9207996923,664605.9207996923,0,1,1,1
604,2025,Sharks,Capitals,1,1,664605.9207996923,664605.9207996923,0.0,0.0,1,0,1,0
