trade_id,year,team_1,team_2,side_1_assets,side_2_assets,side_1_value,side_2_value,imbalance,abs_imbalance,side_1_picks,side_1_players,side_2_picks,side_2_players
1,2020,Senators,Sharks,1,5,-26948326.642687608,381688.25293490477,-27330014.895622514,27330014.895622514,0,1,2,3
2,2020,Hurricanes,Maple Leafs,1,2,664605.9207996923,2222794.474954827,-1558188.554155135,1558188.554155135,1,0,1,1
3,2020,Maple Leafs,Penguins,2,4,969825.616109499,10483818.729688317,-9513993.113578817,9513993.113578817,0,2,1,3
4,2020,Devils,Coyotes,2,2,-10227781.273810916,9519701.601032984,-19747482.8748439,19747482.8748439,0,2,0,2
5,2020,Rangers,Flames,2,1,3285780.141843972,2328333.3333333335,957446.8085106383,957446.8085106383,2,0,1,0
6,2020,Lightning,Canucks,1,1,0.0,957446.8085106383,-957446.8085106383,957446.8085106383,0,1,1,0
7,2020,Rangers,Hurricanes,1,1,-2453268.2345589893,2328333.3333333335,-4781601.567892322,4781601.567892322,0,1,1,0
8,2020,Flames,Capitals,1,2,2328333.3333333335,3285780.141843972,-957446.8085106383,957446.8085106383,1,0,2,0
9,2020,Ducks,Bruins,1,2,8358923.2028305875,2328333.3333333335,6030589.8694972545,6030589.8694972545,0,1,1,1
10,2020,Senators,Islanders,1,2,-7843850.02057888,2270162.5574605307,-10114012.578039411,10114012.578039411,0,1,2,0
11,2020,Sharks,Lightning,2,2,-10533414.38489198,2328333.3333333335,-12861747.718225313,12861747.718225313,1,1,1,1
12,2020,Sabres,Sharks,2,1,2688468.6539316922,1546195.2164316922,1142273.4375,1142273.4375,2,0,1,0
13,2020,Predators,Devils,1,3,0.0,2061498.8964223657,-2061498.8964223657,2061498.8964223657,0,1,2,1
14,2020,Sharks,Sabres,1,2,1546195.2164316922,2688468.6539316922,-1142273.4375,1142273.4375,1,0,2,0
15,2020,Hurricanes,Rangers,1,1,-1937605.1453050785,1546195.2164316922,-3483800.3617367707,3483800.3617367707,0,1,1,0
16,2020,Senators,Maple Leafs,2,1,2503642.0249423306,1546195.2164316922,957446.8085106383,957446.8085106383,2,0,1,0
17,2020,Red Wings,Oilers,2,3,-4736277.270535497,8453184.050230477,-13189461.320765974,13189461.320765974,0,2,2,1
18,2020,Golden Knights,"select 
Marc-Andre Fleury in expansion draft to Penguins",0,1,0.0,1546195.2164316922,-1546195.2164316922,1546195.2164316922,0,0,1,0
19,2020,Canadiens,Blackhawks,2,3,577918.1919997325,3043363.5794145484,-2465445.387414816,2465445.387414816,1,1,3,0
20,2020,Kings,Canucks,1,2,-1698336.7442248205,2409918.042518649,-4108254.7867434695,4108254.7867434695,0,1,2,0
21,2020,Senators,Blue Jackets,2,3,2446905.829493304,3882134.086969088,-1435228.257475784,1435228.257475784,1,1,2,1
22,2020,Red Wings,Capitals,2,2,-514531.5707133573,2733709.9605090707,-3248241.531222428,3248241.531222428,1,1,1,1
23,2020,Capitals,Avalanche,1,3,1419918.9931602925,2503642.0249423306,-1083723.031782038,1083723.031782038,0,1,2,1
24,2020,Canadiens,Blues,1,2,-8100381.844866497,2539476.4664316922,-10639858.31129819,10639858.31129819,0,1,2,0
25,2020,Senators,Islanders,1,2,-7843850.02057888,2270162.5574605307,-10114012.578039411,10114012.578039411,0,1,2,0
26,2020,Kings,Golden Knights,1,2,-7534573.935366342,2890712.7959375116,-10425286.731303854,10425286.731303854,0,1,2,0
27,2020,Golden Knights,Stars,1,1,0.0,1546195.2164316922,-1546195.2164316922,1546195.2164316922,0,1,1,0
28,2020,Maple Leafs,Senators,1,2,1546195.2164316922,2503642.0249423306,-957446.8085106383,957446.8085106383,1,0,2,0
29,2020,Red Wings,Sharks,1,1,-11675213.697942223,1546195.2164316922,-13221408.914373916,13221408.914373916,0,1,1,0
30,2020,Golden Knights,Devils,1,2,1147966.8157601883,2301964.3880164577,-1153997.5722562694,1153997.5722562694,0,1,2,0
31,2020,Hurricanes,Sabres,1,3,-25572013.125628136,3168247.9457420227,-28740261.07137016,28740261.07137016,0,1,3,0
32,2020,Predators,Wild,1,1,957446.8085106383,957446.8085106383,0.0,0.0,1,0,1,0
33,2020,Senators,Jets,1,1,5958789.365698101,957446.8085106383,5001342.557187462,5001342.557187462,0,1,1,0
34,2020,Flames,Rangers,1,2,2328333.3333333335,3285780.141843972,-957446.8085106383,957446.8085106383,1,0,2,0
35,2020,Avalanche,Maple Leafs,3,3,-4689508.107932443,2208365.7802791167,-6897873.8882115595,6897873.8882115595,1,2,1,2
36,2020,Sharks,Oilers,2,1,2130645.5305232555,957446.8085106383,1173198.7220126172,1173198.7220126172,2,0,1,0
37,2020,Blue Jackets,Canadiens,1,2,-15403242.46240655,624956.7047952476,-16028199.167201797,16028199.167201797,0,1,1,1
38,2020,Avalanche,Coyotes,1,2,0.0,1982700.7217340735,-1982700.7217340735,1982700.7217340735,0,1,1,1
39,2020,Blackhawks,Flames,1,1,15728578.608603954,957446.8085106383,14771131.800093316,14771131.800093316,0,1,1,0
40,2020,Senators,Blue Jackets,1,1,-5767359.792431988,957446.8085106383,-6724806.600942627,6724806.600942627,0,1,1,0
41,2020,Devils,Hurricanes,1,4,0.0,2792419.450158624,-2792419.450158624,2792419.450158624,0,1,2,2
42,2020,Sharks,Flyers,1,2,-737047.2609404622,2503642.0249423306,-3240689.285882793,3240689.285882793,0,1,2,0
43,2020,Canadiens,Capitals,1,1,-438938.65668132016,957446.8085106383,-1396385.4651919585,1396385.4651919585,0,1,1,0
44,2020,Panthers,Avalanche,2,1,7160107.262844449,957446.8085106383,6202660.45433381,6202660.45433381,1,1,1,0
45,2020,Rangers,Stars,1,0,-13102803.359946232,0.0,-13102803.359946232,13102803.359946232,0,1,0,0
46,2020,Lightning,Red Wings,1,1,-4304603.507354501,1142273.4374999998,-5446876.944854501,5446876.944854501,0,1,1,0
47,2020,Panthers,Senators,1,1,1093644.2976236395,1142273.4374999998,-48629.13987636031,48629.13987636031,0,1,1,0
48,2020,Canadiens,Sharks,1,1,1142273.4374999998,1142273.4374999998,0.0,0.0,1,0,1,0
49,2020,Red Wings,Kings,1,2,1546195.2164316922,2688468.6539316922,-1142273.4375,1142273.4375,1,0,2,0
50,2020,Canadiens,Ducks,1,1,-1370618.9587459466,1142273.4374999998,-2512892.396245946,2512892.396245946,0,1,1,0
51,2020,Sharks,Sabres,1,2,1546195.2164316922,2688468.6539316922,-1142273.4375,1142273.4375,1,0,2,0
52,2020,Predators,Wild,3,2,2669547.7912578275,-949482.6960603166,3619030.487318144,3619030.487318144,2,1,1,1
53,2020,Canadiens,Jets,0,2,0.0,1806879.3582996922,-1806879.3582996922,1806879.3582996922,0,0,2,0
54,2020,Flyers,Predators,1,1,-3777825.9775057114,10487605.708923971,-14265431.686429683,14265431.686429683,0,1,0,1
55,2020,Red Wings,Oilers,1,0,0.0,0.0,0.0,0.0,0,1,0,0
56,2020,Kings,Flames,1,0,402183.0944045121,0.0,402183.0944045121,402183.0944045121,0,1,0,0
57,2020,Lightning,Flyers,1,2,1142273.4374999998,2130645.5305232555,-988372.0930232557,988372.0930232557,1,0,2,0
58,2020,Devils,Bruins,1,2,5004795.648055026,2688468.6539316922,2316326.994123334,2316326.994123334,0,1,2,0
59,2020,Maple Leafs,Golden Knights,0,2,0.0,1142273.4374999998,-1142273.4374999998,1142273.4374999998,0,0,1,1
60,2020,Canadiens,Lightning,1,2,1546195.2164316922,2332889.6725290753,-786694.456097383,786694.456097383,1,0,2,0
61,2020,Golden Knights,Red Wings,1,1,863722.8260869565,988372.0930232557,-124649.26693629916,124649.26693629916,1,0,1,0
62,2020,Sharks,Senators,2,1,664605.9207996923,988372.0930232557,-323766.1722235634,323766.1722235634,1,1,1,0
63,2020,Rangers,Sharks,2,1,1329211.8415993846,988372.0930232557,340839.74857612886,340839.74857612886,2,0,1,0
64,2020,Red Wings,Wild,1,2,957446.8085106383,1945818.901533894,-988372.0930232557,988372.0930232557,1,0,2,0
65,2020,Flyers,Predators,2,1,1329211.8415993846,988372.0930232557,340839.74857612886,340839.74857612886,2,0,1,0
66,2020,Canadiens,Panthers,1,1,988372.0930232557,988372.0930232557,0.0,0.0,1,0,1,0
67,2020,Panthers,Maple Leafs,0,1,0.0,988372.0930232557,-988372.0930232557,988372.0930232557,0,0,1,0
68,2020,Avalanche,Penguins,2,1,1652978.013822948,988372.0930232557,664605.9207996924,664605.9207996924,2,0,1,0
69,2020,Hurricanes,Joel Edmundson to Canadiens,0,1,0.0,988372.0930232557,-988372.0930232557,988372.0930232557,0,0,1,0
70,2020,Blues,Hurricanes,2,1,-4563512.308642413,988372.0930232557,-5551884.401665668,5551884.401665668,1,1,1,0
71,2020,Lightning,Flyers,1,2,1142273.4374999998,2130645.5305232555,-988372.0930232557,988372.0930232557,1,0,2,0
72,2020,Penguins,Avalanche,1,2,988372.0930232557,1652978.013822948,-664605.9207996924,664605.9207996924,1,0,2,0
73,2020,Maple Leafs,Unknown,0,1,0.0,988372.0930232557,-988372.0930232557,988372.0930232557,0,0,1,0
74,2020,Senators,Lightning,1,2,664605.9207996923,988372.0930232557,-323766.1722235634,323766.1722235634,1,0,1,1
75,2020,Lightning,Senators,2,1,988372.0930232557,664605.9207996923,323766.1722235634,323766.1722235634,1,1,1,0
76,2020,Senators,Sharks,2,2,-4883077.527916487,664605.9207996923,-5547683.4487161795,5547683.4487161795,1,1,1,1
77,2020,Hurricanes,Kings,1,2,988372.0930232557,1242524.1127994247,-254152.01977616898,254152.01977616898,1,0,2,0
78,2020,Hurricanes,Sabres,1,3,-25572013.125628136,3168247.9457420227,-28740261.07137016,28740261.07137016,0,1,3,0
79,2020,Blues,Wild,1,2,988372.0930232557,1329211.8415993846,-340839.74857612886,340839.74857612886,1,0,2,0
80,2020,Avalanche,Panthers,1,2,957446.8085106383,7160107.262844449,-6202660.45433381,6202660.45433381,1,0,1,1
81,2020,Maple Leafs,Hurricanes,2,1,2222794.474954827,664605.9207996923,1558188.554155135,1558188.554155135,1,1,1,0
82,2020,Maple Leafs,Avalanche,3,3,2208365.7802791167,-4689508.107932443,6897873.8882115595,6897873.8882115595,1,2,1,2
83,2020,Oilers,Blues,1,0,0.0,0.0,0.0,0.0,0,1,0,0
84,2020,Canadiens,Senators,1,1,3823739.6203106074,664605.9207996923,3159133.699510915,3159133.699510915,0,1,1,0
85,2020,Maple Leafs,Sharks,1,1,0.0,664605.9207996923,-664605.9207996923,664605.9207996923,0,1,1,0
86,2020,Canucks,Ducks,1,2,8245444.667887258,405701.7202193978,7839742.94766786,7839742.94766786,0,1,1,1
87,2020,Coyotes,Devils,1,1,577918.1919997325,664605.9207996923,-86687.72879995976,86687.72879995976,1,0,1,0
88,2020,Blues,Wild,1,2,988372.0930232557,1329211.8415993846,-340839.74857612886,340839.74857612886,1,0,2,0
89,2020,Wild,Jets,1,1,0.0,664605.9207996923,-664605.9207996923,664605.9207996923,0,1,1,0
90,2020,Sharks,Rangers,1,2,988372.0930232557,1329211.8415993846,-340839.74857612886,340839.74857612886,1,0,2,0
91,2020,Rangers,Predators,1,1,0.0,664605.9207996923,-664605.9207996923,664605.9207996923,0,1,1,0
92,2020,Hurricanes,Maple Leafs,1,2,664605.9207996923,2222794.474954827,-1558188.554155135,1558188.554155135,1,0,1,1
93,2020,Sharks,Penguins,1,1,664605.9207996923,664605.9207996923,0.0,0.0,1,0,1,0
94,2020,Flyers,Canadiens,1,1,664605.9207996923,664605.9207996923,0.0,0.0,1,0,1,0
95,2020,Canadiens,Blackhawks,2,3,577918.1919997325,3043363.5794145484,-2465445.387414816,2465445.387414816,1,1,3,0
96,2020,Rangers,Canucks,0,1,0.0,664605.9207996923,-664605.9207996923,664605.9207996923,0,0,1,0
97,2020,Ducks,Blue Jackets,0,1,0.0,664605.9207996923,-664605.9207996923,664605.9207996923,0,0,1,0
98,2020,Predators,Flyers,1,2,988372.0930232557,1329211.8415993846,-340839.74857612886,340839.74857612886,1,0,2,0
99,2020,Sharks,Capitals,1,2,988372.0930232557,1329211.8415993846,-340839.74857612886,340839.74857612886,1,0,2,0
100,2020,Penguins,Avalanche,1,2,988372.0930232557,1652978.013822948,-664605.9207996924,664605.9207996924,1,0,2,0
101,2020,Maple Leafs,Blues,1,1,664605.9207996923,664605.9207996923,0.0,0.0,1,0,1,0
102,2020,Maple Leafs,Bruins,1,1,577918.1919997325,664605.9207996923,-86687.72879995976,86687.72879995976,1,0,1,0
103,2020,Sabres,Stars,1,1,60954.01670117575,664605.9207996923,-603651.9040985166,603651.9040985166,0,1,1,0
104,2021,Coyotes,Canucks,2,6,-4288208.100456605,-4628541.247570041,340333.1471134359,340333.1471134359,0,2,3,3
105,2021,Blue Jackets,Blackhawks,3,3,-7927959.08315109,2641009.2635671366,-10568968.346718226,10568968.346718226,2,1,2,1
106,2021,Sabres,Flyers,1,3,-399703.08449237095,2411221.1747542988,-2810924.2592466697,2810924.2592466697,0,1,2,1
107,2021,Red Wings,Stars,3,1,4862900.642788282,2328333.3333333335,2534567.309454948,2534567.309454948,3,0,1,0
108,2021,Wild,Oilers,2,1,3285780.141843972,2328333.3333333335,957446.8085106383,957446.8085106383,2,0,1,0
109,2021,Oilers,Wild,1,2,2328333.3333333335,3285780.141843972,-957446.8085106383,957446.8085106383,1,0,2,0
110,2021,Red Wings,Capitals,1,4,-5365884.084469402,-3794488.9987268285,-1571395.0857425737,1571395.0857425737,0,1,2,2
111,2021,Blue Jackets,Unknown,0,2,0.0,3321614.5833333335,-3321614.5833333335,3321614.5833333335,0,0,2,0
112,2021,Wild,Penguins,1,1,-2112746.8789921664,-1459691.3827397018,-653055.4962524646,653055.4962524646,0,1,0,1
113,2021,Predators,Hurricanes,2,1,3092390.4328633845,2328333.3333333335,764057.099530051,764057.099530051,2,0,1,0
114,2021,Devils,Islanders,2,3,2943619.7112707114,3470606.770833333,-526987.0595626216,526987.0595626216,0,2,2,1
115,2021,Blue Jackets,Unknown,0,2,0.0,3160895.7755164974,-3160895.7755164974,3160895.7755164974,0,0,2,0
116,2021,Golden Knights,Devils,1,2,2454213.8132616063,2503642.0249423306,-49428.211680724286,49428.211680724286,0,1,2,0
117,2021,Senators,Blue Jackets,2,3,3453676.4483902375,4241028.603667236,-787352.1552769984,787352.1552769984,1,1,2,1
118,2021,Golden Knights,Red Wings,1,2,1546195.2164316922,2688468.6539316922,-1142273.4375,1142273.4375,1,0,2,0
119,2021,Senators,Sharks,1,5,-22136823.695256114,-1580709.5615026369,-20556114.13375348,20556114.13375348,0,1,2,3
120,2021,Predators,Kings,1,2,-405463.50754714024,2378757.658614856,-2784221.1661619963,2784221.1661619963,0,1,2,0
121,2021,Kings,Senators,2,1,2534567.3094549477,1546195.2164316922,988372.0930232555,988372.0930232555,2,0,1,0
122,2021,Blue Jackets,Blackhawks,3,3,-7927959.08315109,2641009.2635671366,-10568968.346718226,10568968.346718226,2,1,2,1
123,2021,Red Wings,Unknown,0,2,0.0,1910709.612187983,-1910709.612187983,1910709.612187983,0,0,1,1
124,2021,Sabres,Blues,1,3,3610745.5028543393,9919476.81238609,-6308731.30953175,6308731.30953175,0,1,1,2
125,2021,Hurricanes,Predators,1,2,2328333.3333333335,3092390.4328633845,-764057.099530051,764057.099530051,1,0,2,0
126,2021,Red Wings,Oilers,2,3,-3683402.9919886,9005912.132385213,-12689315.124373812,12689315.124373812,0,2,2,1
127,2021,Sabres,Bruins,2,2,-5326384.151108201,3043027.7859846046,-8369411.937092805,8369411.937092805,0,2,1,1
128,2021,Kings,Hurricanes,2,1,2099720.246010638,1546195.2164316922,553525.0295789456,553525.0295789456,2,0,1,0
129,2021,Islanders,Avalanche,1,2,-2276500.7013927517,2890712.7959375116,-5167213.497330263,5167213.497330263,0,1,2,0
130,2021,Devils,Islanders,1,1,-1886797.6781009594,1546195.2164316922,-3432992.8945326516,3432992.8945326516,0,1,1,0
131,2021,Blackhawks,Unknown,2,2,1307603.2490570683,2378757.658614856,-1071154.409557788,1071154.409557788,1,1,2,0
132,2021,Canadiens,Lightning,1,2,1546195.2164316922,2534567.3094549477,-988372.0930232555,988372.0930232555,1,0,2,0
133,2021,Rangers,Sabres,1,1,3362773.121875985,957446.8085106383,2405326.3133653468,2405326.3133653468,0,1,1,0
134,2021,Blues,Sharks,2,1,1622052.7293103305,957446.8085106383,664605.9207996922,664605.9207996922,2,0,1,0
135,2021,Hurricanes,Kings,1,2,1546195.2164316922,2099720.246010638,-553525.0295789456,553525.0295789456,1,0,2,0
136,2021,Stars,Canucks,1,1,2195643.9980516136,957446.8085106383,1238197.1895409753,1238197.1895409753,0,1,1,0
137,2021,Devils,Coyotes,2,2,-10433329.771682337,7274350.68602178,-17707680.457704116,17707680.457704116,0,2,0,2
138,2021,Canadiens,Blackhawks,2,3,664605.9207996923,3168247.9457420227,-2503642.0249423306,2503642.0249423306,1,1,3,0
139,2021,Capitals,Rangers,1,2,957446.8085106383,1622052.7293103305,-664605.9207996922,664605.9207996922,1,0,2,0
140,2021,Sharks,Blues,1,2,957446.8085106383,1622052.7293103305,-664605.9207996922,664605.9207996922,1,0,2,0
141,2021,Hurricanes,Predators,1,2,957446.8085106383,1945818.901533894,-988372.0930232557,988372.0930232557,1,0,2,0
142,2021,Flames,Oilers,1,2,-2299236.184742845,1914893.6170212766,-4214129.801764121,4214129.801764121,0,1,2,0
143,2021,Sharks,Capitals,1,1,-13321020.39860636,1546195.2164316922,-14867215.615038052,14867215.615038052,0,1,1,0
144,2021,Sabres,Panthers,1,1,-788913.3363320404,957446.8085106383,-1746360.1448426787,1746360.1448426787,0,1,1,0
145,2021,Kings,Maple Leafs,1,4,792983.0203895763,2473884.3390525435,-1680901.318662967,1680901.318662967,0,1,3,1
146,2021,Sharks,Penguins,1,0,831917.6363423821,0.0,831917.6363423821,831917.6363423821,0,1,0,0
147,2021,Blackhawks,Hurricanes,1,1,832562.4421831638,957446.8085106383,-124884.36632747448,124884.36632747448,1,0,1,0
148,2021,Red Wings,Golden Knights,1,3,-4931090.730170249,4831975.358275664,-9763066.088445913,9763066.088445913,0,1,3,0
149,2021,Sabres,Canadiens,1,2,2433452.536900891,1945818.901533894,487633.635366997,487633.635366997,0,1,2,0
150,2021,Golden Knights,Red Wings,2,1,2130645.5305232555,1142273.4374999998,988372.0930232557,988372.0930232557,2,0,1,0
151,2021,Rangers,Kings,1,1,-2167390.2990043866,1142273.4374999998,-3309663.736504386,3309663.736504386,0,1,1,0
152,2021,Blackhawks,Canucks,2,1,2177794.17634057,1142273.4374999998,1035520.7388405704,1035520.7388405704,1,1,1,0
153,2021,Rangers,Senators,1,1,4134935.765028741,1142273.4374999998,2992662.327528741,2992662.327528741,0,1,1,0
154,2021,Kings,Flames,1,0,3086510.998215537,0.0,3086510.998215537,3086510.998215537,0,1,0,0
155,2021,Canadiens,Blues,1,2,-6075203.933020392,2688468.6539316922,-8763672.586952085,8763672.586952085,0,1,2,0
156,2021,Golden Knights,Jets,1,0,-1173314.3257933473,0.0,-1173314.3257933473,1173314.3257933473,0,1,0,0
157,2021,Sharks,Unknown,0,1,0.0,1142273.4374999998,-1142273.4374999998,1142273.4374999998,0,0,1,0
158,2021,Coyotes,Penguins,1,2,4449112.589323613,1142273.4374999998,3306839.151823613,3306839.151823613,0,1,1,1
159,2021,Senators,Hurricanes,2,1,1652978.013822948,1142273.4374999998,510704.5763229483,510704.5763229483,2,0,1,0
160,2021,Senators,Avalanche,1,1,4134935.765028741,1142273.4374999998,2992662.327528741,2992662.327528741,0,1,1,0
161,2021,Canadiens,Golden Knights,1,1,2627800.0833123336,1142273.4374999998,1485526.6458123338,1485526.6458123338,0,1,1,0
162,2021,Wild,Canadiens,2,1,1652978.013822948,1142273.4374999998,510704.5763229483,510704.5763229483,2,0,1,0
163,2021,Red Wings,Unknown,0,1,0.0,1142273.4374999998,-1142273.4374999998,1142273.4374999998,0,0,1,0
164,2021,Devils,Sabres,1,0,267698.6394081455,0.0,267698.6394081455,267698.6394081455,0,1,0,0
165,2021,Blue Jackets,Devils,1,1,-696310.1796879638,988372.0930232557,-1684682.2727112195,1684682.2727112195,0,1,1,0
166,2021,Senators,Kings,1,2,1546195.2164316922,2534567.3094549477,-988372.0930232555,988372.0930232555,1,0,2,0
167,2021,Canadiens,Senators,1,1,618201.2223939011,988372.0930232557,-370170.8706293546,370170.8706293546,0,1,1,0
168,2021,Canucks,Blackhawks,1,2,1142273.4374999998,2177794.17634057,-1035520.7388405704,1035520.7388405704,1,0,1,1
169,2021,Canadiens,Flyers,1,1,457310.8921210794,988372.0930232557,-531061.2009021763,531061.2009021763,0,1,1,0
170,2021,Hurricanes,Predators,1,2,957446.8085106383,1945818.901533894,-988372.0930232557,988372.0930232557,1,0,2,0
171,2021,Senators,Oilers,1,1,4010410.524146019,988372.0930232557,3022038.431122763,3022038.431122763,0,1,1,0
172,2021,Canadiens,Wild,1,2,1142273.4374999998,1652978.013822948,-510704.5763229483,510704.5763229483,1,0,2,0
173,2021,Golden Knights,Hurricanes,1,2,5784668.975891933,830934.4639025799,4953734.511989353,4953734.511989353,0,1,1,1
174,2021,Sharks,Avalanche,0,2,0.0,1813800.8116694363,-1813800.8116694363,1813800.8116694363,0,0,1,1
175,2021,Capitals,Golden Knights,1,1,7408899.723400685,988372.0930232557,6420527.63037743,6420527.63037743,0,1,1,0
176,2021,Sabres,Canadiens,1,2,2433452.536900891,1945818.901533894,487633.635366997,487633.635366997,0,1,2,0
177,2021,Flames,Kings,1,2,957446.8085106383,1622052.7293103305,-664605.9207996922,664605.9207996922,1,0,2,0
178,2021,Hurricanes,Senators,1,2,1142273.4374999998,1652978.013822948,-510704.5763229483,510704.5763229483,1,0,2,0
179,2021,Capitals,Rangers,1,2,957446.8085106383,1622052.7293103305,-664605.9207996922,664605.9207996922,1,0,2,0
180,2021,Sharks,Blues,1,2,957446.8085106383,1622052.7293103305,-664605.9207996922,664605.9207996922,1,0,2,0
181,2021,Canucks,Jets,1,1,-2784721.2710011555,664605.9207996923,-3449327.1918008476,3449327.1918008476,0,1,1,0
182,2021,Oilers,Penguins,1,1,-2534877.0644752607,664605.9207996923,-3199482.985274953,3199482.985274953,0,1,1,0
183,2021,Sabres,Avalanche,0,1,0.0,664605.9207996923,-664605.9207996923,664605.9207996923,0,0,1,0
184,2021,Penguins,Ducks,1,2,-482734.3484074478,664605.9207996923,-1147340.26920714,1147340.26920714,0,1,1,1
185,2021,Lightning,Devils,0,1,0.0,664605.9207996923,-664605.9207996923,664605.9207996923,0,0,1,0
186,2021,Blues,Red Wings,1,1,664605.9207996923,664605.9207996923,0.0,0.0,1,0,1,0
187,2021,Hurricanes,Kings,1,2,988372.0930232557,1329211.8415993846,-340839.74857612886,340839.74857612886,1,0,2,0
188,2021,Devils,Coyotes,1,1,664605.9207996923,664605.9207996923,0.0,0.0,1,0,1,0
189,2021,Hurricanes,Blues,2,2,-4181813.981496837,-3740287.4261320485,-441526.5553647885,441526.5553647885,1,1,1,1
190,2021,Panthers,Jets,1,1,0.0,664605.9207996923,-664605.9207996923,664605.9207996923,0,1,1,0
191,2021,Lightning,Predators,0,1,0.0,664605.9207996923,-664605.9207996923,664605.9207996923,0,0,1,0
192,2021,Canadiens,Wild,1,2,1142273.4374999998,1652978.013822948,-510704.5763229483,510704.5763229483,1,0,2,0
193,2021,Penguins,Capitals,1,1,664605.9207996923,664605.9207996923,0.0,0.0,1,0,1,0
194,2021,Blackhawks,Panthers,2,3,420232.53011814505,-1360121.5307009495,1780354.0608190945,1780354.0608190945,0,2,1,2
195,2021,Bruins,Maple Leafs,1,1,664605.9207996923,664605.9207996923,0.0,0.0,1,0,1,0
196,2021,Blackhawks,Canadiens,3,2,3168247.9457420227,664605.9207996923,2503642.0249423306,2503642.0249423306,3,0,1,1
197,2022,Blue Jackets,Blackhawks,3,3,-8002669.087698345,2164509.685066619,-10167178.772764964,10167178.772764964,2,1,2,1
198,2022,Blackhawks,Senators,1,3,-1995373.2604072408,4598495.890793864,-6593869.151201105,6593869.151201105,0,1,3,0
199,2022,Coyotes,Sharks,3,1,5420723.766196718,2328333.3333333335,3092390.432863385,3092390.432863385,3,0,1,0
200,2022,Canadiens,Islanders,2,1,-1092414.6426383418,2328333.3333333335,-3420747.9759716755,3420747.9759716755,1,1,1,0
201,2022,Sabres,Golden Knights,1,2,-10526963.034708021,6111521.912696744,-16638484.947404765,16638484.947404765,0,1,0,2
202,2022,Wild,Kings,1,2,-7014267.208206579,9965030.645999188,-16979297.854205765,16979297.854205765,0,1,1,1
203,2022,Ducks,Bruins,1,5,-3467628.2481733477,6749847.639475537,-10217475.887648884,10217475.887648884,0,1,3,2
204,2022,Blackhawks,Maple Leafs,1,1,1546195.2164316922,2328333.3333333335,-782138.1169016412,782138.1169016412,1,0,1,0
205,2022,Canadiens,Flames,1,4,-1111287.895677589,5212425.00842602,-6323712.904103609,6323712.904103609,0,1,3,1
207,2022,Coyotes,Oilers,1,4,2328333.3333333335,668991.5376924947,1659341.7956408388,1659341.7956408388,1,0,3,1
208,2022,Jets,Rangers,2,2,-4498126.957291849,3941740.1726414887,-8439867.129933339,8439867.129933339,1,1,1,1
209,2022,Coyotes,Avalanche,0,3,0.0,6365016.980588562,-6365016.980588562,6365016.980588562,0,0,2,1
210,2022,Sharks,Coyotes,1,3,2328333.3333333335,5420723.766196718,-3092390.432863385,3092390.432863385,1,0,3,0
211,2022,Coyotes,Unknown,0,3,0.0,4548474.284827506,-4548474.284827506,4548474.284827506,0,0,2,1
212,2022,Capitals,Devils,1,2,1546195.2164316922,2503642.0249423306,-957446.8085106383,957446.8085106383,1,0,2,0
213,2022,Maple Leafs,Blackhawks,1,1,2328333.3333333335,1546195.2164316922,782138.1169016412,782138.1169016412,1,0,1,0
214,2022,Blackhawks,Senators,1,3,-1995373.2604072408,4598495.890793864,-6593869.151201105,6593869.151201105,0,1,3,0
215,2022,Coyotes,Sharks,1,1,664605.9207996923,1546195.2164316922,-881589.295632,881589.295632,1,0,1,0
216,2022,Coyotes,Unknown,0,4,0.0,3924952.8750465484,-3924952.8750465484,3924952.8750465484,0,0,3,1
217,2022,Capitals,Jets,1,2,-10778063.369407952,2890712.7959375116,-13668776.165345464,13668776.165345464,0,1,2,0
218,2022,Coyotes,Canucks,2,6,-279228.00597169925,17925.694006498437,-297153.6999781977,297153.6999781977,0,2,3,3
219,2022,Kraken,Predators,1,1,630246.4021278009,1546195.2164316922,-915948.8143038914,915948.8143038914,0,1,1,0
220,2022,Red Wings,Capitals,1,4,-3526235.0044635087,-2802429.9996308945,-723805.0048326142,723805.0048326142,0,1,2,2
221,2022,Ducks,Penguins,1,3,4920698.575597599,1812039.7378162653,3108658.837781334,3108658.837781334,0,1,1,2
222,2022,Rangers,Blues,1,2,-4412546.571505576,1713580.9235173026,-6126127.495022879,6126127.495022879,0,1,1,1
224,2022,Kraken,Maple Leafs,2,3,3857646.1967476835,3614680.1369663496,242966.0597813339,242966.0597813339,0,2,3,0
225,2022,Flames,Panthers,2,2,411022.3532847619,1546195.2164316922,-1135172.8631469305,1135172.8631469305,1,1,1,1
226,2022,Canadiens,Oilers,1,1,2418954.5990079604,502537.558260637,1916417.0407473235,1916417.0407473235,0,1,1,0
227,2022,Senators,Lightning,1,3,0.0,3604528.6660810853,-3604528.6660810853,3604528.6660810853,0,1,1,2
228,2022,Islanders,Avalanche,1,2,-2595464.1543000215,3092390.4328633845,-5687854.5871634055,5687854.5871634055,0,1,2,0
229,2022,Blackhawks,Canadiens,1,2,44732.73437429336,3285780.141843972,-3241047.4074696787,3241047.4074696787,0,1,2,0
230,2022,Capitals,Devils,1,2,1546195.2164316922,2503642.0249423306,-957446.8085106383,957446.8085106383,1,0,2,0
231,2022,Hurricanes,Blackhawks,1,1,957446.8085106383,957446.8085106383,0.0,0.0,1,0,1,0
232,2022,Blues,Red Wings,0,1,0.0,957446.8085106383,-957446.8085106383,957446.8085106383,0,0,1,0
233,2022,Canadiens,Ducks,1,1,957446.8085106383,957446.8085106383,0.0,0.0,1,0,1,0
234,2022,Jets,"Blue 
Jackets",2,2,-11817423.657225706,-6496466.070091199,-5320957.587134507,5320957.587134507,0,2,1,1
235,2022,Canucks,Jets,1,1,-6672294.347614564,957446.8085106383,-7629741.156125203,7629741.156125203,0,1,1,0
236,2022,Golden Knights,Canucks,1,1,-6672294.347614564,957446.8085106383,-7629741.156125203,7629741.156125203,0,1,1,0
237,2022,Blackhawks,Unknown,2,2,2007382.7246343554,2503642.0249423306,-496259.30030797515,496259.30030797515,1,1,2,0
238,2022,Predators,Kings,1,2,-243596.62814251232,2503642.0249423306,-2747238.653084843,2747238.653084843,0,1,2,0
239,2022,Kings,Penguins,1,0,-2081919.96807315,0.0,-2081919.96807315,2081919.96807315,0,1,0,0
240,2022,Senators,Bruins,1,1,850254.1977472577,957446.8085106383,-107192.61076338065,107192.61076338065,0,1,1,0
241,2022,Flames,Maple Leafs,0,1,0.0,957446.8085106383,-957446.8085106383,957446.8085106383,0,0,1,0
242,2022,Bruins,Flames,0,1,0.0,957446.8085106383,-957446.8085106383,957446.8085106383,0,0,1,0
243,2022,Blackhawks,Oilers,1,1,0.0,4937536.408431169,-4937536.408431169,4937536.408431169,0,1,0,1
244,2022,Golden Knights,Rangers,1,1,-3197365.0956712104,957446.8085106383,-4154811.9041818487,4154811.9041818487,0,1,1,0
245,2022,Blue Jackets,Unknown,0,2,0.0,3285780.141843972,-3285780.141843972,3285780.141843972,0,0,2,0
246,2022,Rangers,Avalanche,0,3,0.0,2778381.3437170577,-2778381.3437170577,2778381.3437170577,0,0,3,0
247,2022,Islanders,Canadiens,1,2,2328333.3333333335,-1092414.6426383418,3420747.9759716755,3420747.9759716755,1,0,1,1
248,2022,Jets,Nathan Smith to Coyotes,1,1,-1460616.9395416332,1142273.4374999998,-2602890.3770416332,2602890.3770416332,0,1,1,0
249,2022,Hurricanes,Flyers,2,3,11839644.187916031,3143981.600992572,8695662.58692346,8695662.58692346,1,1,3,0
250,2022,Lightning,Blackhawks,2,3,3807229.9426641506,8076544.63027125,-4269314.6876071,4269314.6876071,0,2,2,1
251,2022,Devils,Islanders,2,3,3377329.169476615,3470606.770833333,-93277.60135671822,93277.60135671822,0,2,2,1
252,2022,Golden Knights,Jets,1,1,-971042.5769113315,1142273.4374999998,-2113316.014411331,2113316.014411331,0,1,1,0
253,2022,Red Wings,Golden Knights,1,1,988372.0930232557,1142273.4374999998,-153901.34447674407,153901.34447674407,1,0,1,0
254,2022,Kraken,Capitals,1,3,8114682.250762928,6700081.399864765,1414600.8508981634,1414600.8508981634,0,1,2,1
255,2022,Blue Jackets,Unknown,0,2,0.0,3470606.770833333,-3470606.770833333,3470606.770833333,0,0,2,0
256,2022,Kraken,Flames,1,1,1544163.4140542482,1142273.4374999998,401889.9765542485,401889.9765542485,0,1,1,0
257,2022,Devils,Oilers,1,0,4352590.4118317515,0.0,4352590.4118317515,4352590.4118317515,0,1,0,0
258,2022,Panthers,Rangers,1,1,-7769685.491588337,1142273.4374999998,-8911958.929088337,8911958.929088337,0,1,1,0
259,2022,Canadiens,Lightning,1,1,1142273.4374999998,1142273.4374999998,0.0,0.0,1,0,1,0
260,2022,Red Wings,Avalanche,1,1,-2090838.0121586528,1142273.4374999998,-3233111.449658653,3233111.449658653,0,1,1,0
261,2022,Bruins,Kraken,1,2,957446.8085106383,2130645.5305232555,-1173198.7220126172,1173198.7220126172,1,0,2,0
262,2022,Sabres,Unknown,0,2,0.0,2258466.9398782314,-2258466.9398782314,2258466.9398782314,0,0,1,1
263,2022,Golden Knights,Unknown,3,3,3492014.1179655865,3279488.3857057746,212525.73225981183,212525.73225981183,3,0,1,2
264,2022,Golden Knights,Sabres,1,2,410749.53703110025,2534567.3094549477,-2123817.7724238476,2123817.7724238476,0,1,2,0
265,2022,Wild,Sharks,1,1,664605.9207996923,988372.0930232557,-323766.1722235634,323766.1722235634,1,0,1,0
266,2022,Devils,Blue Jackets,0,1,0.0,988372.0930232557,-988372.0930232557,988372.0930232557,0,0,1,0
267,2022,Senators,Jets,1,1,1423663.7606367338,988372.0930232557,435291.66761347814,435291.66761347814,0,1,1,0
268,2022,Senators,Bruins,1,2,1120849.0304608415,1822922.862742016,-702073.8322811746,702073.8322811746,0,1,1,1
269,2022,Ducks,Maple Leafs,1,1,5378814.509320807,988372.0930232557,4390442.416297551,4390442.416297551,0,1,1,0
270,2022,Rangers,Avalanche,0,3,0.0,2778381.3437170577,-2778381.3437170577,2778381.3437170577,0,0,3,0
271,2022,Penguins,Liam Gorman to Blackhawks,0,1,0.0,664605.9207996923,-664605.9207996923,664605.9207996923,0,0,1,0
272,2022,Lightning,Red Wings,1,1,-253040.9905336653,664605.9207996923,-917646.9113333576,917646.9113333576,0,1,1,0
273,2022,Hurricanes,Ducks,1,2,5387743.401594384,260969.31228471012,5126774.089309674,5126774.089309674,0,1,1,1
274,2022,Blackhawks,Blue Jackets,3,3,2164509.685066619,-8002669.087698345,10167178.772764964,10167178.772764964,2,1,2,1
275,2022,Ducks,Predators,1,2,0.0,-2561816.5998616917,2561816.5998616917,2561816.5998616917,0,1,1,1
276,2022,Blue Jackets,Maple Leafs,1,0,4088855.5898140213,0.0,4088855.5898140213,4088855.5898140213,0,1,0,0
277,2022,Panthers,Flames,2,2,1546195.2164316922,411022.3532847619,1135172.8631469305,1135172.8631469305,1,1,1,1
278,2022,Blackhawks,Hurricanes,1,1,577918.1919997325,664605.9207996923,-86687.72879995976,86687.72879995976,1,0,1,0
279,2022,Sharks,Coyotes,1,1,1546195.2164316922,664605.9207996923,881589.295632,881589.295632,1,0,1,0
280,2022,Bruins,Senators,2,1,1822922.862742016,1120849.0304608415,702073.8322811746,702073.8322811746,1,1,0,1
281,2022,Blue Jackets,Ducks,1,0,664605.9207996923,0.0,664605.9207996923,664605.9207996923,1,0,0,0
282,2022,Senators,Sharks,1,1,194722.49332428962,664605.9207996923,-469883.42747540266,469883.42747540266,0,1,1,0
283,2022,Hurricanes,Blue Jackets,1,1,0.0,664605.9207996923,-664605.9207996923,664605.9207996923,0,1,1,0
284,2022,Senators,Islanders,1,1,2242811.9928298555,664605.9207996923,1578206.0720301634,1578206.0720301634,0,1,1,0
285,2022,Sabres,Unknown,0,1,0.0,664605.9207996923,-664605.9207996923,664605.9207996923,0,0,1,0
286,2022,Red Wings,Kings,1,1,2815315.8632454677,664605.9207996923,2150709.9424457755,2150709.9424457755,0,1,1,0
287,2022,Panthers,Penguins,1,1,577918.1919997325,664605.9207996923,-86687.72879995976,86687.72879995976,1,0,1,0
288,2022,Kings,Bruins,1,1,577918.1919997325,664605.9207996923,-86687.72879995976,86687.72879995976,1,0,1,0
289,2022,Canadiens,Blues,2,1,1622052.7293103305,664605.9207996923,957446.8085106382,957446.8085106382,2,0,1,0
290,2022,Sharks,Wild,1,1,988372.0930232557,664605.9207996923,323766.1722235634,323766.1722235634,1,0,1,0
291,2022,Flyers,Hurricanes,3,2,3143981.600992572,11839644.187916031,-8695662.58692346,8695662.58692346,3,0,1,1
292,2022,Lightning,Rangers,1,1,-11866449.286013871,664605.9207996923,-12531055.206813565,12531055.206813565,0,1,1,0
293,2023,Coyotes,Senators,1,1,4001179.3553445768,1016648.453312529,2984530.9020320475,2984530.9020320475,0,1,1,0
294,2023,Canucks,Islanders,1,2,-3142081.104618423,2734677.0951782833,-5876758.199796706,5876758.199796706,0,1,0,2
295,2023,Blackhawks,Lightning,3,2,4766796.897946171,3584042.953064021,1182753.9448821503,1182753.9448821503,2,1,0,2
296,2023,Blue Jackets,Kings,1,1,-2193714.230967644,832562.4421831638,-3026276.673150808,3026276.673150808,0,1,1,0
297,2023,Predators,Oilers,2,4,-4701853.663236304,5588074.004105252,-10289927.667341556,10289927.667341556,1,1,2,2
298,2023,Blues,Unknown,1,4,4273373.447874629,7441593.980673397,-3168220.532798768,3168220.532798768,0,1,3,1
299,2023,Sharks,Devils,4,5,-5776123.571460724,3202888.3424794087,-8979011.913940132,8979011.913940132,1,3,2,3
300,2023,Capitals,Unknown,1,4,-5013048.098214893,4059556.808742419,-9072604.906957312,9072604.906957312,0,1,3,1
301,2023,Rangers,Stars,1,0,3384338.9662833167,0.0,3384338.9662833167,3384338.9662833167,0,1,0,0
302,2023,Canadiens,Panthers,1,1,-3171680.595689116,1142273.4374999998,-4313954.033189116,4313954.033189116,0,1,1,0
303,2023,Avalanche,Canadiens,1,2,3019816.0212299046,3874528.5497650257,-854712.5285351211,854712.5285351211,0,1,2,0
304,2023,Sabres,Flyers,1,3,285540.6367671808,4333013.214474892,-4047472.5777077116,4047472.5777077116,0,1,2,1
305,2023,Red Wings,Blues,2,3,229067.3119151231,5652294.54392677,-5423227.232011647,5423227.232011647,0,2,1,2
306,2023,Red Wings,Canucks,2,1,-1539858.8502518937,1546195.2164316922,-3086054.0666835858,3086054.0666835858,1,1,1,0
307,2023,Blackhawks,Unknown,0,3,0.0,2297258.543463828,-2297258.543463828,2297258.543463828,0,0,2,1
308,2023,Predators,Penguins,1,1,3198018.0108757783,1546195.2164316922,1651822.794444086,1651822.794444086,0,1,1,0
309,2023,Red Wings,Predators,1,2,1546195.2164316922,2534567.3094549477,-988372.0930232555,988372.0930232555,1,0,2,0
310,2023,Capitals,Jets,1,2,-8176485.664463475,3092390.4328633845,-11268876.09732686,11268876.09732686,0,1,2,0
311,2023,Blackhawks,Brent Seabrook to Lightning,0,2,0.0,1546195.2164316922,-1546195.2164316922,1546195.2164316922,0,0,1,1
312,2023,Blackhawks,Unknown,1,2,4097486.3363033794,863722.8260869565,3233763.510216423,3233763.510216423,0,1,1,1
313,2023,Kraken,Maple Leafs,2,3,3066853.5082034473,3924952.8750465484,-858099.3668431011,858099.3668431011,0,2,3,0
314,2023,Ducks,Avalanche,1,2,-2973668.98778213,1546195.2164316922,-4519864.204213822,4519864.204213822,0,1,1,1
315,2023,Ducks,Bruins,1,5,-2159723.74089986,9448988.159585066,-11608711.900484927,11608711.900484927,0,1,3,2
316,2023,Sabres,Golden Knights,1,2,-7496969.56458419,5834156.238974386,-13331125.803558577,13331125.803558577,0,1,0,2
317,2023,Predators,Sharks,1,2,-1346776.2922518968,406882.4885803547,-1753658.7808322515,1753658.7808322515,0,1,1,1
318,2023,Hurricanes,Flyers,2,3,8520144.387534108,3444237.8255164577,5075906.56201765,5075906.56201765,1,1,3,0
319,2023,Coyotes,Capitals,1,1,0.0,957446.8085106383,-957446.8085106383,957446.8085106383,0,1,1,0
320,2023,Maple Leafs,Unknown,0,3,0.0,1535365.0005103708,-1535365.0005103708,1535365.0005103708,0,0,2,1
321,2023,Golden Knights,Sabres,2,1,5834156.238974386,-7496969.56458419,13331125.803558577,13331125.803558577,0,2,0,1
322,2023,Kings,Penguins,1,0,-1009520.9883397366,0.0,-1009520.9883397366,1009520.9883397366,0,1,0,0
323,2023,Stars,Predators,2,1,1410480.6341828965,957446.8085106383,453033.82567225816,453033.82567225816,2,0,1,0
324,2023,Kraken,Flames,1,3,-581856.976944735,3081560.216942063,-3663417.193886798,3663417.193886798,0,1,3,0
325,2023,Coyotes,Unknown,0,4,0.0,4049837.241374023,-4049837.241374023,4049837.241374023,0,0,3,1
326,2023,Predators,Lightning,1,6,-2590226.720630395,6193164.423895732,-8783391.144526128,8783391.144526128,0,1,5,1
327,2023,Ducks,Wild,1,1,-1616861.2172722288,957446.8085106383,-2574308.0257828673,2574308.0257828673,0,1,1,0
328,2023,Sabres,Erik Portillo to Kings,0,1,0.0,957446.8085106383,-957446.8085106383,957446.8085106383,0,0,1,0
329,2023,Flyers,Rangers,1,1,418692.2947726757,957446.8085106383,-538754.5137379626,538754.5137379626,0,1,1,0
330,2023,Coyotes,Oilers,2,2,3713888.3881196836,1639799.5379103897,2074088.850209294,2074088.850209294,0,2,1,1
331,2023,Canucks,Maple Leafs,1,1,-1858549.1805203394,957446.8085106383,-2815995.9890309777,2815995.9890309777,0,1,1,0
332,2023,Penguins,Devils,1,2,-960812.0239573776,2366506.042726486,-3327318.0666838638,3327318.0666838638,0,1,1,1
333,2023,Rangers,Avalanche,0,3,0.0,2903265.710044532,-2903265.710044532,2903265.710044532,0,0,3,0
335,2023,Sharks,Hurricanes,2,2,1900818.1427445104,2807248.0407457096,-906429.8980011991,906429.8980011991,0,2,1,1
336,2023,Flyers,Panthers,4,2,-162436.85465640773,1488670.104690808,-1651106.959347216,1651106.959347216,1,3,1,1
337,2023,Hurricanes,Sharks,1,2,957446.8085106383,2099720.246010638,-1142273.4374999995,1142273.4374999995,1,0,2,0
338,2023,Canucks,Red Wings,1,2,1546195.2164316922,-1539858.8502518937,3086054.0666835858,3086054.0666835858,1,0,1,1
339,2023,Canadiens,Penguins,2,2,-2610977.4303198145,4480351.3362701945,-7091328.7665900085,7091328.7665900085,0,2,1,1
340,2023,Kraken,Jets,1,1,530531.9024517689,1142273.4374999998,-611741.5350482309,611741.5350482309,0,1,1,0
341,2023,Predators,Lightning,1,6,-2590226.720630395,6193164.423895732,-8783391.144526128,8783391.144526128,0,1,5,1
342,2023,Red Wings,Wild,1,1,2255701.017008499,1142273.4374999998,1113427.579508499,1113427.579508499,0,1,1,0
343,2023,Canucks,Rangers,1,1,2154084.979227225,1142273.4374999998,1011811.5417272251,1011811.5417272251,0,1,1,0
344,2023,Flyers,Oilers,1,1,2238494.273813172,1142273.4374999998,1096220.836313172,1096220.836313172,0,1,1,0
345,2023,Predators,Maple Leafs,1,1,1142273.4374999998,1142273.4374999998,0.0,0.0,1,0,1,0
346,2023,Kraken,Avalanche,1,1,-4980355.238645414,1142273.4374999998,-6122628.676145414,6122628.676145414,0,1,1,0
347,2023,Canadiens,Golden Knights,1,1,1142273.4374999998,1142273.4374999998,0.0,0.0,1,0,1,0
348,2023,Sharks,Blue Jackets,1,1,988372.0930232557,988372.0930232557,0.0,0.0,1,0,1,0
349,2023,Hurricanes,Canucks,2,1,1457867.89904142,988372.0930232557,469495.8060181644,469495.8060181644,0,2,1,0
350,2023,Canadiens,Flames,1,4,-823257.186329237,5645038.759689922,-6468295.94601916,6468295.94601916,0,1,3,1
351,2023,Predators,Lightning,1,5,-2590226.720630395,6193164.423895732,-8783391.144526128,8783391.144526128,0,1,5,0
352,2023,Jets,Rangers,2,2,-4403133.453609071,3304906.2641775347,-7708039.7177866055,7708039.7177866055,1,1,1,1
353,2023,Rangers,Oilers,0,1,0.0,988372.0930232557,-988372.0930232557,988372.0930232557,0,0,1,0
354,2023,Wild,Unknown,0,1,0.0,988372.0930232557,-988372.0930232557,988372.0930232557,0,0,1,0
355,2023,Coyotes,Golden Knights,1,2,-93331.54177220968,988372.0930232557,-1081703.6347954653,1081703.6347954653,0,1,1,1
356,2023,Coyotes,Blue Jackets,0,2,0.0,664605.9207996923,-664605.9207996923,664605.9207996923,0,0,1,1
357,2023,Hurricanes,Blackhawks,1,1,664605.9207996923,664605.9207996923,0.0,0.0,1,0,1,0
358,2023,Devils,Sharks,0,1,0.0,664605.9207996923,-664605.9207996923,664605.9207996923,0,0,1,0
359,2023,Blackhawks,Flyers,1,2,1546195.2164316922,2009123.5003055115,-462928.2838738193,462928.2838738193,1,0,2,0
360,2023,Kraken,Capitals,1,3,6422756.30544499,5436071.866584424,986684.4388605664,986684.4388605664,0,1,2,1
361,2023,Flyers,Senators,1,1,-153312.86559924122,664605.9207996923,-817918.7863989335,817918.7863989335,0,1,1,0
362,2023,Rangers,Jets,2,2,3304906.2641775347,-4403133.453609071,7708039.7177866055,7708039.7177866055,1,1,1,1
363,2023,Lightning,Ducks,1,0,0.0,0.0,0.0,0.0,0,1,0,0
364,2023,Panthers,Coyotes,2,1,5050553.69081264,664605.9207996923,4385947.770012948,4385947.770012948,1,1,1,0
365,2023,Coyotes,Canucks,2,6,3374822.888671527,4539134.470564718,-1164311.5818931912,1164311.5818931912,0,2,3,3
366,2023,Sharks,Unknown,2,1,1582474.9057493985,664605.9207996923,917868.9849497062,917868.9849497062,1,1,1,0
367,2023,Senators,Predators,1,1,-1474633.2574117621,664605.9207996923,-2139239.1782114543,2139239.1782114543,0,1,1,0
368,2023,Bruins,Kings,1,1,664605.9207996923,664605.9207996923,0.0,0.0,1,0,1,0
369,2023,Senators,Rangers,1,1,2154084.979227225,1546195.2164316922,607889.7627955326,607889.7627955326,0,1,1,0
370,2023,Penguins,Maple Leafs,1,2,1644248.6127239494,664605.9207996923,979642.6919242571,979642.6919242571,0,1,1,1
371,2023,Predators,Devils,1,1,577918.1919997325,664605.9207996923,-86687.72879995976,86687.72879995976,1,0,1,0
372,2023,Penguins,Panthers,1,1,664605.9207996923,664605.9207996923,0.0,0.0,1,0,1,0
373,2023,Blue Jackets,Golden Knights,1,1,577918.1919997325,664605.9207996923,-86687.72879995976,86687.72879995976,1,0,1,0
374,2024,Sharks,Sabres,2,1,3874528.5497650257,2328333.3333333335,1546195.2164316922,1546195.2164316922,2,0,1,0
375,2024,Wild,Flyers,2,1,3160895.7755164974,2328333.3333333335,832562.442183164,832562.442183164,2,0,1,0
376,2024,Flyers,Wild,1,2,2328333.3333333335,3160895.7755164974,-832562.442183164,832562.442183164,1,0,2,0
377,2024,Sharks,Unknown,2,3,-7457124.820020809,2352822.926794754,-9809947.746815562,9809947.746815562,1,1,1,2
378,2024,Blackhawks,Islanders,3,2,5420723.766196718,3874528.5497650257,1546195.2164316927,1546195.2164316927,3,0,2,0
379,2024,Blackhawks,Lightning,3,2,948200.1433083995,2688242.6910413345,-1740042.547732935,1740042.547732935,2,1,0,2
380,2024,Canadiens,Kings,3,1,4539134.470564718,2328333.3333333335,2210801.137231385,2210801.137231385,3,0,1,0
381,2024,Ducks,Maple Leafs,2,1,3874528.5497650257,2328333.3333333335,1546195.2164316922,1546195.2164316922,2,0,1,0
382,2024,Utah,Avalanche,3,1,3848159.60444815,2328333.3333333335,1519826.2711148164,1519826.2711148164,3,0,1,0
383,2024,Red Wings,Bruins,1,2,3611641.840864476,3321614.5833333335,290027.2575311423,290027.2575311423,0,1,2,0
384,2024,Canadiens,Jets,1,2,576235.6515819243,2957870.1516192798,-2381634.5000373553,2381634.5000373553,0,1,2,0
385,2024,Blackhawks,Hurricanes,2,1,3092390.4328633845,2328333.3333333335,764057.099530051,764057.099530051,2,0,1,0
386,2024,Flames,Canucks,1,3,-250633.9749869262,116926.81419120776,-367560.78917813394,367560.78917813394,0,1,1,2
387,2024,Ducks,Unknown,3,1,513186.803191503,2328333.3333333335,-1815146.5301418304,1815146.5301418304,1,2,1,0
388,2024,Flyers,Panthers,4,2,2019693.6682074575,-1646781.5785902143,3666475.2467976715,3666475.2467976715,1,3,1,1
389,2024,Hurricanes,Blackhawks,1,2,2328333.3333333335,3092390.4328633845,-764057.099530051,764057.099530051,1,0,2,0
390,2024,Coyotes,Canadiens,1,2,-1987177.4868322173,3874528.5497650257,-5861706.036597243,5861706.036597243,0,1,2,0
391,2024,Avalanche,Utan,1,3,2328333.3333333335,3848159.60444815,-1519826.2711148164,1519826.2711148164,1,0,3,0
392,2024,Sharks,Devils,4,5,-4146187.7708079387,1787256.1840782762,-5933443.954886215,5933443.954886215,1,3,2,3
393,2024,Capitals,Sabres,1,1,-262350.09663854033,1546195.2164316922,-1808545.3130702325,1808545.3130702325,0,1,1,0
394,2024,Hurricanes,Flyers,2,3,8816737.93027748,3645915.46244233,5170822.46783515,5170822.46783515,1,1,3,0
395,2024,Senators,Capitals,1,1,6022916.648736294,1546195.2164316922,4476721.432304602,4476721.432304602,0,1,1,0
396,2024,Blackhawks,Islanders,3,2,5420723.766196718,3874528.5497650257,1546195.2164316927,1546195.2164316927,3,0,2,0
397,2024,Capitals,Golden Knights,1,2,-156516.26828789304,2409918.042518649,-2566434.3108065417,2566434.3108065417,0,1,2,0
398,2024,Predators,Lightning,1,6,-2953267.4284655196,6658925.236625006,-9612192.665090526,9612192.665090526,0,1,5,1
399,2024,Flyers,Unknown,2,5,-1853367.941439439,7667518.787452487,-9520886.728891926,9520886.728891926,0,2,3,2
400,2024,Blues,Unknown,1,4,4793899.942177621,6253770.3227451015,-1459870.3805674808,1459870.3805674808,0,1,3,1
401,2024,Canadiens,Avalanche,1,2,1747265.9146626387,2913026.700491824,-1165760.7858291855,1165760.7858291855,0,1,1,1
402,2024,Ducks,Bruins,1,5,-1044208.0373907462,9784629.830243913,-10828837.86763466,10828837.86763466,0,1,3,2
403,2024,Predators,Jets,1,1,945736.2655414029,1546195.2164316922,-600458.9508902894,600458.9508902894,0,1,1,0
404,2024,Blue Jackets,Hurricanes,2,1,1945818.901533894,1546195.2164316922,399623.68510220177,399623.68510220177,2,0,1,0
405,2024,Blackhawks,Canucks,1,2,760317.0955916025,642091.4153991558,118225.68019244669,118225.68019244669,0,1,1,1
406,2024,Flames,Unknown,0,2,0.0,2270162.5574605307,-2270162.5574605307,2270162.5574605307,0,0,2,0
407,2024,Kraken,Rangers,1,2,3833126.7905419692,2539476.4664316922,1293650.324110277,1293650.324110277,0,1,2,0
408,2024,Coyotes,Panthers,1,2,664605.9207996923,4496890.508128783,-3832284.5873290906,3832284.5873290906,1,0,1,1
409,2024,Ducks,Henry Thrun to Sharks,0,1,0.0,957446.8085106383,-957446.8085106383,957446.8085106383,0,0,1,0
410,2024,Hurricanes,Blue Jackets,1,2,1546195.2164316922,1945818.901533894,-399623.68510220177,399623.68510220177,1,0,2,0
411,2024,Avalanche,Utan,1,3,2328333.3333333335,3848159.60444815,-1519826.2711148164,1519826.2711148164,1,0,3,0
412,2024,Blackhawks,Senators,1,3,-1853002.7556228156,4831975.358275664,-6684978.113898479,6684978.113898479,0,1,3,0
413,2024,Capitals,Devils,2,1,1945818.901533894,957446.8085106383,988372.0930232557,988372.0930232557,2,0,1,0
414,2024,Avalanche,Sabres,1,2,957446.8085106383,1945818.901533894,-988372.0930232557,988372.0930232557,1,0,2,0
415,2024,Predators,Flyers,1,2,1546195.2164316922,1790009.2506938023,-243814.03426211,243814.03426211,1,0,2,0
416,2024,Capitals,Wild,1,1,5018253.63245165,957446.8085106383,4060806.8239410114,4060806.8239410114,0,1,1,0
417,2024,Ducks,Penguins,1,2,3734224.227325852,-874540.6456329075,4608764.87295876,4608764.87295876,0,1,1,1
418,2024,Devils,Capitals,1,2,957446.8085106383,1945818.901533894,-988372.0930232557,988372.0930232557,1,0,2,0
419,2024,Maple Leafs,Islanders,1,1,-1045115.633643496,957446.8085106383,-2002562.4421541342,2002562.4421541342,0,1,1,0
420,2024,Penguins,Golden Knights,1,1,3965685.0713239824,957446.8085106383,3008238.262813344,3008238.262813344,0,1,1,0
421,2024,Sharks,Lightning,2,2,750017.4323864277,957446.8085106383,-207429.37612421066,207429.37612421066,1,1,1,1
422,2024,Blue Jackets,Kings,1,1,-928001.6824911293,957446.8085106383,-1885448.4910017676,1885448.4910017676,0,1,1,0
423,2024,Kraken,Maple Leafs,2,3,2619818.09594225,4049837.241374023,-1430019.1454317728,1430019.1454317728,0,2,3,0
424,2024,Coyotes,Avalanche,0,3,0.0,6164981.376672933,-6164981.376672933,6164981.376672933,0,0,2,1
425,2024,Capitals,Unknown,1,4,-4950456.241031004,5981448.036520893,-10931904.277551897,10931904.277551897,0,1,3,1
426,2024,Devils,Jets,1,2,-924564.9915172865,2301964.3880164577,-3226529.3795337444,3226529.3795337444,0,1,2,0
427,2024,Blackhawks,Hurricanes,1,1,832562.4421831638,957446.8085106383,-124884.36632747448,124884.36632747448,1,0,1,0
428,2024,Predators,Stars,1,2,957446.8085106383,1622052.7293103305,-664605.9207996922,664605.9207996922,1,0,2,0
429,2024,Blues,Rangers,2,3,3312694.8534090063,2328333.3333333335,984361.5200756728,984361.5200756728,0,2,1,2
430,2024,Coyotes,Oilers,1,4,2328333.3333333335,4630297.721349791,-2301964.388016457,2301964.388016457,1,0,3,1
431,2024,Coyotes,Sharks,1,1,2373011.938625713,1142273.4374999998,1230738.501125713,1230738.501125713,0,1,1,0
432,2024,Lightning,Blackhawks,2,3,2688242.6910413345,948200.1433083995,1740042.547732935,1740042.547732935,0,2,2,1
433,2024,Canucks,Devils,1,1,2350964.468916252,1142273.4374999998,1208691.031416252,1208691.031416252,0,1,1,0
434,2024,Sabres,Flyers,1,1,-442358.69617467455,1142273.4374999998,-1584632.1336746742,1584632.1336746742,0,1,1,0
435,2024,Bruins,Wild,2,2,164272.59976931103,3731623.351476487,-3567350.7517071757,3567350.7517071757,1,1,1,1
436,2024,Senators,Red Wings,1,4,-1853002.7556228156,3389836.556887377,-5242839.312510192,5242839.312510192,0,1,2,2
437,2024,Sharks,Golden Knights,0,1,0.0,1142273.4374999998,-1142273.4374999998,1142273.4374999998,0,0,1,0
438,2024,Senators,Lightning,1,2,1205223.1758955044,-207536.0813791256,1412759.25727463,1412759.25727463,0,1,1,1
439,2024,Lightning,Kings,1,2,-2953267.4284655196,2486791.017005819,-5440058.445471339,5440058.445471339,0,1,2,0
440,2024,Rangers,Unknown,2,1,1644810.9957606369,1142273.4374999998,502537.5582606371,502537.5582606371,2,0,1,0
441,2024,Wild,Bruins,2,2,3731623.351476487,164272.59976931103,3567350.7517071757,3567350.7517071757,1,1,1,1
442,2024,Sabres,Jets,1,2,1142273.4374999998,1806879.3582996922,-664605.9207996924,664605.9207996924,1,0,2,0
443,2024,Red Wings,Stars,1,1,1934934.0769429023,1142273.4374999998,792660.6394429025,792660.6394429025,0,1,1,0
444,2024,Predators,Rangers,1,2,1142273.4374999998,1644810.9957606369,-502537.5582606371,502537.5582606371,1,0,2,0
445,2024,Predators,Oilers,2,4,-2632363.45755452,6298239.005072897,-8930602.462627418,8930602.462627418,1,1,2,2
446,2024,Canadiens,Unknown,0,1,0.0,988372.0930232557,-988372.0930232557,988372.0930232557,0,0,1,0
447,2024,Canucks,Blackhawks,1,1,3102624.7246262818,988372.0930232557,2114252.631603026,2114252.631603026,0,1,1,0
448,2024,Avalanche,Ducks,1,1,901734.0705405178,988372.0930232557,-86638.0224827379,86638.0224827379,0,1,1,0
449,2024,Hurricanes,Blue Jackets,1,2,1546195.2164316922,1945818.901533894,-399623.68510220177,399623.68510220177,1,0,2,0
450,2024,Avalanche,Kraken,1,1,559509.5464429162,988372.0930232557,-428862.54658033955,428862.54658033955,0,1,1,0
451,2024,Blackhawks,Flames,1,1,-549326.1448541973,988372.0930232557,-1537698.237877453,1537698.237877453,0,1,1,0
452,2024,Wild,Sabres,1,2,-2584225.5018805405,2534567.3094549477,-5118792.811335488,5118792.811335488,0,1,2,0
453,2024,Panthers,Flyers,2,3,-1646781.5785902143,988372.0930232557,-2635153.6716134697,2635153.6716134697,1,1,1,2
454,2024,Sharks,Unknown,2,1,2088364.2325022728,664605.9207996923,1423758.3117025807,1423758.3117025807,1,1,1,0
455,2024,Devils,Capitals,1,2,957446.8085106383,1945818.901533894,-988372.0930232557,988372.0930232557,1,0,2,0
456,2024,Flyers,Unknown,0,1,0.0,988372.0930232557,-988372.0930232557,988372.0930232557,0,0,1,0
457,2024,Flyers,Kings,1,2,-411382.3234902206,1019207.3702421958,-1430589.6937324163,1430589.6937324163,0,1,1,1
458,2024,Blackhawks,Predators,1,1,3102624.7246262818,988372.0930232557,2114252.631603026,2114252.631603026,0,1,1,0
459,2024,Sharks,Avalanche,1,1,418056.7649507595,988372.0930232557,-570315.3280724962,570315.3280724962,0,1,1,0
460,2024,Maple Leafs,Canucks,1,1,-481296.186843666,988372.0930232557,-1469668.2798669217,1469668.2798669217,0,1,1,0
461,2024,Sabres,Panthers,1,0,0.0,0.0,0.0,0.0,0,1,0,0
462,2024,Canucks,Sharks,1,2,1032335.1865287275,664605.9207996923,367729.26572903525,367729.26572903525,0,1,1,1
463,2024,Kings,Ducks,2,1,1329211.8415993846,664605.9207996923,664605.9207996923,664605.9207996923,2,0,1,0
464,2024,Hurricanes,Senators,0,1,0.0,664605.9207996923,-664605.9207996923,664605.9207996923,0,0,1,0
465,2024,Panthers,Kraken,1,2,988372.0930232557,1329211.8415993846,-340839.74857612886,340839.74857612886,1,0,2,0
466,2024,Flyers,Blues,1,1,-6540497.548047565,664605.9207996923,-7205103.468847257,7205103.468847257,0,1,1,0
467,2024,Ducks,Kings,1,2,664605.9207996923,1329211.8415993846,-664605.9207996923,664605.9207996923,1,0,2,0
468,2024,Oilers,Predators,4,2,6298239.005072897,-2632363.45755452,8930602.462627418,8930602.462627418,2,2,1,1
469,2024,Hurricanes,Unknown,0,1,0.0,664605.9207996923,-664605.9207996923,664605.9207996923,0,0,1,0
470,2024,Predators,Stars,1,2,957446.8085106383,1622052.7293103305,-664605.9207996922,664605.9207996922,1,0,2,0
471,2024,Lightning,Blackhawks,1,1,5382323.723145932,664605.9207996923,4717717.80234624,4717717.80234624,0,1,1,0
472,2024,Oilers,Unknown,1,3,2328333.3333333335,513186.803191503,1815146.5301418304,1815146.5301418304,1,0,1,2
473,2024,Golden Knights,Blue Jackets,1,1,664605.9207996923,664605.9207996923,0.0,0.0,1,0,1,0
474,2024,Kings,Canadiens,1,3,2328333.3333333335,4539134.470564718,-2210801.137231385,2210801.137231385,1,0,3,0
475,2024,Lightning,Utah,1,4,-4104321.9763878165,2009123.5003055115,-6113445.4766933285,6113445.4766933285,0,1,2,2
476,2024,Maple Leafs,Senators,0,3,0.0,1622052.7293103305,-1622052.7293103305,1622052.7293103305,0,0,2,1
477,2024,Panthers,Kraken,1,2,988372.0930232557,1329211.8415993846,-340839.74857612886,340839.74857612886,1,0,2,0
478,2024,Kraken,Flames,1,3,-240690.12045503885,3168247.9457420227,-3408938.0661970614,3408938.0661970614,0,1,3,0
479,2024,Sharks,Devils,4,5,-4146187.7708079387,1787256.1840782762,-5933443.954886215,5933443.954886215,1,3,2,3
480,2024,Lightning,Wild,1,1,787322.7059921263,664605.9207996923,122716.78519243398,122716.78519243398,0,1,1,0
481,2024,Canadiens,Capitals,1,2,-1581843.4867133424,1622052.7293103305,-3203896.216023673,3203896.216023673,0,1,2,0
482,2024,Blues,Islanders,1,1,497226.92884488584,664605.9207996923,-167378.99195480644,167378.99195480644,0,1,1,0
483,2024,Capitals,Golden Knights,1,1,577918.1919997325,664605.9207996923,-86687.72879995976,86687.72879995976,1,0,1,0
484,2024,Predators,Lightning,2,2,-3290488.153285701,2009123.5003055115,-5299611.653591212,5299611.653591212,1,1,2,0
485,2024,Ducks,Kings,1,2,664605.9207996923,1329211.8415993846,-664605.9207996923,664605.9207996923,1,0,2,0
486,2024,Devils,Predators,1,1,664605.9207996923,664605.9207996923,0.0,0.0,1,0,1,0
487,2024,Coyotes,Michael Callahan to Bruins,0,1,0.0,664605.9207996923,-664605.9207996923,664605.9207996923,0,0,1,0
488,2024,Sabres,Jets,1,2,1142273.4374999998,1806879.3582996922,-664605.9207996924,664605.9207996924,1,0,2,0
489,2024,Penguins,Rangers,1,2,957446.8085106383,1622052.7293103305,-664605.9207996922,664605.9207996922,1,0,2,0
490,2024,Canadiens,Oilers,1,1,2080331.3319528052,664605.9207996923,1415725.411153113,1415725.411153113,0,1,1,0
491,2024,Maple Leafs,Panthers,1,2,1546195.2164316922,2009123.5003055115,-462928.2838738193,462928.2838738193,1,0,2,0
492,2025,Canucks,Rangers,2,1,3100832.529014959,2492115.536983501,608716.9920314578,608716.9920314578,0,2,0,1
493,2025,Canadiens,Unknown,0,7,0.0,14569285.077645203,-14569285.077645203,14569285.077645203,0,0,6,1
494,2025,Islanders,Canadiens,1,3,753203.5414471538,4656666.666666667,-3903463.125219513,3903463.125219513,0,1,2,1
495,2025,Flames,Devils,0,1,0.0,1472579.8632788071,-1472579.8632788071,1472579.8632788071,0,0,0,1
496,2025,Blue Jackets,Wild,2,4,-1520386.7200475528,2994989.413492572,-4515376.133540125,4515376.133540125,1,1,3,1
497,2025,Predators,Senators,2,1,3285780.141843972,2328333.3333333335,957446.8085106383,957446.8085106383,2,0,1,0
498,2025,Flyers,Unknown,2,2,1627628.2763985926,2328333.3333333335,-700705.0569347409,700705.0569347409,1,1,1,1
499,2025,Predators,Lightning,1,6,-1476456.3445246937,6962620.8887989195,-8439077.233323613,8439077.233323613,0,1,5,1
500,2025,Penguins,Kings,2,1,3874528.5497650257,2328333.3333333335,1546195.2164316922,1546195.2164316922,2,0,1,0
501,2025,Blackhawks,Maple Leafs,3,3,176006.97282967344,5629388.041055277,-5453381.068225604,5453381.068225604,1,2,2,1
502,2025,Sharks,Unknown,3,1,682662.3041826182,2328333.3333333335,-1645671.0291507153,1645671.0291507153,2,1,1,0
503,2025,Blackhawks,Unknown,3,1,3839741.73193579,2328333.3333333335,1511408.3986024563,1511408.3986024563,3,0,1,0
504,2025,Sharks,Stars,2,1,2155037.3517389833,2328333.3333333335,-173295.9815943502,173295.9815943502,0,2,1,0
505,2025,Flyers,Oilers,1,0,2328333.3333333335,0.0,2328333.3333333335,2328333.3333333335,1,0,0,0
506,2025,Flames,Panthers,1,3,6995399.81103047,-3503824.5193980606,10499224.33042853,10499224.33042853,0,1,0,3
507,2025,Hurricanes,Blackhawks,1,3,2328333.3333333335,3839741.73193579,-1511408.3986024563,1511408.3986024563,1,0,3,0
508,2025,Kraken,Flyers,2,2,3092390.4328633845,2503642.0249423306,588748.4079210539,588748.4079210539,2,0,2,0
509,2025,Capitals,Unknown,1,4,-2392449.492800123,5608834.600086605,-8001284.092886728,8001284.092886728,0,1,3,1
510,2025,Flyers,Kraken,2,2,2503642.0249423306,3092390.4328633845,-588748.4079210539,588748.4079210539,2,0,2,0
511,2025,Penguins,Sabres,1,2,2494968.17929529,1202807.2457523798,1292160.93354291,1292160.93354291,0,1,1,1
512,2025,Flyers,Ducks,1,2,0.0,7487541.195743215,-7487541.195743215,7487541.195743215,0,1,1,1
513,2025,Canadiens,Unknown,1,2,0.0,1546195.2164316922,-1546195.2164316922,1546195.2164316922,0,1,1,1
514,2025,Coyotes,Rangers,1,2,1824208.1525577721,1546195.2164316922,278012.9361260799,278012.9361260799,0,1,1,1
515,2025,Flyers,Unknown,2,5,-1656659.6276869427,6188898.048662044,-7845557.676348987,7845557.676348987,0,2,3,2
516,2025,Flyers,Flames,2,4,7189853.359073256,4882378.320990892,2307475.038082364,2307475.038082364,0,2,2,2
517,2025,Hurricanes,Canadiens,2,2,2210801.1372313844,3092390.4328633845,-881589.2956320001,881589.2956320001,2,0,2,0
518,2025,Penguins,Unknown,0,2,0.0,-1692485.4870705525,1692485.4870705525,1692485.4870705525,0,0,1,1
519,2025,Sharks,Senators,3,3,1573579.3542845487,1967440.4285949734,-393861.07431042474,393861.07431042474,1,2,1,2
520,2025,Capitals,Avalanche,1,1,-226875.14682338294,1546195.2164316922,-1773070.3632550752,1773070.3632550752,0,1,1,0
521,2025,Predators,Lightning,2,2,-1004747.6953729291,2210801.1372313844,-3215548.8326043133,3215548.8326043133,1,1,2,0
522,2025,Lightning,Kings,1,2,-1476456.3445246937,2688468.6539316922,-4164924.998456386,4164924.998456386,0,1,2,0
523,2025,Coyotes,Maple Leafs,2,1,-1849038.2050688672,0.0,-1849038.2050688672,1849038.2050688672,0,2,0,1
524,2025,Predators,Golden Knights,1,2,1546195.2164316922,2688468.6539316922,-1142273.4375,1142273.4375,1,0,2,0
525,2025,Penguins,Capitals,1,1,3168457.1425182577,1546195.2164316922,1622261.9260865655,1622261.9260865655,0,1,1,0
526,2025,Devils,Jets,1,2,-1247008.8397879284,2503642.0249423306,-3750650.864730259,3750650.864730259,0,1,2,0
527,2025,Avalanche,Unknown,0,4,0.0,12928296.03862134,-12928296.03862134,12928296.03862134,0,0,2,2
528,2025,Blackhawks,Stars,1,1,959234.3013091739,1546195.2164316922,-586960.9151225183,586960.9151225183,0,1,1,0
529,2025,Coyotes,Oilers,1,4,2328333.3333333335,4831975.358275664,-2503642.0249423306,2503642.0249423306,1,0,3,1
530,2025,Maple Leafs,Panthers,1,2,1546195.2164316922,2210801.1372313844,-664605.9207996922,664605.9207996922,1,0,2,0
531,2025,Golden Knights,Sharks,1,3,2328333.3333333335,682662.3041826182,1645671.0291507153,1645671.0291507153,1,0,2,1
532,2025,Hurricanes,Blackhawks,1,1,957446.8085106383,957446.8085106383,0.0,0.0,1,0,1,0
533,2025,Senators,Predators,1,3,2328333.3333333335,4243226.95035461,-1914893.6170212761,1914893.6170212761,1,0,3,0
534,2025,Kraken,Kraken,2,2,2503642.0249423306,3092390.4328633845,-588748.4079210539,588748.4079210539,2,0,2,0
535,2025,Canadiens,Bruins,2,1,2099720.246010638,957446.8085106383,1142273.4374999995,1142273.4374999995,2,0,1,0
536,2025,Rangers,Kraken,1,3,3295655.673977717,889845.4347745838,2405810.239203133,2405810.239203133,0,1,2,1
537,2025,Coyotes,Unknown,0,1,0.0,957446.8085106383,-957446.8085106383,957446.8085106383,0,0,1,0
538,2025,Blue Jackets,Unknown,2,1,2135554.6874999995,957446.8085106383,1178107.8789893612,1178107.8789893612,2,0,1,0
539,2025,Avalanche,Blue Jackets,2,3,497191.6258679074,2126592.5298200464,-1629400.903952139,1629400.903952139,0,2,2,1
540,2025,Canadiens,Canucks,0,2,0.0,2035916.6933269044,-2035916.6933269044,2035916.6933269044,0,0,1,1
542,2025,Flyers,Wild,1,2,2328333.3333333335,3285780.141843972,-957446.8085106383,957446.8085106383,1,0,2,0
543,2025,Blues,Unknown,0,2,0.0,326139.32125722617,-326139.32125722617,326139.32125722617,0,0,1,1
544,2025,Predators,Graham Sward to Avalanche,1,1,-1230940.675464475,957446.8085106383,-2188387.4839751134,2188387.4839751134,0,1,1,0
545,2025,Hurricanes,Jake Guentzel to Lightning,0,1,0.0,957446.8085106383,-957446.8085106383,957446.8085106383,0,0,1,0
546,2025,Ducks,Unknown,0,1,0.0,957446.8085106383,-957446.8085106383,957446.8085106383,0,0,1,0
547,2025,Devils,Golden Knights,1,2,109526.74610771015,1804983.3585119266,-1695456.6124042165,1695456.6124042165,0,1,1,1
548,2025,Golden Knights,Capitals,0,2,0.0,1914893.6170212766,-1914893.6170212766,1914893.6170212766,0,0,2,0
549,2025,Capitals,Hurricanes,1,1,0.0,957446.8085106383,-957446.8085106383,957446.8085106383,0,1,1,0
550,2025,Sharks,Oilers,1,2,1824208.1525577721,1697162.9124574065,127045.2401003656,127045.2401003656,0,1,1,1
551,2025,Senators,Panthers,1,1,209294.81003061216,957446.8085106383,-748151.9984800261,748151.9984800261,0,1,1,0
552,2025,Senators,Sharks,3,3,1967440.4285949734,1573579.3542845487,393861.07431042474,393861.07431042474,1,2,1,2
553,2025,Devils,Predators,1,1,1313245.570229263,1142273.4374999998,170972.13272926328,170972.13272926328,0,1,1,0
554,2025,Maple Leafs,Unknown,2,3,1760554.505356018,2221898.4712454397,-461343.96588942176,461343.96588942176,1,1,2,1
555,2025,Red Wings,Bruins,1,2,2025682.1680899775,3470606.770833333,-1444924.6027433556,1444924.6027433556,0,1,2,0
556,2025,Wild,Kraken,1,1,-444562.97018285375,1142273.4374999998,-1586836.4076828535,1586836.4076828535,0,1,1,0
557,2025,Rangers,Ducks,1,2,-2259817.046531277,3124403.3441379727,-5384220.390669249,5384220.390669249,0,1,1,1
558,2025,Blackhawks,Unknown,1,2,2825045.839872229,1142273.4374999998,1682772.4023722291,1682772.4023722291,0,1,1,1
559,2025,Canadiens,Red Wings,1,2,0.0,1947220.9380244496,-1947220.9380244496,1947220.9380244496,0,1,1,1
560,2025,Red Wings,Blue Jackets,1,2,957446.8085106383,2135554.6874999995,-1178107.8789893612,1178107.8789893612,1,0,2,0
561,2025,Avalanche,Canucks,1,2,3100832.529014959,1886558.875618466,1214273.653396493,1214273.653396493,0,1,1,1
562,2025,Panthers,Flames,3,1,-3503824.5193980606,6995399.81103047,-10499224.33042853,10499224.33042853,0,3,0,1
563,2025,Blue Jackets,Blues,1,1,1925885.495458221,1142273.4374999998,783612.0579582213,783612.0579582213,0,1,1,0
564,2025,Ducks,Wild,1,3,3502333.875477543,3547329.5877238708,-44995.71224632766,44995.71224632766,0,1,1,2
565,2025,Oilers,Senators,1,2,0.0,1142273.4374999998,-1142273.4374999998,1142273.4374999998,0,1,1,1
566,2025,Red Wings,Unknown,0,1,0.0,1142273.4374999998,-1142273.4374999998,1142273.4374999998,0,0,1,0
567,2025,Wild,Unknown,0,1,0.0,1142273.4374999998,-1142273.4374999998,1142273.4374999998,0,0,1,0
568,2025,Predators,Golden Knights,1,2,1546195.2164316922,2688468.6539316922,-1142273.4375,1142273.4375,1,0,2,0
569,2025,Wild,Capitals,2,2,2280083.436576738,1142273.4374999998,1137809.9990767383,1137809.9990767383,1,1,1,1
570,2025,Sharks,Jets,1,1,563985.648251567,1142273.4374999998,-578287.7892484327,578287.7892484327,0,1,1,0
571,2025,Kings,Hurricanes,1,2,957446.8085106383,1974835.8796831635,-1017389.0711725252,1017389.0711725252,1,0,2,0
572,2025,Rangers,Stars,1,0,3850455.7397466707,0.0,3850455.7397466707,3850455.7397466707,0,1,0,0
574,2025,Panthers,Sharks,1,2,-83425.52261197846,1551815.7763739808,-1635241.2989859593,1635241.2989859593,0,1,1,1
575,2025,Maple Leafs,Unknown,3,3,5629388.041055277,176006.97282967344,5453381.068225604,5453381.068225604,2,1,1,2
576,2025,Oilers,Unknown,1,1,859453.9939332659,988372.0930232557,-128918.09908998979,128918.09908998979,1,0,1,0
577,2025,Maple Leafs,Penguins,2,1,4932608.863578731,988372.0930232557,3944236.7705554757,3944236.7705554757,0,2,1,0
578,2025,Wild,Unknown,4,2,2994989.413492572,-1520386.7200475528,4515376.133540125,4515376.133540125,3,1,1,1
579,2025,Stars,Devils,1,1,3049029.8405636023,988372.0930232557,2060657.7475403466,2060657.7475403466,0,1,1,0
580,2025,Rangers,Wild,1,1,-976608.5590254114,988372.0930232557,-1964980.652048667,1964980.652048667,0,1,1,0
581,2025,Sharks,Unknown,2,3,1192701.805336724,2332889.6725290753,-1140187.8671923513,1140187.8671923513,1,1,2,1
582,2025,Penguins,Golden Knights,1,2,957446.8085106383,1945818.901533894,-988372.0930232557,988372.0930232557,1,0,2,0
583,2025,Flyers,Hurricanes,1,1,873715.5028697732,988372.0930232557,-114656.59015348251,114656.59015348251,0,1,1,0
584,2025,Ducks,Unknown,3,1,641572.2691213976,2328333.3333333335,-1686761.0642119357,1686761.0642119357,1,2,1,0
585,2025,Blue Jackets,Panthers,1,1,0.0,988372.0930232557,-988372.0930232557,988372.0930232557,0,1,1,0
586,2025,Devils,Sharks,1,2,957446.8085106383,1622052.7293103305,-664605.9207996922,664605.9207996922,1,0,2,0
587,2025,Rangers,Kraken,1,3,3295655.673977717,889845.4347745838,2405810.239203133,2405810.239203133,0,1,2,1
588,2025,Capitals,Wild,2,2,1142273.4374999998,2280083.436576738,-1137809.9990767383,1137809.9990767383,1,1,1,1
589,2025,Predators,Avalanche,0,1,0.0,664605.9207996923,-664605.9207996923,664605.9207996923,0,0,1,0
590,2025,Hurricanes,Lightning,0,1,0.0,664605.9207996923,-664605.9207996923,664605.9207996923,0,0,1,0
591,2025,Golden Knights,Capitals,1,1,664605.9207996923,664605.9207996923,0.0,0.0,1,0,1,0
592,2025,Canadiens,Hurricanes,2,2,3092390.4328633845,2210801.1372313844,881589.2956320001,881589.2956320001,2,0,2,0
593,2025,Lightning,Sharks,2,2,957446.8085106383,581180.3981877138,376266.4103229245,376266.4103229245,1,1,1,1
594,2025,Sabres,Predators,1,1,889199.0438753343,664605.9207996923,224593.12307564204,224593.12307564204,0,1,1,0
595,2025,Kings,Unknown,1,2,723967.3410288382,300439.3238545937,423528.0171742445,423528.0171742445,1,0,1,1
596,2025,Blackhawks,Bruins,1,1,278308.8308065968,664605.9207996923,-386297.0899930955,386297.0899930955,0,1,1,0
597,2025,Blue Jackets,Kraken,2,1,1329211.8415993846,664605.9207996923,664605.9207996923,664605.9207996923,2,0,1,0
598,2025,Kraken,Blue Jackets,1,2,664605.9207996923,1329211.8415993846,-664605.9207996923,664605.9207996923,1,0,2,0
599,2025,Lightning,Unknown,1,2,747351.2990724052,3771370.480503114,-3024019.1814307086,3024019.1814307086,1,0,1,1
600,2025,Sharks,Devils,0,1,0.0,664605.9207996923,-664605.9207996923,664605.9207996923,0,0,1,0
601,2025,Red Wings,Blues,1,1,1448840.5370606785,664605.9207996923,784234.6162609862,784234.6162609862,0,1,1,0
602,2025,Lightning,Wild,1,1,1520393.4254886499,664605.9207996923,855787.5046889576,855787.5046889576,0,1,1,0
603,2025,Blue Jackets,Golden Knights,0,1,0.0,664605.9207996923,-664605.9207996923,664605.9207996923,0,0,1,0
604,2025,Sharks,Capitals,1,1,664605.9207996923,664605.9207996923,0.0,0.0,1,0,1,0
